latitude,longitude
1.296891924445966,103.80678830046212
1.431358507677341,103.84052085270089
1.3231742248433374,103.85970344292649
1.357110884707442,103.75221899413927
1.2906613513377685,103.83260485330702
1.369743910811363,103.89344674713179
1.3576733478321097,103.87210591603461
1.3619427468031478,103.84300355115323
1.3792784860277523,103.75849900818741
1.377943867207248,103.93867450379253
1.3179274651314352,103.87893581824741
1.3786362206128209,103.88587112997425
1.282973326816793,103.83271013550353
1.356372658218875,103.93108581655808
1.3553794522123808,103.95317243009804
1.3369899694941156,103.85037028291443
1.4244133227126492,103.83395434126246
1.3969422223950183,103.90133194567564
1.3403337545231484,103.7409322225316
1.3631292862320228,103.95353844635595
1.3989934164048936,103.91010421961023
1.310448828004545,103.88786246140624
1.2886982633964312,103.82883144314378
1.3572458106451326,103.84268599195086
1.431016149735197,103.83242382909344
1.431129329855437,103.79143684001714
1.3291277435211837,103.93300989157376
1.3230282523016876,103.91139151420627
1.3614592870224336,103.7507435380555
1.373405823736615,103.96279770688272
1.3590416608932119,103.74991015694798
1.319969991630351,103.88442930957427
1.3661545152396564,103.94072190801889
1.3123385303490283,103.78839527699937
1.3915072724562814,103.74156225228153
1.4550367333938876,103.8168207795598
1.3640763120502102,103.89302994451228
1.432719410212418,103.79476138296793
1.440494950019758,103.80374911065627
1.435803959409494,103.83911344358724
1.390690689690362,103.745665687365
1.3887135940291704,103.89856715133358
1.3641016303790248,103.8474928252497
1.3736464927141174,103.89618483066802
1.4410865577241176,103.77778078591561
1.3414982052341846,103.95688853850363
1.2887145064384666,103.8104650546258
1.3488702804165262,103.8492840354696
1.3746086082809759,103.96167875746505
1.4172449229201107,103.91332003755238
1.4183795434598203,103.8377647365048
1.3080328103832852,103.88331769476991
1.3724388327731087,103.88764663463024
1.3415508323785161,103.68971717636312
1.3618988291468193,103.93866265286623
1.4295857918421488,103.7728039077159
1.3470055955804405,103.74614960083673
1.3812652156995147,103.76729837167586
1.3241773355068762,103.92347042008498
1.391579105872923,103.87989156658034
1.3509882780273028,103.93674772896085
1.3987211580070755,103.74349505717018
1.3561898739017242,103.96156875917278
1.4474383733407006,103.83385775800991
1.3261988699193386,103.84373151340213
1.3172668669957643,103.80678087232452
1.3153300794920544,103.8602532671905
1.3954243365681684,103.74806839818531
1.3429025388817624,103.70633559914414
1.4286894818691467,103.84915017838568
1.3583752056631995,103.88781736709613
1.3571865296732186,103.87308727372685
1.3279980951552557,103.927543132413
1.3891293950961188,103.87606723691351
1.3375470478821727,103.74431036780035
1.3270914045353261,103.89908919878715
1.3727994382841853,103.85777781846238
1.3366632216096586,103.70382687921531
1.3871484499710898,103.91057377331568
1.286807813349943,103.81171311395889
1.4430589748514382,103.7751635530238
1.4373315485389657,103.79709898916474
1.3637853059292442,103.89377937559743
1.3812514169233685,103.93836968777845
1.3463091066704203,103.70066336909751
1.3872491425581235,103.90523451808352
1.3679245179367723,103.94745739416587
1.3771132092310807,103.7537251345312
1.322770267196877,103.88323437690207
1.430190805261668,103.8500544747082
1.431507340122167,103.84663557853176
1.3155628208742065,103.8603007751888
1.3786536511671965,103.84036249491038
1.4458095502365693,103.7981828274968
1.342966203390848,103.71386172313773
1.3761640196055323,103.88500559235793
1.3636872256478743,103.95201213456723
1.414951311976737,103.90089611148365
1.4152054810991113,103.90042522255185
1.342693948587298,103.93547920921499
1.3791352318613948,103.77200733586139
1.2819626617346196,103.82628910421788
1.4304077036595526,103.78170960853387
1.4435849561424192,103.8084083213461
1.3238116983716353,103.88959907107444
1.4315242202355762,103.8343155392427
1.4359056236535066,103.80184503487544
1.336783525313212,103.74296564297151
1.2770789063697272,103.8393714524283
1.3540839714704511,103.86597608675741
1.3933931829342006,103.87628989381128
1.3858540661198235,103.88340723134834
1.3855428710174587,103.88390968805113
1.4192845772294607,103.90459894890982
1.3996510084376512,103.89992767664502
1.3728802668587583,103.7756089335
1.3168969435230833,103.88820608097014
1.365451776325346,103.9634792543269
1.3086008694953293,103.79361159004677
1.3211883743106259,103.93625049483086
1.35642107764476,103.94565990534038
1.2960715778334164,103.81054557567957
1.4288675620716365,103.84520105048176
1.3305516650207103,103.92423438492645
1.3985921086897548,103.74469590929355
1.3398361302418886,103.74164845820486
1.3758532860927692,103.94405118759396
1.3725973098444109,103.85723236526458
1.4007019515767285,103.91333186880159
1.3426214451669274,103.69839664674987
1.4376767778936193,103.8031527200945
1.3985108392776107,103.90786749745277
1.445387321333222,103.77335775818223
1.393357744518259,103.90614398876941
1.3683630809350815,103.94716883711564
1.3688047690382772,103.94726733677517
1.3682171869698343,103.94770942447474
1.3707401103362984,103.94844781959507
1.2790061367889713,103.81756560450917
1.4194144649204197,103.84232359890757
1.4154687507339359,103.83443761068092
1.3788511910480639,103.75720745022414
1.4301094259627605,103.84877529423187
1.415990750244301,103.83501989278724
1.2844563273396115,103.82381212627726
1.4428877800518596,103.80401806363223
1.3577916706618636,103.83167572148918
1.3593431954586073,103.74034689554239
1.394170477493141,103.87139855113512
1.3272665184034178,103.85623300726247
1.3530718015731251,103.93657760000401
1.3818206358140623,103.8413998150469
1.3627264244056436,103.8939539604834
1.330159671614412,103.90095780834054
1.3921948480977226,103.8779665162762
1.425951982825153,103.84842308607217
1.3043423943324641,103.79936144590427
1.36986931767936,103.87946412107169
1.3800282468304215,103.88949799313174
1.3303884265122863,103.85857294577052
1.3363996895233965,103.69703567163981
1.2827865483742016,103.82467107302725
1.4151546008443792,103.83288920270458
1.4322440410412136,103.83408480525787
1.3922786114892605,103.89935877097057
1.3213251079982198,103.76478607834586
1.428344924931025,103.84591939293415
1.3855823317311045,103.75834431873483
1.421537712967464,103.84293525045979
1.4290359026447383,103.83035810206323
1.4333391010466292,103.84255102820767
1.4315010503945347,103.79704540527362
1.3426252477812937,103.856973311209
1.3539556133757973,103.7186615586766
1.3987616879774523,103.91622687914915
1.3781265796773297,103.73600548744577
1.3188935971435767,103.8564683944366
1.3560734738392932,103.8489791243914
1.393162366741749,103.91038726990706
1.3596004650561657,103.89190535116315
1.397592444052701,103.87739202643836
1.3590365075549142,103.82988381579622
1.37979723907183,103.89054247122445
1.3472120670883305,103.94665233022656
1.3397533613065482,103.69667821604872
1.3748389685777707,103.95936289873369
1.4156073514046155,103.84238838130653
1.381427208514355,103.75095597542263
1.3366074504272787,103.8510847942352
1.444093381988874,103.77400068750812
1.3525069385223452,103.74410282742477
1.390182372908201,103.7435871115037
1.4297641471419316,103.83214199122447
1.3459775296832988,103.71795038063216
1.4046816312373565,103.74899786168345
1.349004892434802,103.71345136193405
1.3825036592615452,103.76765300908058
1.3240603067410004,103.85631329128742
1.4383969265280332,103.78039003869453
1.3855168493826113,103.89455889447058
1.3086157152034814,103.7928976457854
1.401224918363875,103.91913333275573
1.3446143402062054,103.7055618450837
1.3832380876468218,103.74655078794416
1.402043820893044,103.91181159368894
1.379882018191537,103.74038194569707
1.2889052134292929,103.80832984921251
1.3805118762460113,103.84103931297028
1.3071753067581007,103.79414827423817
1.3263688560307685,103.86024330379891
1.3483070386558513,103.93068386608178
1.3631462817253501,103.95545221890318
1.3499609846130312,103.94593492406209
1.3154293455890216,103.87057098838639
1.39105439549151,103.8803163937383
1.3552192410915171,103.88935298647348
1.354036557117344,103.94662319466788
1.2857500807127216,103.8303936486451
1.3811237883122764,103.9436461759636
1.4386407010852882,103.79791568301319
1.366267932184107,103.88775647524577
1.38629991907228,103.76228888142599
1.375895734374076,103.74321744104077
1.346084746389758,103.85046604852931
1.332879330137344,103.9127544777945
1.3204908478882376,103.9342249060127
1.4333284326263342,103.82752843136701
1.3665485573945229,103.94262264982854
1.446748529976038,103.83214455560719
1.3476571451003,103.74429726671089
1.326709571563398,103.85758757703354
1.274425346064543,103.83965987961263
1.3525657122451438,103.75445662620898
1.3275014530847957,103.85949966643645
1.3298939903448186,103.9259435683169
1.307529211753281,103.88851736124317
1.3713160983034134,103.95013188145155
1.4289694719444777,103.85132020454698
1.3641651062951528,103.89368045039862
1.3336134601391465,103.85517908237344
1.2826089984688027,103.83290329256332
1.3838089790569006,103.76369082591222
1.2857549888661504,103.83171585439747
1.415151805289559,103.84189101633363
1.4006088778763328,103.9187598143031
1.3364820049689268,103.92016989610481
1.3115769819235716,103.77162157140965
1.3312872579922443,103.9312472652721
1.3456132389149122,103.95984416958142
1.3728583071086111,103.87206192115785
1.4386313897810281,103.80507153975684
1.4072282334616049,103.91035837933464
1.3713426865028975,103.89391192343057
1.4419368939157005,103.80026385327028
1.3879890788002816,103.77078248435808
1.436422029668408,103.78158376382501
1.3883182249065356,103.9075656573319
1.3955622074983516,103.90403994469924
1.2780276566924862,103.82151259566248
1.4311586008521575,103.83060332697663
1.3468033884019626,103.75355602755783
1.3505533723637297,103.8520437345966
1.382219283362479,103.94412533132102
1.3502404214985657,103.75661046274975
1.4291258576193153,103.77338984943718
1.323516048392132,103.92400910208815
1.3528838686376254,103.72494277617777
1.3538890104163834,103.8719606566294
1.3020187575146716,103.90858670757201
1.2984545790827595,103.80419289215357
1.3125574617750677,103.77167590613462
1.3903142168555447,103.8867786115065
1.2947300296244915,103.80871913353442
1.3766792347282664,103.7690679349971
1.345119547001695,103.70390301377846
1.3238244168775453,103.93340270697915
1.3352556287638038,103.69476925210573
1.3664808918058655,103.75319662763015
1.3241780748239216,103.88550693357683
1.3662188186380202,103.9560524277204
1.2868638417917886,103.81602836197656
1.4045067153825297,103.895782732076
1.3515847490855177,103.87360121272278
1.304537926649638,103.9172245335832
1.4000230909615434,103.91102658466706
1.3372512268597698,103.87174286885414
1.3125740654765943,103.76497142110509
1.311589887453459,103.8520409925266
1.3453928336508043,103.95811653343738
1.394390933603738,103.87456461626941
1.3067249410528352,103.85014816193966
1.3788283919241375,103.89041023550163
1.3474979289765654,103.69606814967122
1.395469057194971,103.91571109573525
1.3710708268206984,103.94972124548741
1.3665236898883837,103.83981532746029
1.3232307076432643,103.9120692961714
1.378110918700057,103.75672273729762
1.2980278144962125,103.79709348678217
1.3124417500103587,103.76875634222954
1.3365327788530823,103.93786578912784
1.3436531092057749,103.74803807078864
1.3907527819768657,103.8932945098733
1.3172270756076756,103.86137388445532
1.36315622967912,103.95215852838987
1.3577620194936637,103.95223088883702
1.3467008659025148,103.74859553482068
1.3442680347615898,103.74719921908321
1.285441872429853,103.8325988749093
1.4053232701906593,103.91061144777954
1.3215154435328476,103.86991131589086
1.3400519947303977,103.70328981210452
1.3608689578459239,103.93535524554711
1.4205223064482186,103.8318929994175
1.361888721762353,103.74555633509408
1.3820327482926185,103.94446574483989
1.3817641562695933,103.94413186810796
1.3684374970904372,103.94990559913283
1.2827472775855482,103.82562275784194
1.4195225595956629,103.91063771995944
1.3640343152955887,103.95314271468771
1.3985102867712533,103.88822883637907
1.3399476029874595,103.77390017076142
1.4508135490387295,103.82368112913994
1.3838714141099595,103.88003899821842
1.3925951287614518,103.89697617740403
1.3307982639227782,103.84221880228884
1.3134709424995008,103.76547714176148
1.4083148799920604,103.89691887320267
1.38964459143204,103.76388685648955
1.3453928347681061,103.70483398071892
1.3442739498935286,103.95350515155148
1.3087706223711726,103.85268276981218
1.3072794778851569,103.7989225685523
1.353619776194068,103.7044097593829
1.3364158552674223,103.8589376394385
1.3915756918470699,103.8845350416191
1.3221494773647202,103.77055871663856
1.375869605205912,103.87784578723013
1.3814126859503952,103.94429736403002
1.3305034177276198,103.84494692988949
1.286745870954359,103.81937274788702
1.3409821526489547,103.7423303505182
1.3361423813575606,103.93491577547216
1.396386936158899,103.91453792407002
1.3336207048040372,103.94131733625558
1.3383714560176627,103.73710874170413
1.4417844338510426,103.79719103772499
1.4108858222593803,103.90046855406447
1.400085710541007,103.74430942508941
1.4310936553413767,103.79788030851721
1.390918651203418,103.88501783453778
1.319492069532128,103.76567064606715
1.3939994471735946,103.8968488529979
1.389336675576773,103.74086462224174
1.3442360226275283,103.69224890446529
1.3498172300624198,103.71667419948054
1.3403402324053149,103.68783371886613
1.3410160752818252,103.74787095271573
1.374758573317888,103.83568236360863
1.3499603528278974,103.69961788404747
1.4247580342424595,103.84660711260395
1.3746612587918203,103.95888097631298
1.3476823390188362,103.93756559240525
1.2744486047280716,103.81054175087097
1.3364994295776678,103.87175944184601
1.3353459759515371,103.69569496357519
1.3766774782639486,103.94517596150102
1.3824405678646428,103.75251777467895
1.3600428911402054,103.74950101402109
1.3050603596798394,103.76113411121825
1.3781776870225464,103.93386220952648
1.347560293624559,103.94766563247782
1.3193168341028967,103.86403484539126
1.3615796899150616,103.85204414751922
1.3991008736212671,103.915961184359
1.3867971870981017,103.91231927031625
1.4501488040083568,103.82256988645014
1.4415935543419527,103.77597662534752
1.3784557768824655,103.93781800773965
1.3395315064764284,103.77468009401991
1.377207244311752,103.73547614962028
1.4250519552576892,103.84640834414022
1.3473496769117672,103.85052755595633
1.3314868072467394,103.92781596187635
1.3451274184472908,103.75484549712839
1.4459877545810234,103.81815124938436
1.394305869849142,103.89604549106016
1.4347107176727978,103.77457086680784
1.3786837970572816,103.87849967004504
1.3832785607496194,103.89440316171715
1.3389372422015762,103.70278434127853
1.3838058666207904,103.89559171116166
1.3418669135310024,103.84520428527209
1.2738165419528384,103.83447907695519
1.3755132043965197,103.89624793472593
1.3473197648243929,103.85415988198167
1.3215932351575699,103.85412215436249
1.3201500469237186,103.93316845781803
1.335529899099177,103.69981992165503
1.3478149186263373,103.74276872166445
1.3406272018355891,103.73745997485918
1.396903203180393,103.89703488738309
1.326267533430854,103.89952685494072
1.3664671283933352,103.96062246742707
1.361613600228872,103.74202707814894
1.4353059560097456,103.7946059850741
1.3440087719309899,103.76053089711337
1.3145613793768607,103.76157304161572
1.3538133055681314,103.73511666391298
1.3892183692135538,103.90795348121053
1.3852366312389268,103.9000177307225
1.4283878237021295,103.8522635916653
1.2878109548697005,103.81951463862649
1.382588876688164,103.7632938368524
1.4341965619897985,103.84276820008391
1.3444216318077555,103.71434162633639
1.3876965731287847,103.76848265608362
1.348727523600301,103.7431944593617
1.3742978942195,103.7699401974472
1.3084614054099943,103.85268218043984
1.3534188139864762,103.89070501450662
1.4338625049673042,103.79167942854772
1.3271159173918776,103.85694867984412
1.42605813043458,103.85029735335674
1.3675136720562766,103.94034907298023
1.3969086992081028,103.88179244847011
1.3417166713527693,103.7419682488891
1.3422697748856578,103.84640967945208
1.4397540742842108,103.79308331106559
1.3471976204540848,103.72448892246045
1.3993368780362645,103.91004742719616
1.373294216760117,103.89088931005399
1.4020498942097674,103.74664453632823
1.369761355707673,103.87300159197841
1.333793794114532,103.72415371587779
1.3720098552660775,103.85762079322112
1.3487603841095686,103.74419483058331
1.3203627805633043,103.90432464201253
1.3394701443417794,103.68892994094035
1.4433931976908765,103.79552824912588
1.3988582658514976,103.91673915431775
1.4031660714293317,103.91516722994896
1.3767931699198577,103.93329927124354
1.3683659169578417,103.95603601116532
1.3423492945205053,103.69874409232997
1.3370206187500566,103.9232743663164
1.4499815910647533,103.81840979460603
1.328605238406446,103.90280051737541
1.368620255819734,103.85600247938211
1.4263587079353952,103.84665693893025
1.3543363977727823,103.93343240312714
1.3430396676532381,103.9588033869093
1.3783199359807365,103.83721632009633
1.3053625435883132,103.76199240023736
1.33849235652284,103.84947970860888
1.3224477457640254,103.86610130635567
1.3728200382916733,103.87623515298955
1.4026936067006373,103.90189790586406
1.3046121021983206,103.9140775084708
1.3810770670807044,103.75252397596216
1.4051399687877195,103.91308152636941
1.3553336092582313,103.74017952987627
1.3283770824534125,103.89953319779994
1.3743831410967642,103.7456158196336
1.4375628406009493,103.80440225693467
1.4021468668230561,103.75198965932306
1.3761221857603703,103.74676221329483
1.2743111197913142,103.81144234054663
1.445697008820746,103.8351455430358
1.3754662417936163,103.94614358350849
1.3796299816833617,103.74544286025073
1.35367428010851,103.88610623321694
1.3457467460350776,103.71319824688369
1.3719151453554437,103.95986788360581
1.3815467509913364,103.84000308554019
1.3730482513872937,103.88194162329692
1.3301747171527054,103.90932177175875
1.4394251672935425,103.83905445704754
1.3801780487154363,103.74812986729738
1.4351053441307338,103.83917809694546
1.3711419910330076,103.96108988214584
1.335085767420871,103.865503604287
1.3950906755631254,103.89514277075386
1.3811028597283606,103.74501103979053
1.4335879743556952,103.84066415047191
1.4459120969080221,103.79681071311363
1.3540606420787074,103.75235278981592
1.3603072372006002,103.73191350317072
1.4389856749638539,103.77576169582728
1.3482711556914497,103.74389982406646
1.2746324835269596,103.80963665001572
1.4497583399642409,103.82535456949836
1.3404431615383832,103.85374654427176
1.3861748600012311,103.76553983893798
1.3511505127905352,103.74716644272999
1.3992168768702256,103.88963368489739
1.3334405270548182,103.91158413137809
1.4333919155937564,103.84628109793039
1.3220099941067782,103.85889211486375
1.3258011763761266,103.90206126493877
1.3489815146095627,103.85130191039777
1.378779644352785,103.83698468044574
1.34945426972872,103.72493300543226
1.3736694347694627,103.95451040788765
1.3285337991222221,103.90926879059788
1.3265005796407012,103.8855506505841
1.430968536819215,103.83370218676231
1.2726798788883262,103.82288157348792
1.3300956044545051,103.8870627477315
1.3732590643729765,103.74352338486715
1.327632032968777,103.85637881803984
1.3325611617122284,103.855177185574
1.3744366812367068,103.87129580258987
1.393319826711149,103.89488711361211
1.3639069252096216,103.85366042679264
1.4037073013089143,103.7516850149549
1.329855156907898,103.88561975033008
1.3493734272353526,103.72998212118134
1.381669919586993,103.896619115233
1.3052614058008807,103.80054065020845
1.330870147052661,103.88750466173997
1.3037766492094438,103.79922662457177
1.3694540533585204,103.93477408584533
1.3381206035318278,103.7023265313486
1.3648506925115975,103.75214667312444
1.3747967282723152,103.73896852665362
1.333880524844213,103.72363269465593
1.4535081341959732,103.8204005377975
1.345940299768492,103.70116027216976
1.3164677066029795,103.86157068825624
1.3780214404277598,103.74899293597663
1.3434886808400457,103.70315484685246
1.3677055359000514,103.838418192085
1.3470523993304901,103.8515452127494
1.3774597097337158,103.89118872781691
1.348067784722534,103.94359030550947
1.3885933169808569,103.89324296810844
1.4014271519067363,103.89283679984287
1.3487259447541928,103.75317337321223
1.3840731908576676,103.89494046428086
1.3852686842807813,103.90399862836667
1.342381714937291,103.69525328617546
1.3285037555673926,103.85785144006736
1.287829321977392,103.8076382784993
1.3575576901276585,103.8443328294988
1.4371237452224448,103.79426723144071
1.3599253609594655,103.93301860363282
1.373505244945021,103.7468096570236
1.3597826502420365,103.95993200808614
1.3866247215313348,103.76366202657292
1.3468034908232998,103.94734969020584
1.35764328218687,103.89174626996231
1.358348974423358,103.83039499115503
1.3414633084852383,103.69444671451032
1.3260075365364108,103.93081074975336
1.3622826121550549,103.73877480446666
1.3902799043672929,103.90631369929321
1.3486778183602277,103.855258722956
1.4356258551193661,103.84233719315594
1.338714734378254,103.84464426404739
1.43138584343742,103.82822502900339
1.3658537705568063,103.75272527162907
1.3303042800916558,103.72228069741142
1.414316227270509,103.90098272089301
1.4012399869655296,103.74939343599387
1.3742138730621258,103.8395490665317
1.2839221540950732,103.82826906006093
1.298810333232866,103.85213980980721
1.3333305854071391,103.72218769903702
1.3698571774849169,103.93333916641446
1.4339667239574028,103.83899681068078
1.4331952479328642,103.84687902042612
1.3198027356573006,103.76778418495915
1.4298028057279417,103.85051957290008
1.3741821629710316,103.77583552483746
1.3358990234809953,103.92263247454969
1.3658212697995102,103.85892400505345
1.333304368724428,103.94092623331169
1.3211790945342596,103.74278658699653
1.3214297688923387,103.76590433303228
1.372162915866101,103.88467792613051
1.444471903061042,103.7991563838101
1.2838290549347013,103.83338206978469
1.3576377994633781,103.96067146537692
1.3342462175651704,103.92659110681454
1.3491323569975084,103.84865394705477
1.4023197363338593,103.89561613171051
1.3750924448743436,103.77432228346596
1.435882464128312,103.77619786319342
1.384414512961142,103.89370500983397
1.3511599459287063,103.95474554250356
1.296351633813371,103.81270103633341
1.296436659731807,103.81198077940854
1.296218797212594,103.81188155451679
1.362406302435421,103.95731811100777
1.3963918668483732,103.89527021794588
1.344153101867761,103.70518878605642
1.3885641108502311,103.7629270308898
1.3920258230295957,103.9082552656985
1.430938055165263,103.82767555181775
1.4311265166951281,103.82836211939215
1.431456500407056,103.82852722065903
1.4058647479714348,103.9090582898647
1.3499271342754282,103.75903456165966
1.3758091718529875,103.77045030144038
1.3086578934268709,103.78416155824968
1.3353266414572638,103.84991042469541
1.363863481201803,103.95400296458975
1.3969612225704762,103.89612875837425
1.4225383384147376,103.83393324237113
1.343056226941152,103.73807215374845
1.3334655167089007,103.87232889604486
1.3878071121478714,103.900632438816
1.2938435663533592,103.80873048618645
1.3956053968301987,103.88863831247939
1.3708324756990635,103.88546554499004
1.321004483001601,103.90137124311232
1.4488361236241123,103.80074812604217
1.328055415987454,103.72448147648068
1.2859127474673377,103.80304411993873
1.3660094179110251,103.94230667677611
1.3141062117463462,103.76792436686993
1.3802655173526739,103.7372573834806
1.4187756802786453,103.91147219866616
1.3752813618572322,103.88595061193959
1.4318397782905306,103.7773052170405
1.3627121521474335,103.85527029440192
1.3282365298812984,103.85991962555994
1.4378968309064206,103.79053814734013
1.3417637192344578,103.8560420036974
1.3936570900270928,103.87206384872201
1.317570783089191,103.7651416867678
1.3385772164036391,103.72382371418301
1.3366678806894603,103.85834982278442
1.4447561678155618,103.83186458747409
1.3309865462657084,103.93724605949693
1.3304993086776429,103.85897298020083
1.3896566309738476,103.88743543827783
1.352414707050199,103.73993095884978
1.3562190680294086,103.93958247031215
1.356748151783368,103.94017419178527
1.3373978270956464,103.92178274064626
1.3394848284905196,103.74622354492949
1.4353935629165135,103.83482338905473
1.3816250169598385,103.94288125217527
1.2788780037684855,103.81898761761124
1.340237439289441,103.8544029369564
1.3928363318232555,103.87690116568778
1.2919203706096722,103.80260876603104
1.352005493844261,103.88324329329977
1.3791082578072993,103.89513781335414
1.3391905083495972,103.70165617401747
1.3344902736960218,103.84979476877501
1.4123242907251983,103.89949139110362
1.3424673914288359,103.69008529247125
1.3514331966219402,103.93147855243163
1.3737430550912804,103.77411662360188
1.3631210650955825,103.85810166666472
1.4452547001078548,103.83496854135372
1.2898676695237892,103.8214335265231
1.3574517999916393,103.83912389384834
1.4506018658292605,103.83122835591831
1.3841971423684147,103.88034587045009
1.397634860182294,103.87692151456174
1.3667798211335793,103.83907062622266
1.3672565218855226,103.8488969870859
1.3423195270323889,103.70588241543224
1.3458879089045273,103.74881127140691
1.3738164992161201,103.95540396541122
1.3420593164105736,103.73911316795471
1.3189939199145524,103.76456263800856
1.3797332936654467,103.75912456135276
1.4135936186740328,103.83696880619259
1.349358379329562,103.75059196614791
1.3883864135635937,103.87297176794652
1.313527019332997,103.89549010776317
1.3742924021218519,103.93662940417192
1.3498558450615843,103.86821309209648
1.4360731815122532,103.7732365302011
1.3927605515804335,103.87773048152583
1.3302102045400208,103.90496480181645
1.4287103458395722,103.79471751102248
1.3390710769653884,103.77259990510565
1.3307110655466576,103.85638705387183
1.4030511084419774,103.90266856155229
1.377340885786928,103.74391331257297
1.336441702621148,103.72349067881773
1.384319149617396,103.74166639788294
1.3062149048966254,103.85821343441889
1.3978178902084162,103.74960258529997
1.3511885719274037,103.9439433424334
1.3043929446310232,103.91405420638849
1.3319488019391073,103.90758556431012
1.304746872586644,103.7652531565535
1.3226521827759508,103.87127546839963
1.3561329172632706,103.73720936937859
1.3777824109191554,103.89029974763017
1.3752701058791095,103.77165752804635
1.3759264016638613,103.76745422944127
1.2942146117187585,103.8121043044436
1.377304920036671,103.76802504487559
1.3211346380255162,103.90465367400665
1.3896787887574926,103.76743678736884
1.3368974098270827,103.92913939775279
1.3230956085881298,103.73779526318857
1.4446429853425107,103.82233041954044
1.3150429648585695,103.86049743347765
1.3718417704496852,103.87282899517372
1.4528567151847451,103.81509174811565
1.34743871385418,103.75300883379192
1.3668863437554635,103.96016649486303
1.3748506134753942,103.8969339253449
1.3664999600264178,103.96235184764946
1.2939104491706872,103.80295958817703
1.3050515834066383,103.86260802229401
1.3668003849891317,103.89604023637196
1.3922083325524304,103.89990765396409
1.445566361304137,103.79674267790581
1.2991787276390907,103.79689241900029
1.378928203551016,103.88846809299278
1.394137433531557,103.7498522908482
1.420630330750039,103.84119112231348
1.3905937885413158,103.87976987659695
1.3370579397875726,103.72049651818261
1.313057849838731,103.86988956145288
1.3566529787621908,103.74387340563445
1.4232816976452456,103.83286296240507
1.3398387556161118,103.70277676090689
1.396626393851822,103.90541437501447
1.3733408772227624,103.95375309571452
1.3454756078064491,103.74600741620151
1.3941465766992027,103.87087830213945
1.3656576746879747,103.89483303836053
1.3789327585473172,103.83857322028348
1.3646606548378868,103.84486255268145
1.437900423284981,103.79883357304746
1.331599338178371,103.92910876133864
1.3212342022317967,103.90272793596193
1.3201968486192397,103.74049168951127
1.327193171504518,103.90377327673792
1.355969204465897,103.94515266886532
1.403889802685715,103.9072063123229
1.4475487136216532,103.81779283640284
1.393172347671465,103.88570173994657
1.3478451163654916,103.75403358074767
1.3854720499968052,103.75987961048672
1.4031417140063849,103.90067751060711
1.3733798608105348,103.87634710075162
1.3842396304964544,103.87977294572036
1.3623788878315986,103.93725186221697
1.4191094393724102,103.83976884790582
1.354903614985873,103.8683285898575
1.3336971346833457,103.90816267875327
1.3972663596105719,103.74960861457285
1.4284963816214404,103.79374554325616
1.382785046682432,103.9430955863723
1.4180835119482496,103.84346164871879
1.3666239894943317,103.84687059335732
1.426845778463071,103.84922570621576
1.354754829930449,103.72154059931884
1.3872478248443947,103.75794661914544
1.3976251628223004,103.92103921789736
1.3858659449595683,103.89413991141
1.3445717368993615,103.70614684208593
1.3125190768939794,103.87004109074151
1.3243201883907836,103.92268274267448
1.4032140109316615,103.74978865071576
1.3961656439687034,103.8968928658478
1.2842325393664848,103.83396554168017
1.3531015644839095,103.95407751145932
1.430788483163841,103.77949973696661
1.3470454970533334,103.7089442698247
1.402401507814455,103.89507373720349
1.3885209264553833,103.76104907100637
1.3043023125615771,103.86278073023686
1.3252260084275869,103.85437803204326
1.346661660560975,103.70951128917869
1.3461098197758556,103.93905307950943
1.3793816326447979,103.77053830901444
1.3664871864263601,103.83826959445905
1.3220067357975924,103.76990005862551
1.379099717404748,103.73469231367687
1.3566915711670355,103.75126849428564
1.3075858734766634,103.7614085242807
1.381431191093549,103.94330009215554
1.3775277483687094,103.83866312703238
1.3080765408495185,103.80082594426403
1.4353319236639301,103.77377627946682
1.4460753241593665,103.7998974675577
1.4403655226910363,103.77794205552912
1.3456589121426248,103.85284140107255
1.3673577405250816,103.8439250380924
1.3319226593849218,103.86796259176322
1.383223884420139,103.94371544423052
1.288433637424988,103.81693429211536
1.3657912855340653,103.88974914053625
1.4411317719290395,103.8072434004173
1.3670528453445863,103.84790669768431
1.3921104910311848,103.90986862995213
1.4510156864307147,103.82333612620413
1.3850033084830071,103.89912209206439
1.2825423334177326,103.8267193847917
1.3820651954375283,103.93745525950575
1.316527661885102,103.87837594017779
1.2736401752744078,103.83641664603846
1.35588260611382,103.94721327842313
1.4005654280896813,103.74440986585131
1.35151901315651,103.71854200874591
1.4004702568246898,103.89936870206704
1.39282855623677,103.74977372359828
1.3626544436506225,103.74989767874574
1.3337852130774255,103.86685038143872
1.4139184439433599,103.83632521019884
1.404731190510821,103.91000428375881
1.3845043728289175,103.89596282645846
1.3353244518997316,103.8484847368208
1.3310694623262778,103.90860854320405
1.3487173056533008,103.74280604859186
1.3851958098646229,103.89786611940272
1.3123166607204542,103.87379112043502
1.3809756701908498,103.93816784339066
1.4456991817443323,103.81903384991253
1.407608650715476,103.89987273225668
1.4378458944561434,103.78208073578729
1.31772165687541,103.88496765642986
1.3386741677745577,103.84841455224534
1.404529744691347,103.9053712996368
1.3938124829308731,103.89480909882163
1.288976502102169,103.82238527622785
1.3363167927741897,103.8474822715022
1.4201700997788902,103.84347107486721
1.3482036780740845,103.8542893293658
1.334713765161367,103.86554556634697
1.3487067402448691,103.85097679561677
1.3123348263272228,103.78697280037586
1.4401803211243933,103.78782317506999
1.4349284044285706,103.83720045630737
1.32121439793198,103.86689672749706
1.3346991159951442,103.92904968421688
1.4310233318292007,103.83141430242776
1.3812472880812092,103.87974376424513
1.4366174906136748,103.78098652331667
1.3832751956694889,103.89965472994002
1.3637591500738815,103.74815858366344
1.3718384290476966,103.88431843278539
1.356694885034378,103.73324704988906
1.3714592713444422,103.84713234612724
1.4459332288080124,103.79541946382467
1.377935120508413,103.87812704288928
1.3039462628896512,103.91229873773068
1.3229253994968455,103.94139953135645
1.2878344664628023,103.83274529590514
1.3195514744189973,103.7426441093503
1.3820565509892013,103.83973590053655
1.3573167621318818,103.94703905794042
1.368633866012049,103.85730638403345
1.382617745507787,103.89466649175738
1.3724485916504574,103.87334214091364
1.3508695620760875,103.93541812102397
1.3953457808007472,103.74618567196441
1.373111665560258,103.88384021673079
1.4391023340570286,103.8051401777265
1.357570431684586,103.9344676457071
1.4455440944818332,103.77170891035597
1.373479006940742,103.95668889663419
1.3547465247808443,103.94569441447535
1.3860371844725963,103.75938002147232
1.433942983959798,103.77749312950718
1.380085040065863,103.74414767296268
1.3783541242460793,103.90391528425371
1.3887740603908885,103.9868218874735
1.332579929798242,103.84828126256406
1.3345128328723561,103.91688170054749
1.3556380154687244,103.73723742600423
1.4063059213158149,103.90845163110663
1.337215612125995,103.85369599377147
1.3178418621072108,103.8801327783275
1.4169288173501635,103.83536051415493
1.3547522185445926,103.9444679917024
1.3599698112045122,103.8916253991217
1.3785314200667476,103.77181078445521
1.381150319193507,103.94432715632483
1.4329278139819914,103.78500155557889
1.3292804111823966,103.89929908514078
1.345651550118166,103.69859081511336
1.388379044411257,103.89759897453774
1.410456193709443,103.90112856029008
1.4444828230216071,103.7919731743034
1.400756643949835,103.74926283435595
1.3337585445199367,103.72125836509662
1.4021535322990268,103.91819758316974
1.3318273713942865,103.93333842211392
1.399446722737482,103.90853011595883
1.362184923453432,103.74484416693772
1.3758388152683745,103.88533363281532
1.4028582312321218,103.89229142674016
1.334663088864235,103.84645814625372
1.3689648835660477,103.85441015540141
1.313123967096432,103.89521955944787
1.3460588369861233,103.71537015879855
1.3079117484829423,103.8890600232435
1.395782869010811,103.88893969529222
1.439312304846094,103.78885379066845
1.3553591455724419,103.93132427578233
1.3992063161775887,103.90416905273027
1.325526694781971,103.91066587057587
1.405199993749506,103.9138466194132
1.3917021156742309,103.87419943215177
1.4349333215524496,103.84053122257195
1.3828827957029464,103.74012955512869
1.4461263726964424,103.83165692081838
1.4035436819182299,103.89783692377516
1.3733300799857753,103.87245972587232
1.3331488213000182,103.93059136697319
1.4163949594951462,103.83521861985496
1.3717073618836313,103.9609286941108
1.361082134224948,103.83804774423288
1.3504413991336424,103.71089340651916
1.2911609000720254,103.82684432105893
1.4458344646536374,103.79734492072865
1.3674351936254177,103.83817436615905
1.398369713955819,103.74981996241277
1.4278780880496598,103.78954495569857
1.378289776211371,103.76778908653476
1.27826753107894,103.82750857417923
1.4514255027459793,103.82184630983694
1.3287049468529466,103.90419179833641
1.350544401611743,103.7482919203506
1.3463203570757967,103.70934673160518
1.341134898949481,103.74431862754925
1.3671853022798213,103.84003354513919
1.3568456947063217,103.93479910934897
1.4083888256861297,103.89704200978353
1.4521633833893393,103.81654834426985
1.4186736059698266,103.9030830383988
1.374832858705834,103.74247316046443
1.454588683171598,103.81390450104298
1.3734849832577551,103.94626090745015
1.3469247505101272,103.72399266212426
1.333888241246254,103.93744993366322
1.3917434721176742,103.9069249278923
1.3770891534813283,103.748910927067
1.396421215066881,103.91117480266907
1.3230999835011974,103.85589528327564
1.3666247558976614,103.85558779396105
1.4303262303729705,103.84668198356967
1.3330398301648712,103.90745080725131
1.3895797694006624,103.77295836709388
1.3043896130637054,103.90959230045735
1.3655598135672589,103.84765563204459
1.398162380982757,103.87701678019229
1.3551267508265978,103.9540252474487
1.3167979445398574,103.87871828431119
1.3251919685394018,103.88803728225507
1.3485608694714104,103.75377677024323
1.3890333306346507,103.91071774979217
1.365529901708263,103.89205422392634
1.3221696348110317,103.76893263263588
1.4018255069454482,103.89336780803622
1.3114142448959578,103.76968286389607
1.3756935416146947,103.74445951266019
1.3909224663359234,103.89954271515737
1.2745202816012315,103.82591317591458
1.3751006961764523,103.88249280759946
1.4329087205370399,103.8433308561993
1.3061667084757296,103.85048708841376
1.4111132865289324,103.8974536720803
1.367397133985222,103.84588200832933
1.4009095561551674,103.75057488048483
1.3817034191036146,103.74230846042445
1.297041627906653,103.79875160291823
1.38574419612225,103.90398827800792
1.3568609893496222,103.74317061291364
1.306184521323599,103.78248310407187
1.3780612994118127,103.7691917402867
1.445479205114954,103.82273779710756
1.3565934262070756,103.73778903277461
1.3899361581425496,103.87647145667854
1.4424100442612042,103.78707748693054
1.3218005777682282,103.76311793807838
1.313955315900565,103.76982737194685
1.3433631025363872,103.93576353993932
1.3432364303250806,103.93627767045778
1.3516077740886963,103.71950043656736
1.3389413026200252,103.69702399979481
1.322277994116036,103.86207746501725
1.4307167473630533,103.79081990644798
1.4181014887966747,103.83215455295405
1.4279963772517295,103.83426701498288
1.4218324090812273,103.84940946473357
1.3463885466877656,103.71494029774473
1.3753332183893319,103.88185985599563
1.3965925470273342,103.88812042948477
1.449733830436028,103.80245185795022
1.2886009802866112,103.82730759074687
1.3284288256120882,103.85474121485959
1.3908870413825298,103.89063171042605
1.32023314075693,103.86637540778018
1.3815513341970413,103.94387360864944
1.3889727807421248,103.98765233471873
1.4350908808106484,103.77423424136794
1.3694523029369399,103.85330648518799
1.3797134363697112,103.77294635288659
1.386136557335152,103.89163084762689
1.3374845345064608,103.8426592706087
1.3557337596464614,103.96264078597443
1.4527245205634516,103.81785715910588
1.3685014916620055,103.95502223219864
1.4281788410903498,103.85308454643605
1.4172189842055778,103.91030065343801
1.353640128435775,103.86570431966936
1.3677209569374942,103.94098577542285
1.4039920650533368,103.9095469653452
1.3935075031874464,103.74970924967671
1.3577156868604507,103.88627326931665
1.4300817297363169,103.7794419074417
1.323765653697518,103.92427688649441
1.3948613927644689,103.9011023031094
1.389390656295655,103.891231592118
1.3608384367713797,103.93696300484277
1.349838496511775,103.72263908412876
1.3514938073918337,103.74788035622815
1.3292884252965758,103.88837658560085
1.3631953906994083,103.9352142587698
1.3533184856735845,103.93504783588
1.3471925294636213,103.75844876261287
1.3793386261526277,103.7493998680295
1.3351776166620142,103.84565136326776
1.4333165751347656,103.77368146936026
1.273632722746105,103.82106782648093
1.3217447855895377,103.87132206246812
1.3766221051777348,103.73793994982199
1.4393023279813288,103.78958695096998
1.4272578927295856,103.77249427796153
1.3953368089251545,103.90960890092856
1.3434706192701222,103.71396525065926
1.3360254236370417,103.9248330627807
1.3448785273123964,103.76012783523552
1.376628711085282,103.73680765191045
1.3410353143802352,103.7015837846607
1.439926397413901,103.79671986482171
1.4482175453171653,103.83186591050061
1.272031482357074,103.82571195642835
1.3958714177497795,103.74337665718627
1.4145446358530849,103.8341087002204
1.3885410500628792,103.90526862242628
1.3785386811528397,103.8906634434673
1.4006643547484057,103.91417139104105
1.386207767530701,103.77061783159039
1.3316294697162774,103.92539815333136
1.3882574729978976,103.89725465064414
1.4122954913878385,103.89744172993846
1.3206227713065288,103.93468830937034
1.3220926512357738,103.93436200378454
1.3766318579546026,103.87938057341441
1.3582182452006126,103.88701634508071
1.3999384177698164,103.90888136145759
1.3663615219119252,103.83947329839394
1.297030487871403,103.79823316807236
1.3451812157473235,103.69514007282541
1.345713014544195,103.69508268697842
1.3982687136086054,103.90486443834801
1.445176941825532,103.81874780838945
1.3270140269342312,103.85557985313478
1.3901170093276654,103.8884665609551
1.3198785498580146,103.74175336394543
1.3706505810137273,103.96146726025236
1.3524056437075773,103.71673492612358
1.3473299087136854,103.94521876415486
1.3669225344268614,103.88810938852095
1.3937401266798233,103.90838756001988
1.373864863952747,103.93857348577167
1.30153633015408,103.90781192894623
1.3793033873557565,103.94022148206966
1.3325882107122955,103.92263580416248
1.3483289952734014,103.73192282268894
1.4177559172489658,103.90546106018068
1.3488870271677829,103.87435710542614
1.3242259789777608,103.88599730971468
1.3686743395437893,103.89659121182285
1.327941240305199,103.9257507762156
1.3816724114501204,103.73732155030194
1.287230068299674,103.83797820576031
1.3737653272373094,103.74352991998688
1.3824918658461707,103.94291229507456
1.3223093029519277,103.86926017974228
1.3442694720915274,103.6901577140708
1.369416653515575,103.96140209719236
1.293734434044806,103.81202984511499
1.3689351318587608,103.95263580470814
1.3519780449094656,103.94837331518718
1.3866124364397534,103.76638739209014
1.2995908959455122,103.79675570396748
1.2921467982341277,103.81491609850171
1.3166770427376684,103.88044862825181
1.348982975944591,103.93956706970694
1.4459802551904242,103.79613024760856
1.3929428407079285,103.87300787490975
1.369769294546458,103.88197085996129
1.3389533577025892,103.69735963618464
1.388073653371918,103.74179961725028
1.354955203799606,103.95499700592337
1.3579146352586646,103.93387516136545
1.357075574558148,103.74841970739409
1.4382919458089847,103.77805546477461
1.3380597991957037,103.69748404679177
1.398830378365247,103.90578658438866
1.3554623328521191,103.93096563255357
1.4390710135521048,103.77908347348188
1.378188264793335,103.93460345448608
1.378660174267513,103.7385168973481
1.3423942980852195,103.73634570134382
1.3888958157630182,103.76900676786714
1.3347741313243324,103.87868877661153
1.3733824236814678,103.95848984527223
1.4015038481609452,103.90697404431106
1.3556119044254,103.73858607845392
1.390568614953617,103.90560782525199
1.3535021201482933,103.86900216563558
1.4512534660520415,103.81637757380614
1.3694762502741584,103.95648294859237
1.4360361658451948,103.79218620612073
1.328398833936529,103.92750882372343
1.3996721911877654,103.90722674289438
1.381588054865027,103.94302181157782
1.3855259685567476,103.89148116854385
1.3435866650615744,103.7369756539205
1.436808038607422,103.84105619994617
1.3804537578921798,103.87925541710808
1.3895360130898715,103.74120538738143
1.2772856705155247,103.82872655485681
1.3753300502723345,103.93688178611646
1.3826444643366482,103.74660763415002
1.358963869834483,103.84763326729934
1.323178715391915,103.93372313327981
1.378848362629992,103.75032144170545
1.3866291500161607,103.76792803764904
1.3911815570207244,103.8886556744972
1.3935978989670228,103.91041258454896
1.3997211201253772,103.88885799124458
1.3588118602097385,103.9462680078285
1.4159522782984177,103.83439174537415
1.2835542114917022,103.820987285042
1.3664474106630078,103.96004171066653
1.4268943886973209,103.84857531836525
1.4169505140863683,103.91235497198151
1.3563362079460186,103.94955915355229
1.3674830902190842,103.89744459838583
1.3309240815234313,103.85813480447142
1.426362651800158,103.83712536185057
1.3830137118063328,103.84067705743654
1.3762188533570359,103.94072647002456
1.4293449455947154,103.83401973022531
1.381984506309183,103.94374248340768
1.435640216298714,103.79939121067353
1.434160722714042,103.79143911139774
1.3527646082202391,103.74302082014101
1.398551842982421,103.90614511649704
1.312782707140414,103.87075683756163
1.326180237056202,103.92729541697447
1.35748039859332,103.94754125777364
1.376992499703189,103.73599849846727
1.3415170905414122,103.84549933457029
1.353993449939006,103.73971552878027
1.2761118532634108,103.82085894631318
1.29331026539157,103.80825181090687
1.372660888246937,103.87288045364546
1.3513586278546659,103.8870331028755
1.3266983416310583,103.94126976381392
1.3869305659744045,103.89713757466635
1.4402956610943596,103.80330065639855
1.3498554807393621,103.71130019416151
1.4506429225880417,103.81825072864154
1.3591969739320262,103.84263845741864
1.4349098221255798,103.83117596056375
1.338623145843974,103.6968547888292
1.35831092031451,103.84211296862236
1.348297384175118,103.75876086584512
1.336210253406884,103.72133663603535
1.3263062797124574,103.93273471988488
1.377545903351347,103.93600521976839
1.338432710279342,103.6964871124224
1.4518142980401214,103.83215112296031
1.4413441964937213,103.77721639533426
1.3529583789438662,103.92964610987023
1.3753880673509777,103.94167735361671
1.3467265041117928,103.93474797847249
1.3614154031717136,103.93576537164357
1.415632423741052,103.90138051048835
1.422339558828921,103.8363568662262
1.4418566304831268,103.80657232009106
1.359087502805946,103.9481828363859
1.3641132810670162,103.94234893389215
1.3734213893933649,103.77394160765127
1.3759130815480478,103.74470857353624
1.3716916274790254,103.95019053457354
1.3923135811863134,103.87269562941081
1.2886500243353727,103.81631580466748
1.346781963879025,103.85056386763283
1.3088921019139856,103.85247537456976
1.3778162326660428,103.89145528458346
1.3739895635474835,103.8757867707078
1.2769272251177566,103.8401007259271
1.4202157897363863,103.84093069601963
1.34803525416572,103.71552117129187
1.3788753156430804,103.90411964984635
1.3443770833873077,103.74054432438298
1.3494838706175583,103.69676323141199
1.3819490401907066,103.94310982226826
1.3871302779034373,103.89206961015711
1.3836758903726123,103.90266523251097
1.39346310224622,103.87464685907639
1.3569285081690476,103.9374802514179
1.3491178244917579,103.88846705030852
1.3761416224456737,103.7483603395421
1.3922266767709475,103.87440393924362
1.4054195791859805,103.90691170447428
1.3824318974869059,103.94380942412637
1.3932268533760455,103.91406069304458
1.3232707597900715,103.76988498316213
1.2734493157192734,103.80693303665015
1.3671972266922834,103.83663997643716
1.4550740093104397,103.81328594440946
1.4221226634912552,103.83772844405397
1.3397488905082091,103.68611160672799
1.341280183282609,103.68649847996429
1.3412701119468362,103.68727735257734
1.3458105005019785,103.69247323274661
1.3892956436260055,103.90592494652984
1.2876038200251154,103.83743150522243
1.3925770365332817,103.88791501939713
1.340140053570182,103.8491212365834
1.3814161069190234,103.74947404762082
1.3790930548161942,103.89356888208627
1.348015183737638,103.87660777263524
1.3365586118073849,103.93685655661918
1.4217482019099454,103.83631304477629
1.4502871035305134,103.83189706231867
1.4382663228289552,103.79966298668327
1.4516792160398493,103.8178231958625
1.3947223241952327,103.89461049082563
1.3584126791518543,103.72933902835051
1.3715059476047218,103.9633913025029
1.3835980767801115,103.89637496770055
1.3628496500031952,103.85469918636026
1.3369015110431033,103.8580502939328
1.3832735417777005,103.89753185964157
1.418873411538905,103.84480238322523
1.3794880251724393,103.87831171969485
1.273873824117265,103.80781810948655
1.3750711374685396,103.738389640806
1.3557635862311592,103.84470741808025
1.3638176699797306,103.85001106491221
1.3930850261291632,103.74778081894691
1.4428367548743783,103.77281972886215
1.3421108097771075,103.84782387340033
1.3939865516998948,103.74279764238422
1.354324993809766,103.95186282175689
1.4312362269195829,103.83675017478998
1.354379756663267,103.8357939670171
1.3571303064235034,103.94761735367891
1.3935415996372071,103.88781154856723
1.303364590992481,103.907447159397
1.3785879533407275,103.74110850622645
1.3191208952640994,103.94637840949433
1.342356638978599,103.74601467809995
1.354328480041716,103.93709706703272
1.373593082080563,103.88630843342314
1.3727804377464523,103.88973613911217
1.2735204401164488,103.81014539830264
1.3593336043060884,103.75076947756126
1.3725864451425218,103.87570502596922
1.4264702393453552,103.82991752087007
1.3750434296651202,103.9572831683178
1.3755194662430843,103.88387410934293
1.2851716610289445,103.80299399583113
1.3260490715107094,103.94145322928112
1.3491590657857848,103.75106444286236
1.3342448025974996,103.91213418091225
1.4031793353708304,103.90493722351407
1.327576204526924,103.93048186327982
1.3756087416226273,103.89309468710127
1.3407322483215671,103.70752782587817
1.3687896500698709,103.94952359378897
1.3062829868621326,103.76240111221966
1.3288032810184618,103.72239480482254
1.3446382059176902,103.70217365450664
1.4519283170202981,103.81481864493942
1.3913059517422504,103.87354836663293
1.382561474325469,103.90236879782545
1.367117644072459,103.8496597883978
1.4015474166008886,103.74698961821427
1.3526785378832469,103.71509956376444
1.3954786064342446,103.74469313653675
1.3723774974360354,103.77498283836702
1.3236421632939188,103.91092386680188
1.3722580614304272,103.85682707118391
1.3823616522488915,103.94383380920924
1.345627117758876,103.73122772381454
1.3867169868695413,103.9052155603578
1.387224030978802,103.90575480741288
1.328027574162483,103.90030155730662
1.3011945384308872,103.79711658247284
1.3565809942379767,103.84825002571584
1.4290607955173755,103.84426330173335
1.3542701370236732,103.95905926508057
1.4042776524382348,103.74584994336364
1.3917786648390127,103.8991809646953
1.3721350371686067,103.84656529125377
1.3683707306405692,103.89459206158992
1.3445978258156388,103.6969674183828
1.3207349732886078,103.7482518783903
1.2770143648917909,103.82809294169732
1.3263120190194182,103.92004968037135
1.308682182070354,103.79609717584765
1.4323791642885775,103.8344891639212
1.4235612003531717,103.83203520263974
1.4377282766533015,103.79537683842435
1.3473835182336706,103.7098800767209
1.3063192962783452,103.91619039225674
1.3209685608438149,103.76323894970739
1.3862903736180612,103.90846940450334
1.2763379562919683,103.81919712744792
1.3957818495269898,103.74380827018057
1.3806551721504974,103.74841538438977
1.2869676796151757,103.82167386488953
1.3358245950669754,103.8538877272334
1.376786849263734,103.88571617468983
1.3900476250487985,103.87097480424237
1.3371052968145805,103.85776262503845
1.275429693442879,103.80782024333014
1.3339557563082556,103.92526236779936
1.338615936651053,103.72339063960398
1.441361973760368,103.79864937720406
1.359956571854568,103.93888116410004
1.40100059079831,103.89920902277105
1.363292857429204,103.95688239906413
1.433949687975214,103.79313070192656
1.3717622591534886,103.87132362139211
1.314964239595321,103.8955589143063
1.3771052568956,103.93447680485816
1.3964509248936088,103.89705158522095
1.357757802683443,103.7395778577796
1.3833922106016936,103.76123548901701
1.3369017450634917,103.72101245254979
1.3590852121983967,103.9336230103755
1.382486048916444,103.76732248559253
1.3845441074591054,103.89880988266371
1.3213408943856988,103.88431904778713
1.30457079725937,103.91245558196957
1.429943807656061,103.84422566440313
1.358605235152538,103.95835753383305
1.3346405201846885,103.91202479781394
1.3487021144210896,103.72058417263713
1.4497711441845296,103.81598414782992
1.3186919349772241,103.94572969502573
1.4278749154417447,103.82778493520306
1.3794946017170162,103.88699246369629
1.4345719068697746,103.7919614264941
1.2980462626148908,103.80494419006314
1.3483265171622894,103.85092008509136
1.287777177252983,103.8293652900523
1.4315267778513012,103.82798255032726
1.3777693136628284,103.73914655743035
1.4030959363837194,103.8936176018487
1.4370640869389302,103.8016192968979
1.3419746881215395,103.70288450230156
1.3811372513698414,103.94405604878636
1.4174889151529277,103.83237129737346
1.3507958447096051,103.85059444463226
1.39362842710863,103.89951006859154
1.3565202029500114,103.95811355925737
1.3251026942140218,103.93450621996664
1.3016163266171796,103.7982687111813
1.3585607060343559,103.84552931781941
1.4370569618333455,103.80321470526533
1.453759758780208,103.81661344844426
1.2938000920219435,103.80779122555408
1.3795746432698879,103.7576747019966
1.303360696602607,103.90856408839306
1.389038167546487,103.89803633587616
1.3822438454591894,103.90070642815255
1.4506899683487422,103.83074589568562
1.3648182341846655,103.96388829565954
1.3145171503694284,103.85590308389308
1.314187233366177,103.8565231056608
1.3140211976039526,103.85537560191956
1.381982726890146,103.89672479657676
1.380285069886707,103.88908943016433
1.3337793883047533,103.72076832323451
1.276199830773872,103.84302042522435
1.3784349463090524,103.75722891739132
1.3143954432939138,103.76634912344439
1.3826896764265737,103.9446583604378
1.2833373843881615,103.81888481209366
1.2778019063541395,103.8197181591023
1.3869227582980568,103.76393530256776
1.3007559094659034,103.85361142609145
1.3021052063676384,103.90675795029122
1.4476129126243695,103.77205677637527
1.2935575383254905,103.80471078476953
1.3184936075526799,103.76542392289016
1.348879554506461,103.85288073853518
1.3898280848626479,103.87085202042977
1.3685299003677711,103.95231479286538
1.3585860135440615,103.88852761776711
1.4262360399867509,103.85247613310729
1.27745763867836,103.82263444503029
1.4420436424882404,103.77638607850766
1.3594737109797828,103.94623803836795
1.3261239456887137,103.92290664928701
1.3776956144432593,103.77005834054746
1.3280019001405463,103.9048723591431
1.376327624501861,103.74063495698694
1.3721100799416384,103.84224616316845
1.3682880977182739,103.96124170068619
1.4379726041450727,103.78126092510203
1.3827831615235562,103.94315744663493
1.3556389798006216,103.94542811280067
1.321082043930034,103.90176250742851
1.3133743524816053,103.8728307043485
1.4353376083539278,103.77487871059978
1.3781644947776306,103.89058714455676
1.3802512472352089,103.88864495125588
1.3808207186603991,103.94404671671785
1.4195761128128852,103.90490880137254
1.3800688742398142,103.74611003813936
1.3473317914741758,103.74196006009495
1.4004475418388558,103.74987711591625
1.4406549402822888,103.80619241960102
1.385900647574731,103.76237686317378
1.2810567775473385,103.82743105193897
1.3728307679394,103.74417197455114
1.277462803668586,103.80776806166523
1.3411234342237492,103.70834817903321
1.3090358190551075,103.78545574003674
1.3513079442086162,103.86928583687329
1.2715063286394594,103.82300188657294
1.273375859500941,103.8089696783329
1.3548487171195214,103.93515958583609
1.3235496981137738,103.8854743595006
1.4308051918575335,103.77615845589862
1.3427225591872671,103.87409613370514
1.3758598744759905,103.84005849935542
1.2867005624510386,103.81262378942458
1.3097607722776266,103.7686639691503
1.3648744133982988,103.7525266447027
1.394265933322753,103.74455252817543
1.4163837165056552,103.8335423566831
1.3512893330821005,103.96182224935933
1.4418192229310332,103.79200691423121
1.339521732253589,103.85468823219024
1.4154008754915013,103.84378139556262
1.3540565437732097,103.87120130333474
1.3720923313253433,103.87976322024267
1.282973275971693,103.83183966540712
1.349782779824152,103.70068853414494
1.3388759563191084,103.85855259108307
1.4169403524052215,103.91283016303936
1.3802679539831852,103.7401930235333
1.2753626329398804,103.80878108340511
1.4004320829564263,103.91755126157334
1.371217866961722,103.86920537546965
1.3786855745540478,103.7684908625924
1.305229746675275,103.86293636601658
1.3330928447248922,103.8453541572387
1.4012289599487437,103.91338371192984
1.3132676751533496,103.76448085691896
1.3556642269716788,103.96088795475688
1.440843345944317,103.79015140257245
1.4361514873391548,103.79668003175023
1.4345879898003209,103.83666620651144
1.3578225863563873,103.93849059460615
1.359936167007945,103.93847093080973
1.3810758944529307,103.74768929384676
1.302072153516872,103.88290195277877
1.3099517639304694,103.79248256116097
1.3255333963130607,103.92118344328816
1.3515707894930191,103.75366163931496
1.3706465500069596,103.87923222967154
1.4444153101628596,103.81630535407854
1.3437043939744704,103.71448319290545
1.3538075303340633,103.88689737691375
1.382161135152097,103.89603411643294
1.4334426359489887,103.83894629180956
1.3607147136047821,103.74933323552379
1.3435639270678081,103.95929905588054
1.3447501548676775,103.7012886075907
1.3379077946658768,103.74411413932637
1.40347495751098,103.91585428660115
1.3977529626291165,103.89927949569375
1.4017594936886755,103.91782519127878
1.3781659398740778,103.93817936608316
1.3585408686854588,103.83230800253543
1.3543494587933986,103.8875478594189
1.3233542104297689,103.94002141111433
1.375079075181847,103.94251239518678
1.2989711496434173,103.79852563679424
1.3543129453497642,103.93868428607855
1.3674078949923094,103.95802818362542
1.327551984237578,103.94217698297264
1.3546850439819809,103.93809385334686
1.2829541857253568,103.82798686840363
1.3226241867371586,103.93699041753348
1.3171562613075567,103.86087072144616
1.370976275069997,103.8578606480023
1.3248078336537001,103.9225336333549
1.4361268289176115,103.78119938382765
1.3589417320553403,103.93402201131714
1.352223065613488,103.96284434069548
1.3353673376661577,103.72346409210606
1.352400000558899,103.72038045168145
1.43041297018515,103.78940764917803
1.3893271669155192,103.90094599012866
1.3900468470587526,103.87969845491087
1.3442696312385,103.70057018029311
1.3226325388634597,103.9378190979204
1.382516076474256,103.90022685074487
1.3371621189439244,103.85835174090816
1.2751545344276811,103.81011090210477
1.283526336724997,103.82754336928114
1.3526779001141926,103.71654378585927
1.3778406832239602,103.89204809299537
1.414383834534546,103.83613538357675
1.4485773609615915,103.81337429291436
1.2901073701228303,103.82889634453572
1.4462089799193065,103.77362654115987
1.2827035520765264,103.82847911576935
1.3411982666904483,103.87254770513036
1.3493966981433143,103.93155879657141
1.3181538017844112,103.94730673889026
1.4033555358304166,103.90199929318064
1.3980572870195511,103.90593804908204
1.4313760438237737,103.79308647152051
1.3582349507749827,103.94754259625128
1.3736110400055568,103.88766369024577
1.377547094224253,103.88753691745308
1.289647255556793,103.81542565486639
1.3900151676046542,103.88656915174347
1.3088970750406603,103.78373788384367
1.2885770804974077,103.8396180081743
1.3591226750505028,103.8859198491191
1.3404378903574574,103.87161649110094
1.4564840332678546,103.81716066184602
1.3533001877151063,103.95257823466372
1.3992494875245345,103.90908790650613
1.3491963946140977,103.84989822065344
1.3620299327926515,103.85526678516784
1.4401675815365085,103.79306648673023
1.383271079086772,103.90256568852196
1.388459348154108,103.89142689701814
1.4039675863822871,103.89524488765734
1.3148509317313664,103.85015227644111
1.2766889352836857,103.84308966911276
1.4351101455805466,103.82816345197249
1.4422071471567453,103.79306259968719
1.3817545304222232,103.76351852262046
1.3773521315848753,103.88942726502724
1.4159696027083726,103.83370837988893
1.3619894274920965,103.95773002037501
1.3346063595573558,103.88016935679077
1.3379094832980665,103.9226665681273
1.2938229544448425,103.80258200523315
1.3524171238309874,103.7413479182185
1.3417123947867702,103.87194949845411
1.314112727991956,103.87409901927468
1.3226041417859828,103.76305735457782
1.3049684383130857,103.76717790816846
1.3142287916556452,103.76403812271128
1.3632360121443636,103.83538376495096
1.3209360832168948,103.87036076645438
1.3942628093763823,103.89974808816463
1.303920162696752,103.90973245449078
1.3341195756885922,103.9080991868972
1.3093164764462204,103.79578978774838
1.419364061923927,103.84694613820626
1.3615589471134306,103.9362503934438
1.3886495181475704,103.8981194757469
1.4331225200887328,103.79521454348804
1.3875258218841195,103.88976154253616
1.426939505831829,103.77260009246457
1.287865986132161,103.8282035348979
1.3701211173289585,103.83773272508834
1.3547031769622442,103.93116358189404
1.280631241220657,103.828610498706
1.3599650557118255,103.952749818737
1.3603087755576826,103.7469386386232
1.3380898962221381,103.72347300966905
1.3236366341642736,103.85903009600321
1.3689202522866437,103.95028131925773
1.336650042311363,103.69732571177002
1.3511195908654139,103.73914979657494
1.4164125730329618,103.89983444526781
1.3309723846561436,103.93810303295227
1.3234637370044702,103.761924735581
1.3912141216733696,103.89129704253118
1.402684878341545,103.91142408183835
1.4217572380112669,103.83993172620728
1.3509276638318684,103.74758125079958
1.3551217133019966,103.73888676128561
1.3239127841076617,103.93634723530779
1.3372775591353168,103.92120435165855
1.3127962296429625,103.76417306922629
1.3882898762888691,103.77289639900259
1.4139020595369036,103.835439679065
1.3668810286351112,103.85753214327205
1.3898922881611975,103.87041764363653
1.4220166123330678,103.8343085818174
1.2742497841986835,103.81241936488121
1.3404959482281482,103.70823707283265
1.3381723947291901,103.72116096230495
1.339061480411667,103.74452984771492
1.4041989757834212,103.91467360880367
1.4184468037610685,103.83831747870062
1.359970610199458,103.73279559125838
1.3594363491011172,103.73289950154827
1.3591800684834245,103.73063997362901
1.3702278304094293,103.96238784061731
1.391303847522049,103.90832330978233
1.32301760055546,103.9381651299229
1.348878316084532,103.9464785869652
1.3523017612511472,103.93281297449684
1.4450474121983161,103.7942657963934
1.374657073582256,103.89399090293672
1.3763447702261429,103.88345426015165
1.286314031143389,103.821382214725
1.3396700547845175,103.6939412853592
1.4380439691029478,103.83965842713299
1.3949891469722722,103.90963901180002
1.3637080274532412,103.88952540434995
1.3976901740262215,103.91516925694746
1.3631678274870078,103.93583138950457
1.3767593045491955,103.93476221457257
1.3467381504253604,103.87284421398454
1.3184929332393571,103.76453738606382
1.339137782363031,103.84550249562626
1.3028456334799359,103.91320055840329
1.390993710009703,103.90861413984808
1.4384689434470397,103.77709480909971
1.3825983785690834,103.74365101000393
1.2738351932459395,103.83983153890694
1.3473491149001415,103.74656803839599
1.3806804446101577,103.75467803315874
1.3516222240144322,103.8803648645156
1.341381393041642,103.70299368955187
1.3101569599479546,103.76957374843838
1.3043915731817202,103.7638371811041
1.3379420818867143,103.84329971994809
1.3843504894015244,103.76874041867184
1.3515321586995788,103.7246817708849
1.4127062453345685,103.89970438135872
1.3675636782524365,103.94720285022473
1.3866628182050948,103.7571958592471
1.3971253515141409,103.90554899709426
1.4319383799903844,103.84421854615105
1.2772874765641538,103.8299760509187
1.3478626030320815,103.84852891993432
1.446164161823203,103.82873953225314
1.3848860014072297,103.88020779603625
1.3328473394623483,103.72188031598932
1.392673417940717,103.9076846448927
1.28628183797753,103.82151621338191
1.3847346716882316,103.8992560679255
1.3346341754051365,103.88099861735984
1.329783731081232,103.90978782583144
1.362059491994813,103.84375822099332
1.3448864088272945,103.73045112067268
1.3578560591600615,103.93895742547875
1.3883240009637587,103.89314124921954
1.342623645415497,103.8564571352178
1.416205951711444,103.84425576580726
1.4204013072665023,103.84555057281842
1.3236234077381013,103.85502710348204
1.294871927936489,103.80301267207251
1.4493029104236947,103.80221292719428
1.3492191023926856,103.87581209162589
1.306695358166061,103.80068134927964
1.4409318144300898,103.80472854256077
1.390467961007157,103.90807954101582
1.348117226113005,103.74266797179503
1.3725396576043138,103.96181488998334
1.3572983300523798,103.88844212055068
1.3731554371437822,103.85743854584676
1.3353996176858625,103.85042774454875
1.314535504061856,103.76256302666698
1.38781548921231,103.76738023947772
1.3480923881559352,103.85071524506893
1.3658577757798398,103.93939621682803
1.3587094445976917,103.73404018628595
1.3549099416774109,103.93269665946893
1.4472891963935652,103.80345827070018
1.346060196945312,103.95835498331999
1.3568306776071244,103.87085289851287
1.3073525882108086,103.79304287977045
1.3984705790342868,103.89767900174742
1.389425297705494,103.87790329077723
1.3610215145626736,103.75060559038485
1.4357728553172122,103.80242359826977
1.3755943954810783,103.74143927198345
1.3343768347500882,103.87223839974976
1.355963490984234,103.7338128058681
1.3578256060544656,103.94442736573433
1.3461175664567584,103.70848878343956
1.4010576875081056,103.74910270005103
1.3500620546353423,103.75522115945627
1.3683523786237806,103.84915619322172
1.4022975860422995,103.90545054164406
1.3832406678884066,103.89392499062727
1.338904195710916,103.85715623993804
1.3255131743623974,103.93012192352403
1.356387792900918,103.93839481987608
1.321900287046375,103.87014858221933
1.352903592068194,103.87009892032795
1.4028683249626304,103.89555769177778
1.354471753063084,103.73508587092292
1.341814086279747,103.71076257233439
1.4471999812895782,103.79824270668095
1.3888657737568637,103.87301627893267
1.3865873411273604,103.89720139529956
1.3793596924931584,103.93665515207206
1.3774332259015742,103.94035373405333
1.4043509280487985,103.89838224798466
1.3764715063613746,103.76487770746952
1.307407686998477,103.80114693882355
1.445852308175163,103.79710215996428
1.2720773867142232,103.80950548889608
1.3387824439763116,103.77253537110738
1.3456288162703145,103.74285407936904
1.441696410602911,103.79015607033824
1.3526756966084599,103.73973041196939
1.3942863013490034,103.89497144513828
1.3923789173393541,103.74220646913244
1.3229561852714786,103.86289663747743
1.4013646980140326,103.91319602475616
1.3859370752531222,103.88136742674843
1.385508144880262,103.8807672154477
1.3848251525553128,103.88117377090595
1.2874057851499128,103.82195457501719
1.2872703813093966,103.82132458139256
1.3468929384063488,103.84903889786068
1.3467280291040775,103.84796196858346
1.452414048244234,103.81938785067993
1.339193697766099,103.69653737786189
1.3657924691512175,103.84282333002288
1.3073944870000278,103.79721476988182
1.3420747208404682,103.68629025612424
1.3229485990282084,103.85499674176046
1.3553098241474213,103.73424404246197
1.3341242969537614,103.86561026083733
1.4458246153741987,103.7945513962982
1.3997884629227932,103.90611351490583
1.3574816730404913,103.72995204556048
1.3530719059502962,103.9557819509157
1.3055432136998981,103.80076592902134
1.39846209112459,103.749201934873
1.3645223627682217,103.95744908722122
1.3531198242953244,103.86784501027017
1.327445393245311,103.92401190727385
1.374826546376654,103.73789382899423
1.3965158195193372,103.914249433235
1.3326722032677873,103.9102095517596
1.2871962242602102,103.8109595333388
1.3561959156617278,103.89037736550439
1.3326539394232544,103.92824836876102
1.3924859636137226,103.91017755675092
1.4176000651298433,103.8359107383644
1.4188003174404678,103.83566581814908
1.3523852577633773,103.74455096947482
1.3454184160128713,103.70450497497
1.3594526631087542,103.93847159195288
1.4308761516729318,103.84796586006735
1.3609959668063683,103.7423596629003
1.3367790053991966,103.92199280203859
1.3966650892381653,103.88981628558193
1.3728335776381313,103.95396766206906
1.3337050422245469,103.85570259333554
1.38234368246075,103.89454501913069
1.3486067091943947,103.93452762746487
1.3301854080867206,103.88754176245314
1.3271219362712787,103.8861685336754
1.381826317305641,103.89387537130371
1.3701636767983798,103.85901957035772
1.379095127820143,103.89035573411898
1.3574286507896436,103.84468078007363
1.3460336129565884,103.75526786071262
1.3621221194791147,103.93630480589711
1.3590239328982623,103.7299398636413
1.378852480979721,103.88282674251884
1.3617455480064402,103.73285022004339
1.3612748001728805,103.73265895438378
1.3653497819582154,103.75250749670457
1.4309576404913453,103.78954287322449
1.358799861871758,103.95813533439882
1.4079434132569293,103.89694326375995
1.370023879258545,103.88981152857039
1.3734846782065329,103.89013705744578
1.4187356334409271,103.8397196319287
1.419560740527274,103.8395850495397
1.3485022336478438,103.84954644349821
1.3508523920670508,103.95754099987569
1.4310311265676354,103.77388083426591
1.441583625493905,103.77328597807264
1.3256126305278946,103.91012027630123
1.2784465219882633,103.82620765734382
1.4039909144228675,103.91577473276028
1.392369508433198,103.74597579059076
1.3409413824174672,103.73577128087732
1.333576138761696,103.86550815121574
1.3916578225279272,103.74345689026585
1.3876381531704873,103.90276525555016
1.388026202928073,103.87429654870493
1.3740943338304388,103.77128777742261
1.3879209528862224,103.89819103211589
1.396088986472113,103.88860041380481
1.4297328841374894,103.79384032344525
1.3540243400076983,103.88772798834071
1.3529560972242645,103.94923227666864
1.3510370753025789,103.7570860539947
1.2889982393879627,103.82154755789131
1.2879731839348165,103.81743487655197
1.3114454075315933,103.76878387125852
1.342686271610462,103.87160897095575
1.3365237610794776,103.69449947461915
1.3652678937063814,103.89476232929712
1.3379860433610629,103.84271853955015
1.334181267429449,103.86947460592467
1.349186286848298,103.74656281807066
1.4017573994541512,103.90717716330575
1.4525692077895411,103.81627934468388
1.362016601572769,103.95674835073926
1.3695154946766643,103.88480118726153
1.3247875365642598,103.86219039002407
1.3330701480519516,103.91702168015789
1.3339653205275253,103.91147030369389
1.396230075992929,103.87992012601936
1.3569712709584296,103.74871499666448
1.4305860265841381,103.85026719406622
1.3571733836462971,103.75107613597163
1.380750209654418,103.9440439597496
1.341109707213423,103.87146895534495
1.3298157785444207,103.93539562603118
1.431791625386303,103.77908249546621
1.385326486817437,103.76997486365592
1.3258909244937664,103.88793032494276
1.2814248958990837,103.80728734696272
1.439468673343397,103.79931111179857
1.3559470777340212,103.75058828893886
1.393653128717478,103.89526828269338
1.3078781055992754,103.79299865762425
1.3623171973171944,103.96267659190256
1.3007664252111477,103.79941541562309
1.3300126743391658,103.94071895471738
1.3529035688402589,103.88569301665665
1.3862360064555013,103.89302514884494
1.4502182761681885,103.82356992861185
1.374762570285988,103.94418972943849
1.314142805112157,103.85679436470824
1.3142480077528347,103.85565990704708
1.3976216654089113,103.90723869720789
1.3809868553888358,103.76971811376318
1.3335203490270062,103.94261003100414
1.4020414222264017,103.89023853238778
1.3640234928050206,103.96304831965787
1.3144771967172182,103.89604162396152
1.4173182960972082,103.90261739489847
1.394265886886175,103.90231244699504
1.404262301324895,103.90589774545455
1.3545233439335278,103.73429843660226
1.4002948688068035,103.91916760159035
1.389756544030126,103.87127810662814
1.3294388455250374,103.93277279899935
1.3376379951120672,103.91892326973652
1.341980592615298,103.95201300910873
1.395893593666326,103.90749654266286
1.355539489206552,103.95080426910371
1.364902779425164,103.95782263472893
1.3412630143403912,103.85554719249376
1.3099306477747719,103.88796213771039
1.4155013936044185,103.8330783270566
1.3456982981445889,103.73075067062449
1.4444469785869813,103.8317650244619
1.3780571589721173,103.93752027904819
1.3733105885551486,103.96221398437812
1.4329788643966677,103.83622204884834
1.374665442481854,103.87936947124616
1.3480983129878892,103.72416988186616
1.3537885424272067,103.8677042500066
1.3372486363214422,103.73766433681722
1.3545984043074821,103.94389153613868
1.3887789060016635,103.76382581499564
1.4522811835496094,103.81806726541414
1.3691083184609287,103.85341024104119
1.4049379710640855,103.90815924075581
1.3736747440061898,103.89178850773901
1.3254206729613613,103.88489222045477
1.320581473049061,103.90185495749057
1.357989971431423,103.95950185799079
1.322645035299323,103.86023802941236
1.414625047963102,103.83678156057903
1.3725329496314191,103.88465580954438
1.364167472989176,103.85112470251083
1.3277121574018316,103.72100362528116
1.339971297544766,103.69371188269761
1.3212673446930483,103.88567606183813
1.2838747228425884,103.81738100251816
1.3706807815464248,103.84191504951157
1.3478373715973049,103.75769064387829
1.3891411469623842,103.90470661248365
1.3027982449371152,103.90985882603468
1.3380288624715024,103.84944145804563
1.4417255183250959,103.80479129858941
1.4421272698607361,103.8023129023381
1.4228612879168752,103.84920650977256
1.2867505434553819,103.83807728488232
1.3587863476386,103.96112081115966
1.3453647827536803,103.95555437994874
1.2810917944653089,103.8087482573086
1.4464750404299394,103.77215806379212
1.318950735219458,103.85051132089941
1.4425294127984014,103.79519853465868
1.351852410722152,103.74606160029522
1.319793541097395,103.85945966423171
1.348330025224329,103.75258074499084
1.3848853301097306,103.90003342730577
1.3697614399416065,103.84727757080154
1.336406458395666,103.74307551420661
1.3053823585879265,103.76802534273743
1.4293015692751967,103.79540446907949
1.3661509478768477,103.9602975570899
1.3087727313255404,103.88774870444273
1.4504002567394283,103.81868249774412
1.409527613827665,103.9005769821495
1.3826964686292975,103.94517130391388
1.277272552774748,103.8219263868762
1.2939054901442444,103.80446416662053
1.3580091035763593,103.84213372683358
1.3893741912113113,103.77107402188608
1.380737782497965,103.94366396503462
1.349135991005993,103.71601875049623
1.3698176250408123,103.84759017909086
1.3394546654449955,103.72021460420656
1.3788578566931493,103.8868118441643
1.2769776878380619,103.80838047232312
1.3518313139695757,103.9622693633612
1.3618054740126808,103.96218391671535
1.377852345463555,103.75210501052737
1.4536500909040952,103.8160655195301
1.3817285795551633,103.9426570317423
1.3772957322014125,103.89321264868178
1.3440978270338761,103.74652062536894
1.32497773649624,103.90329580952476
1.3482571603128568,103.71322552107335
1.392827737067766,103.87184242822518
1.2929706894257822,103.81168079585801
1.380724641080925,103.9366011899569
1.3329886965331659,103.93922449559386
1.303247947594213,103.91430013409398
1.335777639887478,103.69542890969723
1.3215633073909365,103.74096570306679
1.3644156171906947,103.85086482865758
1.3184904819561372,103.88757071670129
1.3247097578062532,103.91013180610723
1.3891903548713038,103.88858632098147
1.2884240919767715,103.81855953953973
1.3561995910625317,103.7510748189954
1.3688632105698788,103.83788987210175
1.3326287038878555,103.93817216848117
1.4177711393182804,103.83267885312004
1.3275233132896704,103.72340928707156
1.3980016463188867,103.88981185380756
1.390611789043851,103.89868784397902
1.4064645487556897,103.90879270721902
1.3444258695719074,103.69095913973563
1.347386123239994,103.75802211033795
1.4314256030295527,103.83873365441245
1.316380615366567,103.84847692779452
1.4210258739372295,103.84217959075752
1.392761297232155,103.87740903315395
1.3462654628096231,103.95484369267605
1.3348502733492207,103.91174726076339
1.3248594188737692,103.94255404377773
1.336871951940578,103.85404402653617
1.337522217648867,103.74288155171776
1.3140030581825575,103.76652353876216
1.376365501773669,103.94161976823561
1.3390461602288461,103.72111138803803
1.3588633678395117,103.8850633553387
1.3462910603033817,103.95435084876274
1.3559008688764516,103.95275413456513
1.322402001344574,103.73861915465291
1.3232638431865338,103.86794610432693
1.3890122153797035,103.74139232225681
1.3774543631003155,103.89538703403201
1.4021633625145842,103.9173323911746
1.3396402853221414,103.84587069329461
1.3742051418875423,103.85821873686568
1.4461177359624244,103.7972367323125
1.3525347127797667,103.74328452340407
1.3575381834317406,103.87312969577576
1.4309216514924112,103.78992420443315
1.371749242273492,103.87465332768849
1.3719216227073598,103.83827643877358
1.3355973125988791,103.9116578687608
1.35242270089561,103.86906723915207
1.3203206058735362,103.76302706041554
1.3702067803694697,103.88375610189345
1.3277181173020476,103.85588677020374
1.3460200248236278,103.74259712858102
1.34768794116212,103.70861984915273
1.288030426836649,103.82184494912039
1.3897928147650376,103.87610265102558
1.330179762936082,103.94011224035144
1.351593237554788,103.74493164099114
1.3333952838845617,103.90890032240584
1.3330642261402066,103.84857966245403
1.3963442628316387,103.90177651146581
1.4297450438536368,103.83310368031523
1.346910273999745,103.85368443770733
1.3432306872254811,103.70407638115326
1.3984742564459929,103.91550798351626
1.3536767671482832,103.71757174329258
1.3845728810597862,103.74115690034519
1.330470963232622,103.85580648387504
1.3382315820295982,103.84562166794595
1.3534273316294902,103.95225188839717
1.2933126420644183,103.80943148876374
1.3505676778692524,103.70434049430874
1.3792736137418222,103.74544878356193
1.4450462321410256,103.83041305028628
1.307000650457228,103.7970652182859
1.3656379608828184,103.87182743826521
1.3666191557637755,103.87133264425843
1.3662885665021103,103.87143235171565
1.3715320539226847,103.95737300479779
1.3212636354807843,103.85838218086413
1.3480991259290798,103.72507225431801
1.3303896066672514,103.84305595010757
1.364857351215282,103.96505258473105
1.3613853339691595,103.94094956338178
1.2847369861915807,103.82689522844008
1.3741869406328915,103.7726867485013
1.4316125739204038,103.78963592003119
1.3694152100949522,103.96089217005589
1.3496393659671964,103.93376684909249
1.335803447801751,103.69514939380045
1.4451312317915543,103.82985532756346
1.3677417351199177,103.8412386749526
1.4428980740282553,103.80272207311616
1.4375972788163238,103.77899602089522
1.350242247925901,103.88889267570438
1.313706452476629,103.87266478066746
1.3972145109283496,103.8992260613791
1.3814678614083,103.94323896616315
1.3652763341498226,103.95994933778132
1.3874503228159845,103.89331663948006
1.3273694759657466,103.92613565614063
1.3484207450002839,103.94392366388
1.322611403551725,103.8842944323574
1.3355260909107303,103.87341694092896
1.4308766409641362,103.8318653455896
1.3825572157306063,103.94488745926311
1.3317662816861005,103.90579363661729
1.344042107529708,103.95726892336211
1.3743170093637311,103.87905456289106
1.3752351169899788,103.774074483312
1.3268515411140884,103.89948500843381
1.32831411922913,103.92563678601057
1.3978894882250625,103.8775127727228
1.3351885182163352,103.87136828850072
1.3669341496919196,103.87125330156667
1.3672609163776004,103.87106836925386
1.3675925074261313,103.87091060489497
1.3679659419511105,103.87086372067132
1.3676087457537587,103.87146716855679
1.368652494895952,103.8704595159443
1.366016749230267,103.87184596518304
1.3760464461473225,103.90112085985274
1.3625598898709759,103.9524586737796
1.4300399918944455,103.77382225872289
1.4286299156872653,103.85055965314939
1.325545981294716,103.93149534768142
1.2874482381183727,103.82842322111091
1.3810365213285443,103.75307406507667
1.3274010680315596,103.72417385855773
1.3575748454200387,103.74214644650544
1.3776794173154108,103.87876134942228
1.3043676427138264,103.91612625093644
1.3615739432945304,103.94173332272113
1.430548963559347,103.84848242797767
1.3261085759562359,103.85810446596112
1.334110502514675,103.90892234137262
1.3627900088952092,103.94252834837421
1.3599464709143263,103.95162161128978
1.3603306422199197,103.95157226441351
1.3607902486867363,103.95170010702871
1.360416159238962,103.95112343743097
1.359762797458177,103.9511090809083
1.360383466519051,103.95218253813975
1.3527840888896476,103.74111148995601
1.3408991404853818,103.74643395127215
1.4279101767065083,103.77516858598037
1.444182522929869,103.80809869940319
1.338902899797672,103.73649816636738
1.3900003423279998,103.90933801240163
1.335942714836649,103.70031615733994
1.3369472686757162,103.7028451091781
1.4030358650409922,103.910050761878
1.3682592150377941,103.87058212539434
1.3694354578791714,103.87052592048987
1.3690414722963868,103.87060651391764
1.3688406627459988,103.8714647744504
1.368493392278811,103.87159796721554
1.3718807719161084,103.87584633198144
1.380538085968042,103.75849909927518
1.3353078269422045,103.85644256384283
1.335379028905954,103.85756564642051
1.3712869442483426,103.8741168563027
1.2922071562027242,103.80283154638812
1.3861271501797114,103.76028864859937
1.3535856932361183,103.93208819717238
1.2815893299906242,103.83003641708493
1.3353839827286451,103.87077056353941
1.358878713909382,103.95189907411802
1.3734048992881027,103.85112703397535
1.3735732535529628,103.85155262370483
1.3731327387055046,103.85194595859956
1.3733578106302027,103.85304874495208
1.372954896879899,103.85287668309296
1.4358132163119115,103.8316941864926
1.4361702440452802,103.83153525944626
1.4364908429815528,103.83232578367553
1.3596122947108407,103.95218974113132
1.349348612130096,103.74432078563336
1.3676298247102834,103.95739418830712
1.3669420675078632,103.94128736160835
1.3306657989495512,103.84187467134527
1.3256664124763475,103.92799107737287
1.3197706753476446,103.94660992842635
1.3535613176116044,103.70293000107083
1.3538058208475205,103.72148088530288
1.3799358492764564,103.76267081451537
1.4046102590987941,103.89761323996318
1.2899597244485943,103.82767672048435
1.3845224812457813,103.76411453232829
1.3693649833808064,103.871416710195
1.3692061909011628,103.8715734338601
1.3669091627879013,103.8722829915218
1.3664922858726487,103.87239955789732
1.367540103361885,103.87381414496808
1.367392621053172,103.87293378358443
1.367748711457577,103.87302201913108
1.3678133506114138,103.87240693078381
1.3681980724239509,103.87295486184141
1.3684927267147609,103.87271404651482
1.3685715857774599,103.87352206246649
1.3763067341537825,103.88211019115542
1.4283788489364613,103.83110897437322
1.345371389935263,103.70414810705992
1.348637721009489,103.7250476747431
1.3023531710963279,103.88389143988172
1.446854028098077,103.79803060335537
1.4279397617831564,103.77226704636357
1.3031200605679494,103.8839254533392
1.4382187443824719,103.7740754402188
1.3861485617727618,103.7628251777402
1.4543447203038733,103.81854446537044
1.379023193966797,103.8860877316949
1.4366346982539675,103.83130235083024
1.4369538832134632,103.83105833686778
1.4369411614769716,103.83210104251636
1.437269678739724,103.83191339981077
1.4371159487572363,103.83278866869846
1.360425654451888,103.95512845697039
1.360766005065821,103.95462185394476
1.3604017851729822,103.95407948467069
1.3589894263640254,103.95121091971254
1.3592336871998463,103.9516333662791
1.3595987070446427,103.95154347869097
1.348065157791831,103.72227047647726
1.3450654105490978,103.707295928015
1.3944071888483445,103.87511548750575
1.3373784790401637,103.73835347482662
1.3714774917267059,103.84586441777665
1.3869051476995526,103.89464933403521
1.3168320358224157,103.86185096824453
1.3525382314880665,103.9557131737534
1.3543005056848487,103.93043601667824
1.3509619011196576,103.7499615575365
1.3485803099234246,103.7212152083881
1.3685128004067164,103.87441037795148
1.32262089131768,103.76244687517259
1.350004530623835,103.75461829880709
1.3235529366461696,103.88589179838995
1.3051314811307628,103.91314038589518
1.3440059055328157,103.70189779571486
1.388280557278771,103.88929609020389
1.3729415875901176,103.83642975831881
1.4176271774430937,103.83850131164306
1.4169754921813233,103.83863144508996
1.3585145564826284,103.74809396764655
1.330734613740603,103.90483212057637
1.350136269322553,103.85249129432191
1.3377470028358942,103.72287463029322
1.3786396724827472,103.74233017657772
1.2805744091439304,103.811032944042
1.3610874825421957,103.8446627925834
1.327732480603333,103.93901756788176
1.3928341519904126,103.87650257962969
1.393586685922275,103.91421420809836
1.441307595273675,103.79748996614136
1.338438623969979,103.85889178312615
1.369531096121499,103.88068007491674
1.4006888803333521,103.89890411806316
1.3557354280999367,103.96169508223362
1.4306710524269464,103.78175638615697
1.433757530088875,103.8429313374876
1.2965719580010762,103.80418696503882
1.4450394565601785,103.79748967142186
1.3453175169823801,103.69159574571349
1.3356199389451966,103.9363309141836
1.3769580359069604,103.74228473850647
1.2822178604954404,103.82465644652677
1.3825635664776934,103.94353889101221
1.3972410159801854,103.90691233272453
1.362995103710521,103.96295699468989
1.3735952075606357,103.96349534047356
1.3952197593590978,103.89969487559823
1.3488454803974117,103.70852480075057
1.344270263067513,103.70411982251633
1.3489610448984817,103.73219502195201
1.3532619164887423,103.87093217732823
1.3481309000667963,103.69666526002757
1.3672793197986093,103.8395179974449
1.3098104891592044,103.88506204463685
1.3837034899380138,103.9009396206689
1.3563710101522115,103.93898157104528
1.3096590225981688,103.77121399172351
1.3458813129508784,103.93609559596102
1.3782055140185776,103.74090312403281
1.3766115073602938,103.77422930634565
1.3315620212484127,103.85774411897286
1.3406794232264247,103.68720161716924
1.4309916681347605,103.83959587522556
1.3628798673818387,103.74630370454697
1.3264556841812434,103.90047696233182
1.4316941960428065,103.83153763804417
1.374681019573965,103.87991092503562
1.3188972277637048,103.7486380292725
1.3339639292904657,103.91609682677343
1.375573184715663,103.76629806083888
1.3806706892646863,103.74637540602195
1.373579401517794,103.87177650746527
1.361721453912585,103.74915871518536
1.3749210429656284,103.74555888399861
1.4024751811261538,103.91069780103894
1.3764370852941155,103.88852270443435
1.3131781585964977,103.89721470343105
1.3887350108631498,103.89097914255451
1.3946508948087597,103.89095365955605
1.3076670938068828,103.88253744875426
1.333580393462125,103.8509503068387
1.4530434910405856,103.81701800461836
1.4448335686525793,103.79885134741313
1.402870223093479,103.75154905791014
1.294468562783441,103.81093248514195
1.4289741723555194,103.84654683154169
1.3260006780507516,103.90153046759757
1.3605566068238604,103.73823015302138
1.3600457404588773,103.73918120670358
1.360682368495072,103.73866148722857
1.4418169622146855,103.8219466345842
1.326909692580925,103.88955139800241
1.3272396608261268,103.8894660384954
1.3283255439143808,103.88918464817225
1.3277657988978318,103.88939095875739
1.386358226986401,103.91171580943907
1.3635386916990528,103.89369194430896
1.3925481684484744,103.8899742791094
1.321537559497335,103.85911705104239
1.351442581688131,103.74983271177466
1.4406487864435193,103.803992853913
1.3492486223757378,103.7312767088422
1.3310287246141443,103.93554298088235
1.3748535175560335,103.75025983719868
1.375835459151302,103.94153868308139
1.3677148093166247,103.95579165433413
1.4282707869367157,103.79503730596254
1.3632057203294399,103.75054629184375
1.348767634334032,103.93095983868842
1.2819670019457499,103.8296678805013
1.3884121216772327,103.77325055693665
1.3417925944628433,103.73802360705403
1.4425660598965908,103.78962427961095
1.3940548260376417,103.91067660188381
1.3254629780234868,103.93197254445629
1.4059937858873057,103.90830013830694
1.3620467593546055,103.74956986576437
1.3864207528647237,103.90008716267333
1.4363284301519221,103.79787808140597
1.3045751595698998,103.91493359109597
1.4306986881212655,103.84084798410069
1.3032130523284502,103.91271713210791
1.39327652536207,103.90712313877887
1.4114662160739,103.89708384164035
1.3326625566033359,103.9176351430691
1.3268272999103257,103.88878648625446
1.3264607010220275,103.88909952352547
1.360914835293839,103.72922549844075
1.3612616200186358,103.72895540360022
1.3609228697770317,103.72876247720787
1.3412557369027391,103.9360257816695
1.341249778912081,103.93747050911098
1.3413088837559297,103.93814155877776
1.3288276927374552,103.88912136396155
1.3278826714847363,103.85337210233592
1.3177661607650197,103.88702095629256
1.3455907701233687,103.72054853816556
1.3614179105581432,103.84327427988794
1.3940575965934765,103.87402413681876
1.4451560640910268,103.83378549776963
1.300803317598225,103.88366419133976
1.3878765473037618,103.7736990235873
1.3958375153917375,103.74505110882473
1.4125432791772616,103.8981161996767
1.3455814119710696,103.85182567789819
1.4033610804773784,103.74491084018393
1.3460031138693564,103.9396124785634
1.3177861308050167,103.87943292675436
1.3814853544084926,103.88002847563344
1.3994768219661489,103.91606302960022
1.3275025590025347,103.9000786205239
1.3380238629412815,103.69928641038028
1.3775166886093557,103.73520765253474
1.3333004415004048,103.92606854147338
1.4134765740706727,103.89872775356241
1.436742297216727,103.77677249322412
1.3957649477695118,103.74628604215785
1.4024090494270887,103.91180668530338
1.3699630997279326,103.89090230939671
1.2772828352152528,103.80874232385199
1.3314720631387222,103.93544511356913
1.3745537516226871,103.77088495943052
1.3269456171777967,103.94170851345785
1.302206020315508,103.79695187845682
1.370196382952775,103.9628830796304
1.4438484051660407,103.80191209441537
1.368812968818611,103.84456682509868
1.3748529068232231,103.85018531208247
1.3723941010081193,103.85255988658245
1.3745589616868688,103.85305364925941
1.3721306002343596,103.85269775597949
1.3717503708713856,103.85496476106425
1.373979122108222,103.85646133940999
1.3725013505563914,103.85096029429174
1.374758459665207,103.85586734307215
1.3727121538625426,103.85399622756033
1.3417554767904019,103.93844146240423
1.3742093933105828,103.85298942484613
1.373180912270078,103.85629318204433
1.373400703139413,103.8544574748432
1.372026096337291,103.85306492340383
1.3544503960166108,103.9397360252769
1.4007363414143472,103.91171913375017
1.382900813233193,103.75393123018802
1.3883739220148221,103.90419844529796
1.28484143535591,103.831581205963
1.4356584203165947,103.79035944649817
1.353122111979249,103.88396452327267
1.2965888765928293,103.80608372697856
1.4039886778892285,103.74723434523399
1.3180138780743842,103.76538608106107
1.3209127784786399,103.93553524843288
1.4240251069338203,103.8464525184479
1.397606630766757,103.8759934950597
1.280203282492373,103.8252442228343
1.3294914875485893,103.89897990678298
1.2884584780913517,103.8158859154207
1.3724841214659376,103.8994587722921
1.4383781144091845,103.77773329128676
1.3947329874663768,103.90756483658848
1.333418082907084,103.8726715747717
1.3814615142928877,103.89003374167208
1.3319668538785856,103.9170688007969
1.3410891149182882,103.73748507314454
1.3505097800510508,103.73001714705579
1.352387923595783,103.88567494071232
1.3868998475140297,103.76916504319186
1.34644189007833,103.87238410077398
1.3377476884957575,103.85253273109826
1.33768043976284,103.85319386237632
1.3126839243293564,103.7699093593228
1.3822688544862498,103.94330290786905
1.3361626229380663,103.73822577391606
1.3934425146720242,103.88465279297719
1.372122343345935,103.85055696808331
1.2870165136947533,103.84159019534471
1.3726887309043252,103.85520487634506
1.2874566631641027,103.84193895593017
1.37257539430413,103.8554924161189
1.3735902300055163,103.8501537775483
1.3737267036266165,103.85460976064464
1.375220665807563,103.85305436357977
1.3729451734014737,103.85024364648123
1.3718820844663404,103.85358488356867
1.375177398156161,103.85539335943487
1.331795313279457,103.84842323131201
1.3717526445024009,103.85586923042605
1.3469191091265142,103.95487100823968
1.3470006670958343,103.95421170359838
1.3466298208600473,103.95432785722255
1.3455832499352545,103.95314728885492
1.3462116904425419,103.95387904786993
1.3479232876733125,103.95635889633952
1.3475906992689628,103.95630686910744
1.3549235461949685,103.83777569409132
1.3916706333305664,103.89986998753535
1.3018483331652497,103.90691772251206
1.390160633983316,103.87704959975888
1.380733576214544,103.83533881727833
1.4034139804307042,103.90787996591334
1.3361162361262002,103.6984132645536
1.3388347666841165,103.73878010506832
1.3858473197817005,103.75770723578921
1.394002173039781,103.89919339961514
1.3557033082210552,103.95207935197112
1.3754114787151364,103.89477332276674
1.3369666312334207,103.69568809980575
1.3652186784819689,103.96021092884736
1.28821545720268,103.82843368459099
1.3508274953525121,103.9310707441959
1.3981897380771944,103.91668622387158
1.3756023808294329,103.88352895680839
1.3257114461861998,103.85809635006554
1.4325259035237534,103.79634605205574
1.3590847944648177,103.94510968693731
1.3719326269086425,103.85099757246454
1.28736397204675,103.84124917742845
1.3720068299874122,103.85015438048609
1.3740286113116267,103.85559757894562
1.3739780645531703,103.85013993676827
1.3753761350901974,103.85425494816162
1.3742846099031318,103.85625000567029
1.3756956752339105,103.84993001915745
1.3744575589035477,103.8501288523426
1.3726063920540195,103.8548237712515
1.3741290068581247,103.85415183432755
1.3754561840655697,103.85342806837251
1.3744856959486589,103.8541105701819
1.3481277698903413,103.95566131562262
1.3473518362651515,103.95567715438631
1.3472608083478794,103.95691923616343
1.3469330533243042,103.95653443411912
1.347980250590997,103.95706695515013
1.3469789949262632,103.95599074505532
1.3430573562156678,103.94956447449873
1.3437725765506945,103.95041244788125
1.3037614272877716,103.7824619684771
1.4060534674992027,103.89606559863248
1.3763769707413405,103.88416782481725
1.3560796786520162,103.73784722613753
1.346687614470489,103.75827583243374
1.3297365094200435,103.9253927424492
1.3206039441053954,103.76271126548737
1.450656339608583,103.81965238890912
1.3232355903139257,103.93921888237611
1.3654417858974763,103.94126559746331
1.4011475826481004,103.751598944546
1.326926914044222,103.9226740374642
1.320303383491641,103.73895677471481
1.3238691977132515,103.866330039733
1.366251535767583,103.84152061586074
1.3649965511033064,103.84915780516393
1.4356278183938465,103.79172297792877
1.34942268999302,103.71284328654444
1.423693909568743,103.84496388040736
1.3580443413002143,103.8481836303566
1.3410692319565243,103.69846276772236
1.4163954201266233,103.9132141862595
1.3383020384068505,103.93964993278804
1.3377746402681698,103.9386642535521
1.3764907646639348,103.94755545105298
1.3764317730927509,103.94797298034109
1.3774498320194681,103.94675691007578
1.373047602466273,103.8540904737304
1.3599070028473907,103.73858070482997
1.3601745667415723,103.73820393821448
1.3494344148236155,103.69838390949694
1.394719213738111,103.90998700109795
1.3419586741973402,103.95091935929663
1.3413950783202335,103.95140703145877
1.3409307551757905,103.95145845760081
1.3411935673281168,103.95058168463592
1.3064515511519732,103.7966229668341
1.3668374036350637,103.87350079108116
1.3775025269278476,103.9455821870957
1.3679494960383067,103.83339536609023
1.3529704087652852,103.85265627090416
1.3326214708801618,103.86556124525747
1.3751007855400843,103.74454419477016
1.3427912551477432,103.87548106048985
1.332727839779289,103.9108854348153
1.3755664953417166,103.88053757989556
1.2772826960138026,103.83180649421975
1.3218724037702798,103.73742049355045
1.30389091477601,103.76422083546622
1.3093692596923516,103.76756501071567
1.3449605456180993,103.6940524234382
1.3228090482779034,103.73984839594347
1.3531478340596834,103.86712537979149
1.3982446311154055,103.74673157998319
1.3997191406039984,103.90375934768045
1.3349288538945552,103.85720694950973
1.3212871029314681,103.90017999183623
1.2772674752576172,103.82145540175661
1.4479071756410955,103.83403100488505
1.4376099346033437,103.83247099363084
1.3302976362731838,103.93104737255277
1.3280956411322211,103.9329552278899
1.389435072474037,103.77222668232157
1.3633872713781883,103.83422623631552
1.3463226428064579,103.94042931585552
1.314040783146538,103.76272025000051
1.2980138211160617,103.80522693635326
1.3186910490426111,103.94650470136854
1.3193666668527553,103.88444217957567
1.3304017279432032,103.72151823470138
1.3036077430287374,103.76335178204712
1.328872487567826,103.93909698755417
1.3287042934040973,103.93652085958054
1.4450698599912706,103.82215015567948
1.352616549639637,103.85280076269169
1.352048821908574,103.85382322753276
1.3515159754977892,103.85281749774941
1.4428896265800242,103.82149304127924
1.3172139252914183,103.85825014005121
1.3176578991086132,103.85786595900655
1.4324565535454026,103.7834806295984
1.4325010908722233,103.78240793289487
1.4313610766112879,103.78298109119791
1.3396809455831107,103.93874434327387
1.3402045532932374,103.93887058918341
1.3396937665566628,103.93947273104172
1.339191886324144,103.93924536558573
1.3420085185379673,103.93797637113191
1.3425242304649814,103.93827228659082
1.4497075468381628,103.8318185593704
1.436126042487344,103.79393450026734
1.3686616551692146,103.88503630270604
1.4358412380025034,103.79838206335977
1.4340176594339122,103.77652209259925
1.3500973474150038,103.87081367999488
1.3201146778524706,103.86686208699433
1.3031301662987875,103.78292063589511
1.3278739553853094,103.9318062876746
1.3285487891495509,103.93283486472713
1.3283367282183485,103.93174074207847
1.3284655417309128,103.9336853007348
1.3282254233526718,103.93447103751193
1.3287257978968317,103.9340957872092
1.3305433936297533,103.93366507600877
1.329825394107703,103.93386813350246
1.3309744296925867,103.93359482761831
1.3293513332913893,103.93392041182622
1.3408825543411502,103.69108072149916
1.3410251211594095,103.69086802743146
1.3403761715593063,103.69060395366157
1.363466082532274,103.74014882181906
1.363124881577154,103.73281048965066
1.440485736595452,103.80175121885169
1.3321168386663547,103.84937375493735
1.3318909267294259,103.84980659766764
1.2876803083398116,103.84136166485368
1.3589024159808878,103.95433242428906
1.3590144070522925,103.95502720491355
1.3592238296424108,103.95465679387672
1.3414277102972365,103.93876970974206
1.432775793266199,103.8471933337079
1.4334077607811548,103.84534329546682
1.402112922607551,103.91372219650282
1.3332531515783568,103.85834210205103
1.3439586270679473,103.85719589003318
1.3183125446530795,103.88667863316388
1.3431101493962807,103.95108989569479
1.343823770133803,103.95195795388746
1.3438921151195193,103.95112519332176
1.3424251338644764,103.94952301432417
1.3421416413476572,103.93875001017295
1.3921203483061193,103.8732661617798
1.354451919685985,103.74035981966225
1.412506125276197,103.89905626013464
1.37536472266661,103.88831412679954
1.4378863008865217,103.80102209936246
1.3269971368083502,103.93583043007793
1.332410766237805,103.92653931846232
1.3333320464133944,103.72140726325982
1.4197340876269748,103.84729232902734
1.3293705733995589,103.93109434995755
1.354436443895766,103.75259426095273
1.3236902176419685,103.73932634931617
1.328241894610638,103.85608912325915
1.4046588563979376,103.7484943903159
1.3415940061562803,103.70808354803104
1.3655682934634532,103.84517167441754
1.3435660426960339,103.68943836437697
1.3622153958678562,103.74566811037357
1.3792550825122856,103.75397388008871
1.3596075993076975,103.95464212330224
1.3595695926838949,103.95405875388938
1.3597788852028398,103.95514233458898
1.3599526130582595,103.9546722959031
1.3603345757460363,103.95465404332818
1.3906537445909573,103.7471424827834
1.4364009332044483,103.7905701221845
1.3812315328220783,103.89683189361894
1.282755662437736,103.82521412203064
1.3423111540247918,103.95018484339097
1.3445461560667458,103.95131309199732
1.342141141069005,103.95042807278386
1.3427300154250228,103.95018453651235
1.3429158116304931,103.94991097116758
1.3431924951577923,103.95039392380168
1.3455395886684334,103.95247144841055
1.344766376765988,103.95304746616534
1.3454735810746408,103.95391813837185
1.346270299942501,103.95334191558058
1.3187284708911584,103.77007719172448
1.3619776913233688,103.85386033896305
1.3855670452010405,103.76428582390218
1.2802089530037204,103.82835511663389
1.3526506584615534,103.93197858518978
1.3211301202230206,103.73898122881107
1.3044247972041898,103.8637024991388
1.3523600087193715,103.93807159506983
1.3269132747107828,103.90263983046242
1.4440070685781927,103.79602227677694
1.3633875760197263,103.750832642127
1.3552034345468156,103.94554213517553
1.335856338447212,103.87893546845488
1.445008088706913,103.82295704726252
1.3749631432452667,103.77299633484728
1.42925373484024,103.83105396136482
1.3675462428266343,103.96388807704561
1.4383129976959597,103.78092366359314
1.4293787297658302,103.83247314007137
1.3882982155384678,103.87354951584858
1.3691192158346832,103.95155985148916
1.321103486784322,103.93687560457009
1.4317268442852842,103.82810268104876
1.3456347775022999,103.75888664290608
1.3843896472519985,103.89466905568837
1.4019229271800355,103.9114670776455
1.320890358839115,103.93370139572258
1.3594006277778803,103.88503949526888
1.3719578715160285,103.89686137875643
1.4034369363280823,103.89941915593609
1.438697594222955,103.78126955209181
1.3054388994302397,103.76359575741265
1.3283473006311337,103.90419327768188
1.3408077347376002,103.70007671063145
1.3392792922904941,103.85628271574777
1.4054101278954054,103.9128605926989
1.3849014056955202,103.89382208862956
1.442198333391809,103.79259818329022
1.3261224158166518,103.85567861459342
1.36991215473919,103.85925535333547
1.3628319963731523,103.75085279263922
1.444169862093297,103.79753260363056
1.4425826186394302,103.79855453902272
1.3819772001607313,103.88111504297036
1.393181148476677,103.74924135450901
1.3994599565360066,103.90371050956821
1.317490433482677,103.89809426640798
1.2752424331586691,103.83604107274621
1.3511539061045168,103.75797634261927
1.345174393956618,103.70794422101032
1.2867102055098119,103.80896584524201
1.400792386106645,103.91396789921684
1.4142741689704095,103.8411162994095
1.3125398438410008,103.76324605971314
1.3194601280269118,103.8610369753346
1.3877774513850212,103.8901108179725
1.3476680501753604,103.87280380051621
1.3077360213905045,103.79672365338949
1.338787260349869,103.8468557692047
1.3682474915785778,103.95229338289046
1.3520989949541706,103.74385641640805
1.4517320182477096,103.82811670555789
1.3544181454267665,103.93266422581452
1.350209141123899,103.73125837710295
1.3985006849154222,103.90536494380214
1.3937114481535036,103.86976311159863
1.4019348358284094,103.9124620007002
1.2818957499507495,103.8270564199167
1.4316278287565494,103.8306080851612
1.4009729565383764,103.91344981022628
1.2822346818129104,103.82508327429616
1.4361503102767594,103.78199520954327
1.345326976125866,103.75870535458799
1.4459724605053546,103.82967338031887
1.3763351070696168,103.9432091581462
1.3244508143037292,103.86265162613617
1.4001989991894068,103.75139855460387
1.4003268699747278,103.88982028115667
1.293269664448068,103.80351427436172
1.4394994525410338,103.79139370925904
1.2767658460733038,103.82135548264739
1.3646430885457528,103.84839640113003
1.422148625968434,103.84280178628468
1.3788110327476406,103.89433113682915
1.4323093205946142,103.83638064409757
1.3740872480095345,103.88574425987349
1.3742758747943118,103.88682021410827
1.3702833721144416,103.8861963505906
1.3943346597583446,103.74554617007993
1.3831150701629478,103.93673483990524
1.3695838815014743,103.85824456868475
1.4246507682579541,103.83326320793964
1.2854861548726724,103.818760581097
1.3876027584009822,103.89216801241666
1.352933266474022,103.865551955951
1.2938613613878507,103.81159354100369
1.4502375099115135,103.83151018719151
1.393696631740793,103.90630175954546
1.3747207114042577,103.76986487386803
1.4446107392382244,103.79630027826227
1.3132486962296335,103.78818590957914
1.3710423199955024,103.96289666742615
1.4429566443502715,103.80719346291963
1.4567603494044166,103.81520209632883
1.3912376009741199,103.87477153171832
1.4307807011455937,103.83801066554263
1.278694198173497,103.81922913589815
1.429642988645203,103.82708624776615
1.3737529812367435,103.89719570630983
1.3935820516321336,103.89681490612274
1.4512971454242989,103.81376804043084
1.3451551793584877,103.75959795884691
1.4460967036814223,103.79397847560888
1.3512018143747644,103.70453224066162
1.3641380752318035,103.7477421956511
1.3788018762251522,103.74186364851376
1.3730609063550874,103.77481264664961
1.4458600977129268,103.81532556082844
1.3181721089080227,103.88542320611863
1.450104368917161,103.82101215712017
1.3421997129625238,103.70761145402949
1.339031353650531,103.74290595262264
1.3562471869297272,103.84368273654597
1.3518993404489918,103.7193746037934
1.422136346208021,103.83325512932612
1.39263342336243,103.912411159177
1.392813683583945,103.90167747998919
1.403331067642236,103.90022600659766
1.339168663247955,103.69359644484993
1.4441130666972428,103.81701258356816
1.3619665827401035,103.74233829435637
1.351448376416388,103.8832255068187
1.406284182923715,103.90949499252322
1.3700522366085601,103.96123892722949
1.3629431655008308,103.95675834527023
1.352851250130216,103.95634215185437
1.3909683377999718,103.88415842801543
1.40375761705993,103.91421746398215
1.4329144021077507,103.79392507798732
1.3589198269162779,103.88834019966866
1.3065849784266776,103.85518867270599
1.383350946340548,103.94348683614797
1.3882255980126068,103.77081141098918
1.3446406394384176,103.73559324048162
1.3505785805465813,103.70494771456147
1.381352663781625,103.94345872382219
1.419618531747641,103.91171028204697
1.3467995631873284,103.94575626076522
1.3828708742428,103.93721367794711
1.387362791832653,103.75901388818346
1.284885454080577,103.82278922085013
1.3425290981482267,103.70417344711981
1.3376697616100464,103.77320657149468
1.3964882151971656,103.89596154008497
1.3801175243093093,103.84037156425403
1.301896170902447,103.8840313481553
1.3420989416700793,103.8736632856636
1.3772641828141445,103.7430547060329
1.3799683837069623,103.7496468778818
1.3575297404928015,103.74176211507586
1.356615358466549,103.89168835044656
1.3314720738014292,103.94090986691035
1.420889637213049,103.83905125349423
1.363921380462783,103.95908261434305
1.4314697516660255,103.77587362055266
1.4466668206319806,103.80089883053677
1.405815576567925,103.90591444061663
1.3847068711304034,103.7670886395283
1.3836040692996976,103.89849607763925
1.3941278557637227,103.89542960661434
1.3654823176002628,103.95849566288719
1.3612265446388339,103.93629974474297
1.3611789947585837,103.93521706191648
1.403557223479607,103.89307793854405
1.393285956243823,103.91213888458628
1.3467226226637865,103.7577943629694
1.4020990185301307,103.74790434858079
1.2750814454637147,103.8259427485644
1.3091539519260953,103.76850100894494
1.3125812834251052,103.89658854861787
1.4431035437588038,103.79109232291837
1.311640516693709,103.76651845379804
1.2835439873813979,103.83042930343957
1.3487205882777067,103.71235725977616
1.3228736324662145,103.93284460515805
1.4389860773444332,103.83753550908483
1.3133258630134959,103.87345906458887
1.3317014989439875,103.94038277815393
1.3708809380565008,103.95096037108306
1.3225428967401567,103.88245305300602
1.4443250095221862,103.79583695968141
1.2766849719866076,103.83944169740911
1.278823046485213,103.82820283301776
1.3525505588802795,103.71939559529353
1.3683046831179035,103.84774954874547
1.3449970083262894,103.6935707868233
1.3796443517090389,103.88104742391553
1.3624858104296804,103.83317006388
1.324085739232452,103.88757276542425
1.3051033432008483,103.86086834031143
1.3815694785774821,103.74464790312692
1.3874119591829064,103.89358311413315
1.4304928404219488,103.7796477196113
1.394494244474697,103.89176702827949
1.3467823601724866,103.94079857868893
1.3913788932360225,103.88054396324851
1.2842983428391208,103.83303266371927
1.3317043110138946,103.92458318353101
1.3944149954590466,103.91088157209204
1.3301438107553938,103.88774350721079
1.3610998493750495,103.95946615995192
1.3501350987765832,103.72323940009049
1.4506178164928891,103.82455667661705
1.4067195663198069,103.91150614146208
1.3526105900436456,103.93738434755889
1.3526704509000493,103.93642796032105
1.4463585842558901,103.81392171751635
1.3763033019791124,103.94251085421682
1.3341254610037454,103.86661512985381
1.369923703604119,103.87023264872525
1.3548716918876802,103.84852525788956
1.275750722252187,103.81195330136812
1.4039940601704608,103.74891179122865
1.3808631396211906,103.94366335930548
1.3898076226078506,103.90217455291193
1.3292319940108874,103.93907903769546
1.429147992204581,103.84225633643105
1.3034043154757804,103.7832629801824
1.3909200127612265,103.89228982255997
1.4188970975815263,103.83913473227022
1.4191065977727513,103.90407675587551
1.3568191398846052,103.93137854366307
1.409135108231355,103.89760142486416
1.3668291940202175,103.95040869445627
1.444535778352788,103.80801228384756
1.2983106536371247,103.80389270768818
1.389664550906668,103.90829185877075
1.3616186419580387,103.74748896143652
1.4266889205898252,103.83730745992462
1.377517362520252,103.73641728695036
1.3698864692007189,103.94971548113115
1.4337801415727067,103.84388266206217
1.3078632003128874,103.85914438475884
1.4231389861851806,103.84661508729317
1.3666543338181785,103.83957872306077
1.2977203102044714,103.80565721945486
1.3480388687859675,103.73047510509382
1.4370627648388916,103.7926448686631
1.4026195016593248,103.75112710007083
1.3828806907148998,103.94298519755579
1.4477630035275482,103.80422062595895
1.3750911706374327,103.94356452925025
1.444223253157696,103.81538889789694
1.3224688606857755,103.93942543095754
1.3783916693983962,103.75020182729006
1.3786628347974352,103.7496341321388
1.3153906402869475,103.89525277878539
1.435540171607078,103.84172854255736
1.3929228083302538,103.86970335188975
1.2807259751725077,103.84275530802536
1.3461387052687424,103.93740701707563
1.381398246151588,103.94343099191367
1.3690938807305835,103.83823581805011
1.3357920038620084,103.8793490792463
1.396012873909929,103.90717945691615
1.3756129872646508,103.93646918338828
1.3494245580392998,103.93924669839151
1.3544590702334625,103.95857058671022
1.3273895388353472,103.86099916039056
1.3217486322199365,103.86257664747298
1.289346151941053,103.81040700905783
1.3120973511354255,103.87374376443013
1.3641035689752874,103.84818264107032
1.37335784968724,103.88262240589538
1.3826573396673827,103.89743640375104
1.4337383616236885,103.84232487478313
1.3573990357223669,103.84640835811584
1.3675269212286059,103.95308081381884
1.3789609521118056,103.77296512139017
1.4349254925573631,103.83812944052505
1.3344092746212237,103.85161562670949
1.3168735126118833,103.87654730178456
1.4377152437454774,103.77727342654975
1.3792606926309752,103.76636868226346
1.275652973081191,103.84245158112125
1.3764313085468227,103.89473569637157
1.3735634055583177,103.95588686501371
1.4312381850863465,103.83718560570338
1.3590476359688746,103.93437362483522
1.2925012495306407,103.81518547011561
1.414778410513849,103.84124756214759
1.3667869324377753,103.839852067041
1.3891965751736515,103.89171735532219
1.34973627113038,103.85244411228936
1.4538761916806167,103.81866759160188
1.425919909888188,103.85304071626437
1.338838720630581,103.72217001508783
1.373825530441481,103.89585165687824
1.4268409510255824,103.83410568844242
1.388761174429179,103.87621495367512
1.3283363812165747,103.9420246779549
1.3726107181518574,103.87041601678163
1.3370667848811477,103.69782437841071
1.3768776313157,103.94080995346631
1.36019858567859,103.74753580293027
1.3818316539213147,103.94344022912999
1.4027279345759431,103.90047730847142
1.3914555014268861,103.9087497438939
1.3502491107126453,103.86833730488677
1.352492444015136,103.72590916014032
1.3233996296838753,103.86672817949994
1.4565139871495778,103.81759459919611
1.4324276542283005,103.84662368277066
1.4302550632079134,103.84483578509536
1.329910170110557,103.90919869164503
1.429724707853554,103.84305075122607
1.374986644010046,103.94751862432219
1.3896918935151776,103.8928176333318
1.318490206601519,103.94387299255757
1.3607158455429358,103.95788210442382
1.4380806241416988,103.79363273187091
1.3465995014164116,103.71358716413899
1.380350381678965,103.76482031609152
1.3500989727479011,103.85306098461511
1.3461421386852732,103.74035539403155
1.2778391830949913,103.82076496451768
1.3011296035270685,103.79928911030794
1.320740293542984,103.93659298641118
1.4035895823266185,103.91474266473257
1.3470138452530869,103.84998589145695
1.3369133873554455,103.9257627320255
1.2770033615284475,103.80689992169506
1.3736706911812275,103.85701205507993
1.368716655719924,103.84017673910387
1.3093702142812813,103.78871542465946
1.365531476793504,103.88940543398557
1.2953805258081195,103.80379806118243
1.3466296530273942,103.71729511810355
1.348430651711506,103.71618591381426
1.4421011381077748,103.78730395569625
1.3914307239538384,103.90540691541068
1.3423952225560536,103.73931366864629
1.3094673473720948,103.7933688598298
1.4100555479646022,103.89649762641503
1.3860102591313481,103.7658735922889
1.3493328057809388,103.75231224323757
1.347298351342418,103.87345119766528
1.3663346618265741,103.8887754382059
1.3791355610576006,103.75756612362356
1.404005687911692,103.90980769495118
1.451876571222564,103.81865785385415
1.3269641076598726,103.92815590786684
1.3257756115131683,103.90993437065978
1.396955743817216,103.87946949317502
1.3509877381490825,103.83752074904369
1.377487456695777,103.89031078318506
1.2958908307482986,103.80937981231277
1.3349464286159116,103.72043427767498
1.3841147496737518,103.88148880337526
1.37935754968525,103.83670066286187
1.3362723047230802,103.71983411632304
1.3820298522519756,103.88070772084559
1.387364571207558,103.90778603580745
1.3431903596273178,103.69739338391993
1.4530889784496255,103.81777523733217
1.3429425717517103,103.95826392602
1.3896858233992002,103.9073018854147
1.314990954427034,103.870290310124
1.3788036853861851,103.89633161746063
1.349105385238862,103.71872787665532
1.433351533013428,103.82854051842509
1.4028439046956587,103.9007445949394
1.3313496629935657,103.90865421011371
1.273838266548946,103.81123796739261
1.3621358556270489,103.94006623175015
1.3212372025045287,103.7657273602926
1.3557415104663084,103.73943571022313
1.2974766421008541,103.80537363221717
1.4105648762815695,103.89667825748056
1.4299740549623103,103.78972478397024
1.3483372651540722,103.94806882480326
1.3348606222389454,103.9133534673954
1.3244717664466725,103.85789688177982
1.3453887466940402,103.95512832834524
1.4465727799894368,103.8149922432561
1.3790139110250763,103.9365227651159
1.3886173380852427,103.74108347565678
1.4039253498333484,103.74774149936518
1.3511930379621766,103.94253576854766
1.3653735962117082,103.84457276582174
1.3950786526385557,103.74854532666419
1.3746809265951074,103.77035284890306
1.337155995207257,103.85271987956226
1.3550048716937497,103.96158171917365
1.3571444034341789,103.9448861172762
1.3762262928771754,103.87827194905074
1.3775058386975925,103.93517701679434
1.3177765841849705,103.80725788792013
1.3931217591868845,103.87311558480158
1.4432763873472492,103.79629066645118
1.3115649626850692,103.76687777895592
1.3307205593521172,103.90552766382827
1.3521362588526322,103.72057747215062
1.385856231331576,103.9003211670149
1.3978510263800088,103.90944007085064
1.3562166963959108,103.95776623561409
1.3249067395677352,103.91015158106465
1.3100921490675974,103.88868684879104
1.3505860007097652,103.71647112738503
1.3800179521066436,103.7650653002742
1.3180396352578014,103.87422031192988
1.353230179011256,103.70275850291672
1.2836824356406273,103.83314859483139
1.3587300078354705,103.83060132684066
1.3363156554580802,103.8494116583401
1.275799499544221,103.83903565087635
1.2881107334070545,103.82907191856945
1.437751523541979,103.84035749043645
1.3620734570437005,103.93981148024389
1.3796713580462616,103.88914301570726
1.3089016144135621,103.88532385332914
1.4048770688356425,103.89636352482381
1.3454547176613514,103.69639735080419
1.43367869822799,103.80105478152747
1.3779689876321146,103.93597619431361
1.3827503772296532,103.7702825296213
1.4433400988813787,103.78981731371115
1.3507356545083875,103.74627339743867
1.350823581322536,103.743708106784
1.367329015087848,103.95434278950721
1.3247090972851494,103.90322974103866
1.4385712991433317,103.79739412763838
1.4403199021008575,103.7924666085258
1.4369138110276982,103.78936188135158
1.3207634132181416,103.73694702665523
1.3450928642005013,103.6923712989353
1.3269859270604405,103.85778098082358
1.3711805924440426,103.84260821704986
1.3731268219622177,103.94682087337678
1.306704740587208,103.79427717712548
1.3960831423017537,103.89045314071207
1.3778523894237498,103.84378489505183
1.3930275000782013,103.88839163519441
1.3382505659369264,103.85930880748927
1.339156976357902,103.8587821537758
1.3583251887923717,103.88523160209648
1.4264313020050416,103.85142082137764
1.3810166095244816,103.83516115188552
1.4316524543802336,103.794936766136
1.4131673975234074,103.8980170588641
1.3779599497631403,103.9419115140523
1.3485662685922586,103.85605015680599
1.3355630082418453,103.92380969550796
1.343852096113425,103.70419988535917
1.308530438756971,103.78452963312537
1.3496307162839476,103.88857739118278
1.3221484444164104,103.88287930511423
1.34430470539305,103.85470225736583
1.3608732681087923,103.74869387946615
1.4439708029304887,103.80856116267046
1.3415095795418455,103.74751110575411
1.3504550494904166,103.83877907918776
1.3525964507906516,103.87315006380267
1.333317586606206,103.93661515171888
1.4415278780528293,103.77216642146735
1.337066217362776,103.69837741083258
1.368058877981551,103.95199093965928
1.3487935902606347,103.76006580856762
1.3700913961019832,103.89610837574725
1.3232748032997235,103.88728024007393
1.4215532896739327,103.84856800131713
1.44649731332637,103.79664077851147
1.3591332235611346,103.93554822761985
1.4497319415357166,103.81932541486215
1.356318744938292,103.95074571491338
1.4554790708509988,103.81325555647655
1.352481157261997,103.74205734301927
1.348877591775875,103.9389958447326
1.3791451369188281,103.7461033158696
1.422202020439285,103.83369855482972
1.3466581022987372,103.84991706190425
1.422136611221194,103.83286271961964
1.3285024258008675,103.9002083225248
1.3221896621636087,103.85493064692737
1.271600640143234,103.82568196731204
1.3442451598210816,103.71225648655481
1.340497731087409,103.8722854851777
1.3986707567898669,103.90332158637801
1.3766226550133025,103.74308472665774
1.297268011937577,103.79823416204992
1.3743332002466013,103.96204717057944
1.3539350449826815,103.87008341941618
1.3757436310985924,103.74590500596983
1.3881300789907391,103.8927415570635
1.443793925617327,103.77442263569276
1.3835663150510236,103.7700893632503
1.3321596030642597,103.90741602572369
1.3990206565796948,103.90942245191324
1.339723944635837,103.70154330652626
1.3983975749154949,103.92294540459652
1.390832471216872,103.87095034832429
1.3419805804666647,103.7467187049329
1.3992283819698323,103.91512258701225
1.381029523366638,103.76243398992739
1.3715008700677773,103.8847168070946
1.417223394328959,103.91055790405645
1.310098267948333,103.88562423166137
1.4511931344177806,103.83223849323566
1.4339892692890714,103.78484473260721
1.4007608983366107,103.89835991076002
1.3766497882681552,103.88154674220337
1.3359740097594968,103.6945727955093
1.3737862593300298,103.88484531295666
1.3782804756957185,103.74459326485359
1.4503368671207995,103.82636120330531
1.3959894215701214,103.87802480044118
1.4305521641422696,103.84031574298922
1.3489654828618007,103.93476174048504
1.3743199803668664,103.9565641489182
1.4279064837213105,103.77400612790768
1.439816131745461,103.79392996832247
1.3978046115748022,103.88815087419043
1.3746233769460399,103.77467056824572
1.3943006319486448,103.8856765904461
1.4398904012396019,103.77669369956818
1.3778833238165853,103.93344017860964
1.3895703571713127,103.90412862595021
1.2924625761360018,103.8002779973067
1.3599907434546312,103.93573941017452
1.444945121559456,103.80216604460622
1.3912470675145852,103.88433124579976
1.3768909667254892,103.90049679423095
1.3706811073426153,103.85351398389355
1.3850166574358327,103.76190365197137
1.3997092413896364,103.90439271864142
1.3821424749889226,103.93674945436427
1.4450454839970224,103.7993785797142
1.3210847792603722,103.73948801672492
1.4199282472240524,103.84510976315481
1.3361690709167868,103.92147868742033
1.3529092499562245,103.74042355816022
1.3526762109824522,103.94900581668452
1.3399248785801945,103.73848921041952
1.4462950808721335,103.79588034307812
1.4358074353438284,103.77403885881306
1.3666675618672914,103.89502192801771
1.3146331130652817,103.76479465115074
1.3197707182355944,103.93426916087316
1.292961263683494,103.80477811898437
1.4344007263184568,103.79166749383415
1.328566621904877,103.93004627745485
1.3795132147093068,103.87937559814178
1.3593304205165964,103.84720333357242
1.432913840546681,103.84272799947124
1.3522442241412784,103.95754171859748
1.3695925555775479,103.94912609551834
1.2834300369485634,103.83152471730436
1.3310335205270463,103.8566097667941
1.306075389808283,103.85110483219324
1.3785644435626299,103.93906778873598
1.3916987983675613,103.88749429019408
1.4120665014684806,103.89787278636337
1.367889519598363,103.94117070732521
1.395225675834907,103.90737099095566
1.3892576434653403,103.87403923300425
1.349631415805587,103.71845131457682
1.3477130778573012,103.69654456776394
1.4445626020889466,103.7968855861138
1.3655016354448355,103.9366061674562
1.34482076208219,103.74550041710896
1.4342911612298905,103.8001139072039
1.3915607741244032,103.74195506128056
1.3117535377927552,103.7588214290223
1.3909829997495446,103.90515748333073
1.370432183635402,103.84755587574352
1.4467884036211363,103.82142178106383
1.328717734214833,103.9209493184204
1.2845472688231114,103.8232575480779
1.2757559414543655,103.82081971648569
1.392841745029486,103.89786796423567
1.3834862748711394,103.89671772206081
1.3054299997018355,103.8010401521099
1.335914667322199,103.6994151832051
1.450859720502811,103.81399877001778
1.396431892849242,103.89817930061498
1.448286465571538,103.80024627772836
1.3712684972535305,103.86929668738773
1.3033926292246696,103.86314375584018
1.3406443107478636,103.6968149619025
1.3719292723629746,103.87367786706696
1.3368193931561079,103.70183556836065
1.4008974942716736,103.90124997950377
1.3496620332239242,103.87521586180036
1.2893622731552672,103.82892787857625
1.3455199410265197,103.74877490103353
1.3779730219838429,103.84046964016629
1.3439190961074066,103.7014321503978
1.3415133585036563,103.70717009366301
1.3454418272227846,103.85659098477048
1.2891961256500923,103.8265809779756
1.3444395918886174,103.73138943595224
1.320397408490901,103.94273265456367
1.2755888650219096,103.8103162814291
1.3857268924734618,103.89259858117316
1.3063688350457465,103.88444318652648
1.2808924539511015,103.82844597970794
1.3544748181680866,103.9610293317695
1.427205399794666,103.77332297173746
1.3147578557587538,103.76750496559859
1.3182847677998322,103.94674869545192
1.3615835548822488,103.95013405314498
1.3203911111129565,103.88512291858038
1.3286618027738653,103.92889961731895
1.3702131539952784,103.8710081860721
1.3303150476328225,103.92319522598262
1.3268729751052994,103.9339809909899
1.3960148356331308,103.91087624687167
1.4324011867631061,103.8314170312876
1.4034136051509283,103.89204401360008
1.4208821557001605,103.84730925317447
1.4368557969844888,103.79057440642931
1.445487247622327,103.83456965057799
1.445247494519309,103.81834072419421
1.3623758013843903,103.93930004277813
1.3360312542610198,103.93589208861445
1.2814478627010433,103.80914257582467
1.3903243198916964,103.90962932104132
1.3207795191022402,103.85434748324542
1.3414781149138586,103.69249429696474
1.3749133723985643,103.89598285509878
1.4367001557798385,103.83867117360894
1.3077916382070123,103.8564909610194
1.330466312922315,103.9374606780838
1.3451192070375342,103.7205864574234
1.3565189978075833,103.93194282984841
1.4437487412931582,103.81635405668081
1.3228450622526364,103.93604377000807
1.440761638562839,103.8026953217309
1.3430928949201597,103.69669793032836
1.4344190489426387,103.83850831549182
1.4006059843016387,103.75150854962918
1.381390195015188,103.7526586956394
1.4203459774213438,103.8449496217318
1.3672031523826615,103.85324166036351
1.4072691954198713,103.91071743289883
1.3092659580884896,103.78564939317312
1.3658423295848263,103.93518434686804
1.322178818907613,103.86084471284974
1.3839940025908097,103.88250440190353
1.3942364163016787,103.91497814746846
1.3352673387518745,103.84768711647668
1.4519347330357504,103.81575139130865
1.3413695213475492,103.69331853311436
1.3869484586208478,103.89590748720858
1.3265496242803376,103.90404756446914
1.3562113240482274,103.9399552073472
1.3485431486230592,103.71546630382063
1.3960963077923272,103.89585249040213
1.356879420423872,103.73174646528925
1.3237874818834539,103.90436631476324
1.3510420057380337,103.95646664784589
1.3481313384638243,103.85238702041494
1.3670187046673274,103.8593727166193
1.4047243295019403,103.90851819742898
1.3894459535500343,103.90265020821829
1.3359454284478567,103.93883841605165
1.3274888264891946,103.85693037406261
1.347668571239712,103.934319671205
1.363266178406796,103.89026765996664
1.3794869940572874,103.84148103778416
1.336726777913641,103.88112488759504
1.3630625053383782,103.95582220687582
1.4335022272499178,103.77971171274761
1.3053481041355992,103.7860862865418
1.4266349388792465,103.82840072509099
1.3566276008960763,103.73876565558744
1.4054994975740793,103.89602417378067
1.3818549940680627,103.89417936942223
1.365126957261497,103.9563416256738
1.381457876514409,103.9363203725564
1.3521094991501597,103.93593186736919
1.3904246737661798,103.88519502808536
1.3369083321238633,103.87264345179945
1.3674644575747068,103.84964702040942
1.348605804090075,103.70921425129231
1.3271677024559727,103.85613718394572
1.3354897493573814,103.70085274278144
1.4348953535104108,103.8016981899053
1.3023544620298406,103.90789879778755
1.3920797755889651,103.8889898907929
1.4197816355017157,103.90607495558439
1.4261438999187643,103.84514322232134
1.3212270290982207,103.93330387489192
1.3974201170939702,103.90754713634878
1.4498215281885922,103.82477582887506
1.3520623228608566,103.93099644171042
1.4167450073173453,103.90056341508188
1.3089110813314822,103.88842420043504
1.3209471505903452,103.93879466838135
1.3350700949646328,103.91929395038454
1.3102080071379087,103.76898604185548
1.4379830140097607,103.80487349400379
1.3440935030850187,103.70236165929573
1.4460042237922754,103.80587340946946
1.2807678179788091,103.81306973315587
1.343787480007339,103.6897569795735
1.2861322823328882,103.84230268178149
1.3800842149874615,103.87746914587179
1.3568916079003641,103.86999270446012
1.3721733318678928,103.88128020311996
1.3799535232481017,103.87826583601458
1.276877999396282,103.8308038042874
1.3692508037893543,103.95115170896621
1.389955331021363,103.86958240482964
1.379771984093853,103.74296331111161
1.441405035514671,103.77840229431288
1.3929008030610517,103.89240335822706
1.3752092009275794,103.7658873873214
1.3820253259693134,103.74789258989092
1.3213492926976953,103.74203048686917
1.3110075913996284,103.78820202620997
1.374203177550043,103.93707315318147
1.3916974924465404,103.88603786898477
1.4428557746076052,103.79203363078156
1.3615572363277306,103.94000168495333
1.3323388982337883,103.93627908078543
1.3672243400240323,103.8586816687149
1.3386311798229629,103.69997401842963
1.3323222478932646,103.85642587800626
1.3644088010550703,103.75233948851265
1.4325355443187606,103.79290183603398
1.2898502961953655,103.82677662606292
1.3359444037963377,103.70549586442763
1.3794947442508938,103.89321639442987
1.3496658648502955,103.75145185619259
1.398195730328755,103.90657087381895
1.4377562361115017,103.79194331214825
1.2853288397355334,103.83039906478275
1.447910224579145,103.79995883101529
1.3758652936272524,103.83812397530485
1.3878406061998219,103.88922279409898
1.3488094760853373,103.72986146844268
1.436772243293775,103.78220529090218
1.3984801091153611,103.91002667622031
1.3617006271528798,103.75086912331537
1.2723865083805523,103.82083265590828
1.3497148230509888,103.7108208159266
1.3470485211611072,103.85642308786827
1.3209781688432582,103.86632059968262
1.3449528538072384,103.7150377681688
1.334716829430897,103.85310409345959
1.3552679437500885,103.9329745128195
1.450276857695859,103.81741391925807
1.3712563615223368,103.85374404288622
1.3348738394216217,103.9124987994012
1.352073287212995,103.95574045794659
1.3480252854157255,103.72916576678213
1.3422763584473356,103.70429344531829
1.3589506172397896,103.84255583344313
1.435373373396942,103.82915249740378
1.3464949678896003,103.93606275293739
1.403764044962947,103.7498867758928
1.349497016323249,103.73150468674038
1.3413951402585722,103.69205076408402
1.3774969988805086,103.93826640041007
1.3312333877713955,103.88698812682452
1.3679164641246004,103.84765698217721
1.3933480651205619,103.90541112193758
1.4331032270487813,103.77330785822032
1.3795723434974754,103.77388223764076
1.439657658838082,103.79074611862809
1.3574718474247374,103.74254704555975
1.328427090445955,103.85388974754409
1.3245014592250348,103.92202562192422
1.2932943333204103,103.79992070473357
1.4491552756884418,103.80148283247395
1.3655507533516629,103.84838212462613
1.3419568863055682,103.69525086299332
1.3387451833695834,103.84721562867104
1.4256404529565918,103.85095325288938
1.3474993264306145,103.93353332227255
1.3053874295888326,103.78197457190664
1.4469172118933868,103.79659831159083
1.383814732783448,103.88167895537023
1.3533012376001945,103.95910413766933
1.3128965358796025,103.76287941828063
1.3611236108420692,103.94024261249953
1.3677927202354232,103.96139185008053
1.3589527502352874,103.95057232635106
1.3623439633583363,103.89348478745102
1.2947109257131082,103.80926406945353
1.3533548741922476,103.95825154506747
1.3944972981008976,103.74991475582196
1.3425461835169967,103.87203614049623
1.3827132127770634,103.89100685314793
1.382497004393614,103.89112005974965
1.38719876623883,103.77347913303699
1.358016107648451,103.73631519693494
1.3706853875728318,103.88587780412237
1.3799413824230113,103.77407721415206
1.3782314382782053,103.87828337048705
1.3807618248287046,103.93727892842769
1.3493840207029006,103.72430982093113
1.3599667769926014,103.93513202854692
1.2762679520596447,103.81042335295854
1.3075133936596923,103.79908429581943
1.387305372672737,103.76603746357604
1.3849612778814862,103.90326148919432
1.3475262075951802,103.74732464971918
1.3820150102035742,103.94222947014453
1.3420185054251779,103.69268085467849
1.3607729928755352,103.84511686191678
1.3257177343872666,103.93250434044451
1.3281868514504813,103.85799797199661
1.3327159909286548,103.93623597734556
1.330762033469774,103.84555325822137
1.3817158623561006,103.93852932148377
1.4471382642907968,103.81399005743934
1.3567057324144969,103.93357432451327
1.3669994816122177,103.96463442427812
1.410427359467704,103.89707302096369
1.3458540275542572,103.95029575221405
1.3736761829549708,103.9485303832217
1.2773981230201434,103.83043136604473
1.4522324665568365,103.8188335259851
1.3563715214944447,103.87310502050728
1.4327733492579844,103.7864128004647
1.3380483422991638,103.85728187486085
1.327537587767712,103.90476506909474
1.3278895982775534,103.92403304500468
1.3767647497496498,103.76668724315516
1.2966647161001164,103.8042898899622
1.2893831698143587,103.82154617837342
1.3371383500328073,103.92842185121661
1.3192238096630076,103.76584937453156
1.3317562096508573,103.85849995471939
1.2749044837301071,103.81342332887539
1.3772388676596181,103.83648905086945
1.3115654988712209,103.85130024039891
1.3988585817984454,103.91079327975649
1.3385496713770713,103.77456716082169
1.3544065750988048,103.95252580580328
1.3497150405407636,103.74521592971062
1.3345007106135491,103.86555547681762
1.4466520283965905,103.7997355697406
1.4461650903358956,103.79946092883519
1.357442954213179,103.89197467366662
1.3644134801913883,103.8536769857773
1.4034975297577226,103.748675543905
1.3205970691172328,103.94469034449298
1.3380469485090714,103.70017514717149
1.4481636291431186,103.80359399610491
1.421629905828576,103.84181139812708
1.345496526451026,103.8520992419018
1.3812611792720804,103.73947196985395
1.342996157298171,103.68881926896171
1.3698544423902106,103.85800330182725
1.3498669520095996,103.87503674842314
1.341005059188254,103.69481368123279
1.36438348068174,103.84712179173633
1.3670776093021433,103.9581454894999
1.4317486624026432,103.83825058315375
1.3334349730917765,103.86716390916321
1.4034878428867106,103.91026366671576
1.3153756107534897,103.89877266630691
1.4418953961105274,103.79123670523609
1.3998235005325834,103.9120255209219
1.350819188276383,103.73155694517067
1.3804588128718824,103.88013630904886
1.3232584666879994,103.88173632626983
1.401967585463896,103.90289985618635
1.370105813377956,103.95779026679614
1.369968215162962,103.95749638041904
1.3427618657555307,103.85586436630106
1.3343826143712876,103.8652836506837
1.322074409390441,103.93619818514004
1.3784917082485038,103.8841029666722
1.4244150333226897,103.83250125065533
1.2937556074889152,103.80371425594298
1.360915664632949,103.73168412000214
1.396912585189309,103.90504827639455
1.3746659199164446,103.77612618880003
1.3521323015393996,103.71526193269241
1.3292447791753819,103.90992010097422
1.334945284682182,103.84756080390939
1.3345462662480976,103.90794266584669
1.3850601169441794,103.74568102583322
1.356247987827366,103.93547808921282
1.35373150652735,103.96291967436349
1.3757253787002812,103.94700499656349
1.367769057373102,103.85546675799715
1.4001357618676271,103.90605233619267
1.3769929204641758,103.77117249065175
1.4331412269046937,103.83926017396391
1.4388474257396802,103.79777011596948
1.4327486317271731,103.78849349550002
1.3833610263421316,103.7407137018002
1.3822171834100663,103.9433357288782
1.3903281317427776,103.74310883118461
1.345156030335074,103.69825856134685
1.3568276815356553,103.74154485664943
1.3474980953713216,103.94130966450088
1.283723696699437,103.8336561626642
1.4203837881297214,103.84769612083127
1.4070462754824828,103.9118331646644
1.2733283646432434,103.82255437710425
1.4292087094789148,103.84716275195629
1.3633773892435392,103.8909745610872
1.3318582232727918,103.8674531680859
1.397569109564378,103.87799231925312
1.339809117326062,103.70022318511374
1.4015234931523333,103.89960908789175
1.2933105880323956,103.80997747789708
1.3395528919470288,103.73829913877567
1.4206939738899862,103.84619530320006
1.3480570371452718,103.69820068361511
1.3478986693030386,103.69913005034061
1.3475927707214577,103.69914937464593
1.3477302253500085,103.69791817158486
1.3474555577953888,103.69801153789508
1.3463294792255327,103.95002066127469
1.3512195076924747,103.93457555488514
1.3567737083427858,103.88353225838388
1.3208993654418162,103.88569740024623
1.3112859287970824,103.78722793898929
1.3816292193215665,103.94377550870433
1.3778558538348755,103.73737604286137
1.3667546303565972,103.85694320316459
1.354817598956842,103.89029347276973
1.3313449669451618,103.92305699731318
1.361883596098443,103.9394148738858
1.3395220094121778,103.85707178101204
1.3880428622250247,103.76767393045945
1.3814662246956462,103.76802263863117
1.4484557794887065,103.82934354041956
1.4035743452410536,103.91630293014276
1.364237991730712,103.89042929699048
1.3041751896589904,103.76173402273551
1.3647912400256639,103.9634451661948
1.429775603540369,103.84997736042396
1.3297666394008496,103.8861413813106
1.3648231905104893,103.74591058272478
1.3616609985190575,103.95298028896406
1.436241192034034,103.79460860757442
1.45395278531841,103.81623034764615
1.3895315493988398,103.90140600584363
1.4427787408122787,103.83096115687208
1.4439591587529965,103.77200252847925
1.4009432457545257,103.91378439946386
1.3185494584507502,103.8628493491438
1.427663613791179,103.84659705277971
1.343107077581928,103.87501714107279
1.345719388467287,103.94107520309257
1.3191879817259853,103.8852004793964
1.2848784168054792,103.82146147309605
1.3783871928683198,103.88650218737904
1.355659101447713,103.84774445653181
1.4221147675119163,103.84834703045135
1.3969509139756933,103.90724316455386
1.4179323477449044,103.8442172885568
1.3465256796203333,103.85507000650921
1.3411808440677617,103.69364741019677
1.3016939486022943,103.88254271338165
1.3958908509016772,103.90888917456618
1.3495841738159031,103.74362824765551
1.3252039302585235,103.86243745229288
1.352371705800337,103.95359890262102
1.3814884238473502,103.77094968958981
1.3814672041591254,103.77147165276622
1.3823316268507857,103.9444410483735
1.386542082449603,103.89559422059112
1.319822222291114,103.74929395766893
1.289472490666668,103.82854848800926
1.3993094576592955,103.90673414506634
1.4499204197888482,103.82658407707798
1.432712535109801,103.84188690705024
1.445270979364977,103.79687120571967
1.3210795036778014,103.7416406705434
1.3328444343636443,103.91431781112607
1.3066059998355848,103.88502712907577
1.3501827200557697,103.73911282154309
1.350835636636032,103.73839005291727
1.38293770323284,103.88050309189094
1.4001095265915702,103.91150650523046
1.3422040654461278,103.95625084959441
1.352194681008995,103.72364520865118
1.3854071921446125,103.89288315416442
1.3391720498541735,103.68650343421852
1.3744989058220498,103.89307791559648
1.3402696088451544,103.68979832435282
1.4489242040680468,103.80242449207572
1.3051723174189664,103.86280486533131
1.4060704890352098,103.89559458118823
1.404838305437248,103.91312119814282
1.353095813197129,103.7031271775946
1.364241561806408,103.95508344114086
1.3214810796603784,103.86019566483655
1.2970893969263106,103.7973837033655
1.3352997420978243,103.86545897236212
1.380995087755506,103.77083935553544
1.3805283290150718,103.77049829615463
1.448222436312351,103.80306495459956
1.3365903845723768,103.69477080283565
1.3786053236516302,103.9367818164884
1.3185194126095012,103.76802732626712
1.4019830696738151,103.75078600265827
1.3804815750151769,103.88060952269133
1.3998895531154845,103.906850647167
1.312647044856977,103.8724821967912
1.346702224417412,103.84742351449124
1.386290156471635,103.76616778516875
1.4427714491664045,103.79590159793284
1.429023453310171,103.84461444124217
1.359430471270737,103.94693928906409
1.348310732823618,103.7479086314358
1.4412942846342263,103.79212006680952
1.451446202269942,103.81694694664866
1.3564164561977794,103.96217440972464
1.3933617076222684,103.88655898560755
1.4348071468069328,103.83585719537983
1.3608469310789255,103.95353739210339
1.4561594079725988,103.81619165033162
1.3336944794336159,103.90883105209208
1.3890670776766896,103.88804776838091
1.3582030965588814,103.74810524880068
1.338435751808822,103.84985858663187
1.3891449597217402,103.90227744464175
1.4345973914364574,103.79230922829761
1.3332240918049827,103.90847026824042
1.427816482783961,103.77278242993464
1.3701150636773227,103.87849448655781
1.382240165956511,103.89574286081591
1.3987970285045368,103.89607444469895
1.3410983866632682,103.69292039729783
1.3792224745332358,103.88728333711788
1.320432005458777,103.94508042172535
1.3990852140120131,103.91543709409666
1.4000757885785906,103.90574408996576
1.3508777154407139,103.74481149327838
1.3507732387643485,103.85039304855277
1.3472986751779301,103.7088542300752
1.3898283312645543,103.87682309339857
1.328096151410869,103.85752426410326
1.3297693095494105,103.92899496749045
1.3335505074139267,103.9311512071685
1.32782862991761,103.8600769269525
1.3140435688116465,103.76180541999013
1.3454158203941677,103.70525000887515
1.430018710338195,103.78047525464882
1.284097809980565,103.83282321497875
1.431666642951567,103.82901573465175
1.2877550815176804,103.81139215741278
1.3863735354844515,103.88275001230663
1.38614600050038,103.88304814832507
1.4049330587309485,103.8980408753509
1.3930864418367708,103.91288027704073
1.3946543613301365,103.89204159813309
1.33297970374898,103.93067633298992
1.3190820407343222,103.80830192757644
1.4018945027067125,103.74735943453774
1.2887599549442554,103.81683800795614
1.2753653039274233,103.813579121757
1.3484592064063865,103.70005184410631
1.3710943670452138,103.87369077813435
1.3249262574606344,103.85555881911472
1.3916015552639847,103.87046152483234
1.3487348029695703,103.72430639827897
1.390162510599379,103.88894529846837
1.3475689405560436,103.84891040981003
1.4325530382665026,103.84514503069859
1.4315469258928804,103.8451921385207
1.397257207769703,103.91521641866606
1.3782373883609829,103.74015895602794
1.3447083135215263,103.95845404950359
1.3471508131822811,103.87246944595879
1.3819888307990524,103.9430446872688
1.3871090708720097,103.89255789954463
1.3476145191466398,103.93670036872996
1.3569961048099521,103.8433549186535
1.3795070379570116,103.93744417664244
1.3759884209005433,103.84886169609652
1.34233499158314,103.696518025968
1.4269388449406686,103.77471436283575
1.352732688858612,103.88779082314443
1.341225835399714,103.70274393784538
1.3919900612172242,103.90651665211718
1.404544136518688,103.74727318990605
1.390240156004307,103.87035871387857
1.3814985189121947,103.75032970273804
1.4218098878141512,103.8330679805775
1.4438403970578535,103.82116201930376
1.2748628052366613,103.81095047626268
1.421751114962182,103.84914404562191
1.4153317302364778,103.83606552001011
1.3370368367976608,103.71983417115408
1.4299053203398115,103.8336369665305
1.3165592873432594,103.85208358877738
1.3741436401505753,103.89388742627267
1.3806479207498323,103.77389806705655
1.4446742505354153,103.79060678087608
1.3702957452304518,103.89003238513631
1.341677691779091,103.68861825612456
1.3062597574200787,103.7614975952797
1.336626702652327,103.9212964706496
1.3646364946258782,103.74790033460074
1.3336259326531759,103.90644436535648
1.369357951559389,103.88191035464605
1.3862692565873154,103.76864724206246
1.3700457857734303,103.95447841468051
1.3198972776881877,103.76578075528481
1.4026726026585337,103.75203396476397
1.3820984518996728,103.90015844014974
1.3828834264587024,103.76299291998775
1.3778254240774332,103.94235710587287
1.4141208491683503,103.83829158051437
1.3247047102438323,103.93122877882467
1.371161119346817,103.96174882591629
1.2775389689856005,103.8210378018327
1.3714246576830464,103.95814305455865
1.446494552226373,103.81306176194128
1.4263295629358228,103.85333648344289
1.3531539166540432,103.94662161844903
1.3479590733092492,103.87513373633563
1.4332277414387564,103.7844600200723
1.4192382930385765,103.83248382923796
1.3076467303054755,103.7961852542192
1.3436831436887227,103.9360385440784
1.3798273492146391,103.7571355302686
1.3818523486851384,103.94338473905466
1.3719925551493137,103.95057416397024
1.3782008629195104,103.74499072353247
1.3708617432735517,103.95835514440833
1.3708438174773638,103.95784666620747
1.3713400735809897,103.83576525592099
1.4040237364226769,103.90580121083568
1.342022200354384,103.84915891997015
1.2809888685384387,103.82928189044488
1.3693737622910336,103.87400824900404
1.38942060601218,103.91040578793572
1.3583952893791271,103.89172252172335
1.3646291724586623,103.96098635072772
1.3884926960407236,103.90722591412386
1.3740380531474061,103.76886570980858
1.3755044681588569,103.89072241533547
1.4326177891632763,103.84618543955348
1.4007582600329678,103.91925523326975
1.4049925140707216,103.89852367678327
1.3922615301101038,103.87397243041289
1.3722582351450243,103.84786281238885
1.3358054317365113,103.87165253011658
1.3759317422962654,103.7730270765194
1.4475081279042405,103.81810521702371
1.401472720792003,103.7480215745358
1.429026595367992,103.79240005117161
1.3496202650910218,103.85157540460169
1.3941973832356367,103.87017375620435
1.3812747079869117,103.88862204793278
1.3502470269323061,103.72002926214621
1.3255163471889626,103.88656645571933
1.379187342413007,103.895580986056
1.3222302548449578,103.93498633118855
1.3900002569987076,103.88699946724125
1.3288128328466202,103.93550544932093
1.3697762018166348,103.87277666090381
1.3927702729649238,103.90966177791394
1.2732640558605564,103.81111400865596
1.3120593891012842,103.89719756090324
1.3971561238626728,103.89558085990573
1.3401786503395856,103.68914312587832
1.3305337350187543,103.909852626494
1.3058123146994185,103.91472358065012
1.3791745358806147,103.75182712209308
1.3410641322169576,103.70545222743873
1.3489225646088254,103.71708945321635
1.3327936470365502,103.72155866488735
1.3798435324807872,103.76341167556241
1.343472719187971,103.6937501750503
1.3433979639783455,103.69286133104765
1.3431644115043697,103.6930176560948
1.3428650043876178,103.69342408272723
1.3431651315248503,103.69397424808201
1.4040589587976455,103.74801783269272
1.3339455825180122,103.87897471765125
1.2953971908786395,103.8121912771885
1.3823572708505505,103.93633781915102
1.4137624011750292,103.83952924108252
1.358694825912209,103.93666157170101
1.4493461272996762,103.81641955179488
1.3732287425095964,103.87336079778207
1.324963585338993,103.9337915847058
1.4191095751018783,103.84293747904326
1.4361229332060947,103.83915578365693
1.3420240910128567,103.69184233928623
1.3728300141333682,103.88124606568223
1.3358734900830809,103.85267862035538
1.3439071584300886,103.7060581971699
1.2922675361568288,103.82759445058944
1.334243460106562,103.92914034942704
1.3589251726130396,103.84711542763137
1.3649313769244893,103.93591618571955
1.4534804368342351,103.81799069948458
1.3245445325315375,103.92120753634622
1.328025029318742,103.85669927530598
1.4161844353744883,103.83612565080121
1.4205975639890038,103.83842368968627
1.3753119866545056,103.93550062457389
1.4041495060966327,103.91519366300793
1.4474141975100066,103.79771119037717
1.3831336490571342,103.76847224208667
1.276812363741377,103.80853616200918
1.3260357117314867,103.92644950456724
1.3492078779417267,103.93479763496575
1.3518245746309447,103.72565626669224
1.3558568352898583,103.9332170928637
1.3432666370862154,103.71540963914809
1.2852801011048782,103.83328067383115
1.2846138167171717,103.83301248665863
1.3496512828908185,103.93861541778725
1.3284913525869757,103.90328467526693
1.326046549652425,103.85898408971755
1.3918946730674988,103.741580722521
1.3652853944925525,103.96371770934597
1.3111505362697968,103.76589648518544
1.3474001497426353,103.69287217482693
1.3448168357065147,103.73072150308168
1.3521677777525898,103.95171088582389
1.3243552383514612,103.8622675208827
1.3789618493485045,103.75118167134977
1.333690897473893,103.93039954631757
1.274833081422545,103.82698236562982
1.338047892299618,103.69969130235721
1.3661935197011863,103.89510778045957
1.301863890393352,103.79713360216448
1.2866424614056053,103.83825070708397
1.366818347960842,103.96257377446659
1.3256164437898872,103.89974178535286
1.431029914824523,103.84021009884964
1.452344997728232,103.81736520105778
1.3891445681833976,103.90875265881265
1.3871300317137487,103.89758802428764
1.311118659449069,103.85175059763264
1.3785479103942826,103.90093880668503
1.3694680424237047,103.84600520452697
1.3449063109115595,103.95991046945583
1.3760646555438172,103.88790016820481
1.3293707050250387,103.72243278245021
1.30984155594914,103.88876477288825
1.2835025248749894,103.8261893068762
1.4262045356953545,103.85296347669065
1.3852918314828393,103.89204060685863
1.3683676187018514,103.96419982235396
1.3600513966342622,103.74831604655681
1.4318764248926974,103.83424479885664
1.3454543891450081,103.85521243882995
1.3662427201268805,103.93920580730537
1.4362955969082905,103.80198906393065
1.3330733826296943,103.91762549000805
1.3773806917898122,103.74076010133864
1.4317687591996628,103.78069347281992
1.322005343471809,103.76360577151513
1.3929921879482323,103.74854001628307
1.326984848340053,103.85659265724962
1.2974021654321577,103.80300600970142
1.3243270051597182,103.90319222104795
1.3344079652591119,103.85461074826503
1.3882306149619497,103.76726643191625
1.2803504049123509,103.8134978303551
1.3448197206415178,103.7049453909963
1.3612219830221532,103.9531190841035
1.4311825749430003,103.79203348469075
1.3429444557377161,103.70408181068535
1.4384355026282118,103.77854330137099
1.4464347552608703,103.79609103205273
1.3908670305812694,103.90588804027342
1.343967698205633,103.7006359033068
1.4056241688576647,103.89646912562449
1.3415545102305266,103.73747717586545
1.3895833535470599,103.98807200311957
1.3391863628074168,103.7468567738856
1.3642982469869176,103.95347198611283
1.4381654455953812,103.79646027816634
1.3546416075287964,103.95313734110175
1.3038986260550192,103.86496550506901
1.3361179377227783,103.85704581839863
1.3358113848578885,103.85679532401623
1.380906316913075,103.73774377505958
1.2735787544601669,103.83492355248369
1.450597655387662,103.82272662391206
1.307131244530915,103.88314534544406
1.4473754678786208,103.79957335605454
1.3382945663413535,103.92344882863154
1.3113738351237452,103.85153628990376
1.396359735377205,103.88925524765386
1.3806374259791454,103.76881934482886
1.414393807839387,103.83726094005515
1.3309222903646722,103.72141796560285
1.3775190138851234,103.76548934803928
1.4327850040796297,103.7845804251512
1.3563708241842451,103.8439348607364
1.3504625518698194,103.93876241663489
1.4476979633123785,103.83228201370561
1.3288823500419973,103.9405222621455
1.4342654368114636,103.80125651935383
1.3614853553781803,103.8552974974675
1.345681980867053,103.70725622219568
1.3971196953964764,103.88135943069908
1.3467504872482845,103.69247593033666
1.3415016706928806,103.84906289542462
1.3522037409662186,103.74210668606842
1.4362117691279295,103.83788442356344
1.4331369997734327,103.783949598899
1.3882585868628246,103.9022574396969
1.4298479735051628,103.82791665570558
1.307420770028955,103.8894661271154
1.3829371039005827,103.94463421079814
1.3820045367852556,103.93717337543391
1.365587863831519,103.84051596506171
1.345374132219162,103.7582747397994
1.349869606781318,103.73186881676546
1.4019311193741801,103.74708155168193
1.3473490583862768,103.93738562171683
1.4512586628880992,103.82168096535509
1.3296516674019834,103.72200859799247
1.3239135898647798,103.94250613791606
1.3983272721273123,103.74716361132603
1.4466211045645678,103.81699981546035
1.3183576592294988,103.9454784121653
1.3177635255046396,103.8863396252952
1.3471269703071909,103.73453042085576
1.3134399004118678,103.87213575855627
1.3744214226291094,103.89668057377787
1.2832918928389658,103.81678048945167
1.3439357003613537,103.70495721253268
1.3128718897913751,103.76479304172283
1.3072147250571404,103.86176986456611
1.323910027287218,103.77063079331758
1.4318483004630276,103.7909058501223
1.4046651127296634,103.7468052589214
1.3020725264473778,103.90946337843316
1.338521785557631,103.74002809698888
1.351089130467474,103.93561769840503
1.4543166938645644,103.81635218546879
1.435522554794448,103.797024993371
1.3778504893865111,103.89396829561618
1.3544437277261858,103.94031358666781
1.373577218537899,103.93779044114356
1.4037342185531116,103.8917178374891
1.3749566597088296,103.76548385943292
1.4344584846023185,103.79692131059093
1.3499209419324778,103.69624582428405
1.3491600833755464,103.69950423042555
1.4201224620325035,103.83977860080289
1.3773522000932734,103.76963020821015
1.3407095108527372,103.74122809673034
1.37026605480078,103.8854588290194
1.3966495733446649,103.9084821134726
1.3683309962273993,103.87558818319968
1.4036443602106108,103.74818612943814
1.4314811476144929,103.84430253810405
1.3318902992184285,103.88569725232684
1.35512689285736,103.95259043144868
1.3784366050651449,103.94099188030681
1.3071508000726904,103.88350546074517
1.3822828396406084,103.94249252742253
1.3887827337613283,103.8977391837553
1.3278634020366915,103.8442061650571
1.4398186437305533,103.8031043300169
1.3829107413086903,103.76184702731733
1.3900486721976963,103.88805718055104
1.2977868873139473,103.79709808004282
1.3078350414942832,103.8849939955225
1.3839358260647514,103.76120046891195
1.4190234639608108,103.8422189411111
1.4437518062643284,103.79978737799864
1.3974286531519686,103.88126499131978
1.3341674983648393,103.88070902890043
1.339634913984969,103.69431794061195
1.379666264037949,103.77190372557861
1.3909568070182934,103.89311972224756
1.3198332915798485,103.86099618557773
1.3739978562511188,103.8765041050427
1.3507167049623505,103.9340361710268
1.3203633836046424,103.94366874066127
1.3546843539524225,103.93574319732531
1.3048459019244418,103.79919424421108
1.3791694308343765,103.73628488217399
1.345558098499971,103.95579271857633
1.3633671670910694,103.85527172046554
1.34640599891456,103.69420597686945
1.4504040683103216,103.81476127282673
1.4302214881776543,103.78019372170672
1.2991026395950633,103.79658523193247
1.4244462028854796,103.85231645905158
1.3737175047119772,103.95968930106464
1.387549333908571,103.90222647650519
1.4446632240178094,103.79972328725464
1.4180639530578063,103.90332623508019
1.3354332395971273,103.91928507407083
1.3984496386380074,103.88909368384286
1.2871279875317132,103.80698294090983
1.3804530182414554,103.7530795426145
1.3695267644800242,103.87349521087835
1.3785931257764856,103.93433942072059
1.375686646327139,103.89029739715897
1.375232850691045,103.89012290591778
1.3914804358305657,103.89190836130696
1.3494634692478458,103.6998035635663
1.284883860308315,103.83344719543628
1.376097928698982,103.76558918597244
1.3339894521487174,103.90732050026091
1.4382173520276917,103.80147812193125
1.3794668728980555,103.75566344802705
1.3477409973513317,103.7583979940436
1.39875118060139,103.89656290724783
1.3163928497473774,103.86116200271822
1.350825628277125,103.88814264942751
1.4481940962878799,103.83323804904288
1.3434056867341804,103.70270743461184
1.336196773952971,103.91900929546992
1.2810036085943677,103.80922079830862
1.3490577400856996,103.84898886443014
1.374982290497936,103.95657861900699
1.4296546898194544,103.794806794604
1.3616481203585113,103.85472071385747
1.344428940301123,103.73062194519638
1.3367577059587452,103.87365084764996
1.408260571500392,103.89788777620905
1.3622247588409215,103.84308425374695
1.3412842483237333,103.84550695155484
1.3227554350638038,103.9407732378755
1.3747634865289966,103.83900058507841
1.3563841459113473,103.74199327196547
1.3041814811272434,103.80042459433058
1.3780483329756805,103.83836815268562
1.304604650022511,103.91573990718689
1.316609018181335,103.87958964470738
1.4018934546723418,103.91841633887691
1.3341691435307406,103.85411771634952
1.3413163510911048,103.70668739600305
1.3058251217378205,103.79978716333922
1.370195214747295,103.85495570457431
1.2980977283772874,103.80418149084254
1.4306764561461744,103.77568114314568
1.3807755965770772,103.76757613637706
1.3737885868990964,103.96327421113965
1.3820757153649248,103.94364196497686
1.3123689839802357,103.8744214951236
1.3356420580317399,103.86561014970371
1.4176443688090792,103.83678287922645
1.4010937797330327,103.89567236799492
1.401068909911908,103.89505104318428
1.4298374183319007,103.8273925789777
1.3530626357448754,103.93774813968693
1.377124936178348,103.87794835265537
1.3208128504073353,103.85380253816952
1.369012302315652,103.95244835027657
1.3906241370898735,103.8936696143885
1.3675169034526782,103.95481821855566
1.399064182946931,103.91645292970331
1.382438494742628,103.88085877912373
1.4559017226826108,103.81313436598536
1.3418724281814796,103.84483054461315
1.3714062529889404,103.95449708092413
1.4283603193151264,103.84747378389386
1.2750671508625526,103.81180220679106
1.380522236938519,103.77139940740531
1.4474019480786506,103.80313649761894
1.31537083177373,103.84946419984
1.3681695992576002,103.85753884319718
1.3559921334562512,103.84371847730286
1.2764285356723906,103.81119919143016
1.4460528384605122,103.81304051525089
1.4377931647955708,103.7941060722604
1.3587119315789724,103.96023111271421
1.447399875397132,103.8027576328132
1.3935672503162404,103.89810114440725
1.381573751724396,103.88052205376714
1.3791360545331874,103.74819171793787
1.3916543212313592,103.74080887186715
1.353448049277681,103.95683176783467
1.3374392689221999,103.9231606295199
1.3574959516436773,103.84822481186569
1.3269386971937964,103.88715055628661
1.396281206555333,103.74380689274399
1.3740533130504085,103.87320196347592
1.4360262196089184,103.83614516770035
1.305445617055754,103.9123144783827
1.3693670216669727,103.95738465504762
1.3711888930894727,103.95811016504038
1.4302073753686473,103.79098009316182
1.3913292359901475,103.88539847807775
1.3814820231306526,103.76965887001691
1.4325884029813964,103.82738671031292
1.370499026821013,103.8823479992712
1.4342447940258143,103.79588768678208
1.3527665503426658,103.70319439643137
1.3083025034449018,103.78569530552102
1.3359228688964337,103.85907117568382
1.3356821967552814,103.70504991590644
1.287665993984416,103.80793902843988
1.3462880485168536,103.69998404763197
1.3501847147295414,103.69506394243194
1.3322053380553798,103.92892617321974
1.4369808024867103,103.7991491367069
1.3522667226493688,103.9469223620803
1.3378968185874511,103.74015843318234
1.3535380647826323,103.71873766310945
1.3889041798419977,103.89153931480766
1.3862422941895602,103.76946395073172
1.2813712154293697,103.80777495323656
1.3210563980915844,103.76238995110576
1.385027390612236,103.76553819301806
1.304698509085289,103.79929662809371
1.3903504100713016,103.89101181858004
1.3712246562428252,103.85919867240159
1.3348912118753697,103.91501646136906
1.4396658527757404,103.83883962580666
1.3791948042271667,103.73940533357059
1.2770554607842592,103.83145478387212
1.328516368065273,103.94060824214621
1.348451210960234,103.87558786546613
1.4428234513694431,103.7736974590954
1.326655105066756,103.8861015675558
1.4331873635803243,103.79331370672509
1.3179149990441266,103.88764093401878
1.3850812010067648,103.7722247691268
1.4462779998470985,103.8155453628013
1.4525360593075827,103.8157980000779
1.3567211546095577,103.9396817827326
1.308642216997421,103.79674254165283
1.3966540680945134,103.90760652940422
1.2809261537095493,103.80949974527253
1.3875530038280883,103.7584371011199
1.277004591921958,103.83833786159971
1.363216846623879,103.74598941171597
1.3809437320977498,103.94404158221337
1.365273569715573,103.89644101364631
1.4333185512501347,103.77469158599186
1.2986157519802788,103.80195753003235
1.4049798175330221,103.89589475699623
1.401257487570853,103.91269787012175
1.3445074580266814,103.95930071584213
1.2822371705509312,103.84318721604463
1.4445306149202508,103.8083943256957
1.330872163210769,103.90194542515607
1.327736542189046,103.88520922354054
1.3496603621143564,103.93979584365154
1.3171567913923576,103.77078273294846
1.3693939914717232,103.88529960554801
1.3453315269990038,103.72125794560077
1.353102909490742,103.74086172884225
1.352210819148154,103.7404361566029
1.4303653550448745,103.77884211825165
1.3461024923504223,103.9364767462056
1.4027347577418166,103.90802868198175
1.3529087494098615,103.9513035236232
1.3936080023858648,103.8769141537424
1.3114779694182432,103.79200864077066
1.3945667516591833,103.90393530981267
1.339892098519717,103.74408544277236
1.3299262803283955,103.88909050661701
1.3215479559997578,103.73895272510656
1.3800430754911968,103.87931180614802
1.3738337692656895,103.94410223046032
1.4159979441114183,103.84016736672471
1.3555379344750984,103.94825539515944
1.323102334211705,103.88373545466109
1.3204722810639364,103.93522632984538
1.3832583959104563,103.74529035463769
1.3843424088726195,103.74292619833412
1.383139232825763,103.76311550894977
1.340330453501718,103.69592365628043
1.3803801756903973,103.74739242428572
1.316106823790278,103.86129333357681
1.4460301104365894,103.81866656198972
1.426621666046767,103.84839742128453
1.3598549926124777,103.95649895608172
1.3414426640823138,103.69937715994602
1.3937926423422589,103.91400175023709
1.4468858933320294,103.8156085582941
1.4035349189569464,103.90845985772157
1.4203807070982204,103.84427738828943
1.4199855045638206,103.84438017867222
1.432974442565421,103.78186261779335
1.3775405163307857,103.77067109266343
1.3742440260621556,103.94295240721593
1.3274138586695172,103.93434568985359
1.395838101179034,103.91530586266812
1.3851603525332445,103.76354137366933
1.3705908532884983,103.95810085591934
1.339279985549727,103.72274720463379
1.313605974966683,103.76247479289398
1.3937991158141672,103.91109303778609
1.344415437390917,103.85181326332923
1.4394690288714573,103.79025250447803
1.3067428831606651,103.79503947185927
1.3312867180538748,103.85916282292493
1.3912171872466017,103.87432042276703
1.3537484606424641,103.7392386706051
1.443010334264335,103.78795893471477
1.3830745060818483,103.74388508940694
1.3658500269403768,103.8873666430412
1.3798714781940102,103.83595106310113
1.359191037878731,103.84332754950627
1.350866730317265,103.87015786497211
1.3880073534589872,103.9883349068553
1.442437424223691,103.80198252783852
1.3803051924651812,103.7527273374841
1.3916502964290698,103.74546717138632
1.3263575580199103,103.90144734081628
1.2781287899609812,103.82048240799413
1.3817941788839507,103.76866758737899
1.4200126860495947,103.83517194439796
1.4024650489685568,103.74547053859142
1.3071834830903337,103.79541807367265
1.4121330004212367,103.89989606167373
1.3341839016210029,103.73929019816164
1.3332620677414961,103.84616645834998
1.3625935173327106,103.74817786711772
1.4163261375165566,103.90019179203613
1.3642373172428597,103.94139368621674
1.3095438645089097,103.78749719904648
1.3039423293250787,103.76941713817281
1.434170515847667,103.79010865463614
1.3448174719870123,103.75468454381803
1.3253609231984866,103.92539281322114
1.2786658224904577,103.81753462828975
1.387560602085325,103.9110101759292
1.425859910190176,103.85000149457889
1.3246503421148257,103.93974415078634
1.3678002999840533,103.875151630755
1.3831587501246712,103.9006821060863
1.2849445286966767,103.84561883931177
1.3312786211288636,103.91000594589747
1.3717641339500601,103.9602031757889
1.3190445239876938,103.9469765883419
1.3231902799740978,103.85702670124424
1.3500050768581788,103.86972884480325
1.3433258727417356,103.69086694968045
1.339493042948429,103.74350159920394
1.3269100809341898,103.92487335677139
1.387175113579405,103.89097838733778
1.3161995940066422,103.87842386051787
1.3832625782373136,103.75312541666788
1.3780248108775195,103.7535935128077
1.343561745039186,103.6915964715964
1.3051014557710001,103.86209845582393
1.32785026287171,103.8549962856873
1.351972920976656,103.93352930429236
1.377510188509895,103.94064731048508
1.3507365363969912,103.75519348651345
1.3297191630869474,103.93623631447696
1.358462026641987,103.74972726124993
1.331328115337137,103.90554588957251
1.2876862368513307,103.80727352602747
1.3925857408406175,103.89178044732164
1.3686679663983283,103.95634024588077
1.419421663259961,103.90638392690234
1.3899770668405136,103.76726006118686
1.3508646518066199,103.83868439853893
1.3031122502614434,103.90873390226923
1.2838354541038253,103.83203227338116
1.3054512707609058,103.79963731818924
1.4366365801562306,103.79697668428328
1.3524852779945356,103.95292511302583
1.3280001761409848,103.72402485427608
1.3733906821264852,103.93889649575853
1.2987229309890758,103.80396269590902
1.337161449585248,103.8572218776283
1.3483182234799018,103.7138753100252
1.3453522236510982,103.75498126965678
1.4184410354168573,103.84247351853112
1.3372317342869504,103.87291143295977
1.3442338244931926,103.69393509198541
1.344502703518553,103.6934320303396
1.34455936640161,103.69288346736893
1.4454923483938624,103.81938295180463
1.4274231376844828,103.84132292180205
1.3273447845028639,103.7205552833747
1.3336596578731732,103.85775252162769
1.3736241056846645,103.88284757552317
1.3265113560952264,103.90201718491042
1.2848075292357701,103.83049690323715
1.3612007575791267,103.74690108218645
1.353375945491024,103.95628643238082
1.3579215560150326,103.95314578040009
1.4003024856894728,103.91063681368904
1.3523635188026801,103.71571958683411
1.3491237403328127,103.72619117458477
1.4346808134081346,103.79585288649484
1.3144713611663608,103.85107467439944
1.417857404004223,103.83158619862111
1.4334729143598424,103.84374256980215
1.3414854845340072,103.69070023242337
1.3761261334975454,103.88556447888227
1.3409646178275416,103.74090337304425
1.3750433189961402,103.95831299939152
1.3884813443935582,103.8753531095786
1.436073203256378,103.7740641393643
1.3804361827728058,103.88103859047337
1.3824995661619848,103.75171478503172
1.444202210559498,103.83085562640757
1.3375002297077923,103.71956864788324
1.3963449587621501,103.9070606576665
1.370758861423387,103.84805251877704
1.4330082973800542,103.77431911872844
1.3176038210371535,103.87876122175085
1.3163549962347985,103.8052840673372
1.330881996949165,103.94062760517531
1.3924485693933621,103.87307678130264
1.3769239961747128,103.83622048588444
1.3022848508766975,103.9064605385638
1.4503847120226874,103.82021038367513
1.4328639430848562,103.79134359660877
1.3216343184258674,103.93846819831403
1.3296531801804274,103.90375464321846
1.3669432174132328,103.9614425738892
1.3219685579646383,103.7391619540726
1.3333203272271867,103.92307225596697
1.3677614072816406,103.89394222817833
1.3463223671629425,103.75788672769832
1.3762225616360964,103.93384620717873
1.347183079089288,103.93797023788721
1.3247498638694215,103.88667406469168
1.365884413947694,103.84470554078148
1.3922072356273187,103.87760927212913
1.3209155892791933,103.76486679080843
1.3388317295026255,103.70234513400821
1.3738797434396872,103.89471058118346
1.3993372040862742,103.74374064753447
1.3981613086679068,103.90307103281094
1.4463571738102712,103.81563593634132
1.349242390765046,103.75916572800537
1.373338085450258,103.8364765547537
1.3328637757929103,103.94130912242642
1.4388775706098764,103.77939743966
1.3150049182176247,103.87225877958876
1.3025523789352123,103.78329082242271
1.2850250212811494,103.82381925000195
1.3701575727785336,103.89361873553878
1.4466712463623206,103.8136802594284
1.3430150437221644,103.93640337684087
1.4276877060575226,103.83775628255052
1.2722001482592382,103.81105998785715
1.355907612889034,103.84515901488868
1.349163600582145,103.7130188596618
1.3800261701319347,103.73562662728555
1.3489794633925443,103.71218112197644
1.296795437889845,103.80731253844185
1.323633523191403,103.8821228326056
1.3443575499674203,103.95967087073397
1.362809587985884,103.89104467634132
1.3486902661346474,103.75143296119256
1.4076835613110181,103.91091095983457
1.4230254463360135,103.84503918577852
1.3451383547392326,103.7448742513104
1.2843977612111144,103.83310678977175
1.3478791260248364,103.74660586441615
1.4382066890985143,103.83803997302577
1.426198080019993,103.83321374588368
1.343787582651917,103.69981388001621
1.319473508914629,103.88274976009491
1.2916876006195075,103.80229030111316
1.385085651708318,103.76021174085447
1.3821452073031864,103.94421517272592
1.3942359669576023,103.91148818127677
1.4013500807742527,103.89495040511612
1.339774008548648,103.69716012610661
1.3422751076322235,103.70675557594274
1.3781357754314436,103.83880211209521
1.3517273040520275,103.74203659484851
1.2801057690399429,103.82637323063278
1.4027461717778782,103.89301164715336
1.3622897737541786,103.75114894576058
1.3241140379035161,103.91107860602581
1.3604758232145033,103.84439969310523
1.4412357557912612,103.80511342230116
1.3256498166511816,103.93468839283788
1.3216663839525458,103.73694316199655
1.4344035064769223,103.77478417590167
1.3532019045320751,103.71784615396203
1.3616622271968315,103.95326954889558
1.4343489735032915,103.83800659397205
1.4392960400684995,103.80333948665893
1.3765589461859324,103.94455222483202
1.3737008931796693,103.94442367137123
1.3683365530398786,103.83719434915443
1.336736159352557,103.72259335364532
1.2766112144444492,103.84114604716623
1.3271252436070995,103.90486899270844
1.451728020625796,103.81616798162808
1.431162547657397,103.77610622035719
1.349044918041839,103.94143083186334
1.303683809122585,103.86237286640349
1.4516963539109282,103.82090138804304
1.3946729580249968,103.87148276501884
1.4031472105577891,103.90741879315586
1.3902992589661596,103.90018792698659
1.2929797997747383,103.8085956407447
1.2927726402120074,103.8084125406304
1.4259909260382102,103.83261682597539
1.393532492768481,103.88833602006756
1.3209020038801529,103.88336072152809
1.380849651169093,103.77192262230581
1.3544050329886996,103.7512906562448
1.3360901757456363,103.72250946285432
1.3752254505894097,103.88222497843199
1.3315773278433416,103.94125488199553
1.3233239723247585,103.90441086122885
1.3561074428310518,103.8694616253062
1.3193529570049753,103.94683993045662
1.273680599051896,103.80657792375331
1.3876921415891705,103.89598846268714
1.3765718406295187,103.74225149617588
1.3804874807298648,103.88974312493862
1.3855596620819943,103.74280876346238
1.336219915952901,103.70418010704745
1.3639410440755313,103.75255487141528
1.3588182093919907,103.94721928451283
1.3762323535947192,103.7675210988984
1.3765310902375878,103.76770944199887
1.3669706051125412,103.84356252783711
1.3701245355001253,103.95673028243431
1.2798751677891493,103.82553140246979
1.359440684191524,103.94560503411404
1.3052470026128484,103.91583808072548
1.330643989065175,103.90874503851344
1.3729560888653158,103.74267089117545
1.4379388848172432,103.80456244185442
1.2878623878161868,103.81833552050703
1.3736281906645342,103.94654439662597
1.3491550015546987,103.93112149040762
1.3080307432311498,103.86065481646254
1.3092870941112769,103.8614345589003
1.3738316966143338,103.88062293656003
1.4457124035538034,103.83327184714975
1.2769287942939744,103.8081424052998
1.3931601701515084,103.90891162795684
1.358213172265537,103.84568712252265
1.3531629028164036,103.70446900245112
1.438084310357086,103.79767765772706
1.3911038735040004,103.90690603297944
1.3673992695914692,103.9502075660698
1.445425572228628,103.7919929815543
1.3757868934968485,103.88203230591252
1.3776624061849254,103.94380703799077
1.351790992072431,103.74900804094513
1.343649943127549,103.8760762103694
1.3154075526194016,103.86089907567202
1.358844827313963,103.84385422049563
1.3033300315883776,103.85062555401026
1.3180194531817995,103.90166574923248
1.3424961287706008,103.74527300044912
1.37941617154372,103.73520285849109
1.394585714952817,103.74254075044298
1.3503115676999096,103.88944864764117
1.3063115732186685,103.85535803254128
1.3436628525453453,103.69264621240356
1.4264753103293066,103.84992877853301
1.3804364785370762,103.87968114079315
1.4315285600679661,103.79243388399023
1.3810965032228337,103.94433830347045
1.423265095592177,103.84913871623
1.375047536973811,103.93513009024181
1.34720729646409,103.69304979560161
1.3375316052596058,103.84579590974302
1.3365459208834929,103.70457854883193
1.3441810200793658,103.69306640224882
1.36451199260329,103.93677530590276
1.3784261467131058,103.89190156892982
1.3330841980468555,103.8553944801894
1.3187100014499513,103.89968113767347
1.331105539327309,103.91293763417525
1.320576619228974,103.93631236551546
1.38899324650947,103.76950888738578
1.2855632494426206,103.83308722407482
1.3513850189570342,103.74690756859579
1.3993922548625748,103.90750281166076
1.3060565889573879,103.85504166508345
1.3851770414025342,103.75817012838701
1.270898149570806,103.82264576663741
1.3333272459664132,103.72086321856541
1.3026950021859958,103.90603098262977
1.447804640411265,103.80345235835475
1.3454756708154878,103.69772676536556
1.3609758235948206,103.94089633525809
1.3904800734395872,103.90105905717041
1.4014812500494562,103.90111188379471
1.3330640166090209,103.8684904887327
1.38460698055513,103.7724035082797
1.3148682129464413,103.87087030558337
1.3306546771335004,103.9227849865215
1.3478657665260447,103.85357756206437
1.4324536801221905,103.82888581986431
1.3442212149094932,103.73831723921103
1.363611473715657,103.95662379570003
1.4286999602392871,103.82720060127431
1.3737002759857986,103.89074471560565
1.372575762761587,103.89886456314295
1.3427498005022114,103.87566692884789
1.3599891490377518,103.9597242336427
1.3878893927329086,103.87329959563392
1.4440700147449943,103.83102940375954
1.3242710822938635,103.94160157868278
1.3718828251086956,103.87617650651542
1.366070607069219,103.95550414551099
1.4000972081839085,103.9148972446029
1.3714212202030864,103.85592954914972
1.3756076418537,103.7453796806276
1.3872262432892148,103.77278897403053
1.3415146623694196,103.84639647619622
1.4012085892570467,103.9124654941998
1.3540164088942068,103.87086204308588
1.381853563301242,103.94242880152729
1.298368621042197,103.80229527647352
1.2861283187759678,103.81904727822864
1.3821980442935937,103.94418171994486
1.3557929027435927,103.94451032322762
1.355522149896103,103.8486538028061
1.3469373436185976,103.72528831033173
1.3083379286184948,103.86216718113985
1.3807858922532337,103.9375811012346
1.3818608329630404,103.89451249008722
1.435326585215842,103.83861095504034
1.354247403032485,103.73932705966247
1.34288789750351,103.68972686381605
1.3372267874610742,103.70109347600848
1.362944268110892,103.95738670246662
1.3635926195543515,103.74597690798647
1.3923562939777643,103.90942158328424
1.347835042802138,103.75718904013726
1.322897538555862,103.76319762428896
1.3344992084388694,103.86867338417476
1.3306741664228987,103.93262747063504
1.3998446329523984,103.74379909803787
1.3059027500398728,103.78156658606376
1.3738661015907216,103.84593351514886
1.3980562288291796,103.87856577804439
1.3486368686699246,103.75636810993012
1.3756221697666051,103.87829773220305
1.3497346379141677,103.75637907705013
1.373989684955342,103.74209635430456
1.3473166414779356,103.9365606006309
1.326763684956343,103.9407701956467
1.3839314686190634,103.76813266063024
1.3947791996350922,103.90534617950314
1.3930258434150302,103.89078282061544
1.3564622403407371,103.7323716965968
1.4047266022737224,103.90761717144261
1.3221908424889068,103.86984680691103
1.3362761005413952,103.85153496895117
1.385253684229927,103.89930252880785
1.4464655874215415,103.83286915685731
1.3497987547591728,103.72492239119128
1.3549823553326168,103.9471340469851
1.380913347667832,103.74852733853378
1.3733702551972613,103.88169232069062
1.3559633283160792,103.8701971250509
1.3654875301660168,103.95688371185271
1.359907119535656,103.84225759337306
1.3872907201363585,103.76430813256462
1.305740903655078,103.782241071625
1.3850653890789157,103.74107182462767
1.3248408999488253,103.94105312762994
1.2864474362469096,103.80975468408853
1.3461481288338673,103.76050183107155
1.3005486863908873,103.8538085700342
1.318695915038315,103.86323266369716
1.4016922991853056,103.91280894163316
1.3216189432302063,103.7703847761268
1.3929200618854414,103.87064927918559
1.3389634062023537,103.70255123085877
1.4004082359157775,103.91376702681447
1.301197286510937,103.79892059477847
1.367191382337478,103.96369411383748
1.4477562806860034,103.79924297580789
1.3510100486026497,103.94325192237018
1.3374409772444442,103.72156723233202
1.3496273807772037,103.75212665617066
1.3558804974895473,103.94826875343463
1.375268947901036,103.73728319929945
1.4020076432871222,103.90482707388234
1.4194037628602285,103.90421508231255
1.3961412241955797,103.89905573364271
1.3889320250121275,103.7723845068506
1.3789472767790936,103.75584585490482
1.3182177091271503,103.74877924005467
1.4022680825189369,103.74823329780271
1.3418143190841079,103.69206486547569
1.3739792674531714,103.87015880969281
1.3981904904139797,103.7435233693135
1.3648067363406486,103.74650159007565
1.4018160540938984,103.74947742614636
1.3748999110937827,103.9605326601443
1.2884772798778132,103.83250554061192
1.4340679577708877,103.7844327719861
1.42781829157096,103.83794318572977
1.3546603237032444,103.95011495158967
1.3750805124901402,103.89077368872768
1.3398865257771055,103.68831748070676
1.4396825544382987,103.77538222444579
1.3180632374554953,103.76908752467664
1.2899410999320724,103.80325606147699
1.3034346377108288,103.91335105384834
1.3320889175515647,103.85991740291057
1.3768331350760907,103.88411168146696
1.395943741494844,103.88161100686939
1.3189710114322633,103.9440766538428
1.371057406727247,103.84594646033183
1.3807348491167324,103.73681012242591
1.367237753998888,103.84860103983814
1.3471729090643771,103.85549262111584
1.354212757349158,103.9500854902589
1.3217639512900632,103.86169082109048
1.3248836150210976,103.93342703152778
1.313866540308185,103.77080613242437
1.3391991804175911,103.84706965474133
1.4192499538612953,103.83892172756005
1.4424137653053564,103.7934841656205
1.3865691725632077,103.75831307396878
1.3339672053653593,103.84518641160727
1.4041244254697343,103.74641768981385
1.3804182725536507,103.75152905028472
1.438603202612541,103.80031302194402
1.3519595057468605,103.747104211002
1.3399550553259612,103.85226184988471
1.38310733384726,103.74159399026331
1.383449862252331,103.94332417234489
1.353878099925337,103.86852948313594
1.345121861651893,103.70204192631222
1.3439121523724429,103.85510194555329
1.3866291083090792,103.76025931213833
1.2901150200452984,103.82807516101099
1.3721527938026226,103.87271305937382
1.3359523488412968,103.6973319250298
1.3461940493933333,103.74578562368578
1.3465617550041218,103.71095465978533
1.4269848254061601,103.83459376954984
1.3462853122786953,103.69200070180761
1.4476323605994443,103.79831484472935
1.3367172263506844,103.72396898938253
1.3702557780347955,103.9616766023402
1.4265055003323797,103.8342483650105
1.2890881817148065,103.82628841491764
1.3838744500078966,103.89368384435352
1.3645806901345046,103.8451802864141
1.3646684200118049,103.74433594490696
1.4510090706227832,103.81709448021314
1.3483275942536646,103.73011050151415
1.2852758141093767,103.82633289968635
1.350235524090667,103.93938714110942
1.3095543577580493,103.88809312455345
1.3932494599829106,103.89558291039515
1.2762885398447508,103.80694232212176
1.3973847392171854,103.90996978582041
1.3752732216792445,103.77236188549415
1.379314632797648,103.7568108112355
1.3175770748242457,103.76794894665731
1.3533579277971501,103.87223330193186
1.317588591631793,103.76742180180226
1.3846615218274343,103.76150109793015
1.298357628051711,103.80454879266483
1.3656765541651994,103.85524129388273
1.3344935148523298,103.84563872422052
1.364524159917962,103.85686813757005
1.3283316601406947,103.86164707138161
1.3068208707103277,103.79862867067469
1.3925192102574768,103.87636090585923
1.4511742456308108,103.82246871384638
1.3956165974066186,103.90885191444096
1.429261104107916,103.79311785711755
1.4361759717355314,103.77718403600757
1.4358497621707642,103.77736111890614
1.3504551099707014,103.73911603973002
1.3895288964699428,103.87960586960126
1.4042471295893508,103.90920227953315
1.3792648583477791,103.7658760816896
1.355911438422456,103.749769879279
1.37814336070541,103.89172734074532
1.3347479026526814,103.90882250325807
1.3302834594272614,103.92703306138426
1.3633622923781226,103.96047134191299
1.3594392955848869,103.93769503334538
1.3411632583688966,103.710024617847
1.3492330752260004,103.94217406003689
1.3309597597952076,103.90989528403253
1.3549012119917032,103.96250305173987
1.3693544858951847,103.87504458606756
1.3570184300875556,103.74211121866213
1.3815691614884844,103.76212454898904
1.3799801764289397,103.93791503944216
1.350271832307747,103.85187664667448
1.3291287196478085,103.72142036919433
1.3471941677285344,103.85110764255285
1.346862928874015,103.85583327183957
1.3765146665681174,103.76933456499151
1.3739553994432898,103.87396556112209
1.3845623894670391,103.7701139236371
1.3384078499058865,103.74264694448944
1.3713438083822846,103.95041767052976
1.313606579506277,103.85171800692794
1.340139621977003,103.84819722019448
1.3825756473390216,103.77092772890073
1.3048599774115892,103.91393287212784
1.3727094137786926,103.88181202028281
1.3938735063257788,103.89750892873035
1.3985654678416428,103.88858650410427
1.3366427507469922,103.91898718425364
1.342504263571469,103.95846329297702
1.3458326999479708,103.73110212312957
1.3510890530209914,103.73865316343579
1.356138124076074,103.84489603455052
1.3808358020374192,103.7540157444134
1.3870547830495925,103.7712761383239
1.3551682318680076,103.84700236239009
1.402396347099783,103.74950702565505
1.3235603242221896,103.91200599769171
1.351439572400547,103.70337232901325
1.368277338289427,103.85357798609824
1.3146462976528015,103.77138723883999
1.349731742508884,103.87098462780737
1.3411741029980164,103.85606016673377
1.2859072095398665,103.81860027080027
1.4307580056242224,103.78120504126655
1.3455900895515416,103.93937995796523
1.3843077346958812,103.88222409446082
1.4427667210247106,103.79093264458493
1.3515128187185468,103.7487273214499
1.3820586710813592,103.89643109045677
1.3959281549696194,103.89848204547447
1.3785428723236144,103.76610617987282
1.3512812881075063,103.71749386605586
1.284353976753053,103.83051019365716
1.4127451010200158,103.89765649868957
1.3613778114141848,103.84268558643926
1.3736512867337531,103.74217106442535
1.2848275350162117,103.83103948752277
1.304721055125339,103.80040390524373
1.3835555361094514,103.90139907179899
1.3479886868687025,103.93192192637878
1.3294578643961095,103.90939153406747
1.3744996055245113,103.77290628211665
1.3386068014504324,103.74513953399159
1.3170096750757805,103.77008963975162
1.3650994753116572,103.94170795615223
1.3885345461578822,103.8989304429864
1.4409740804941435,103.79699906739384
1.3662464636899858,103.96200502291752
1.433750326427701,103.78384154872828
1.3483351328585809,103.93682325841037
1.3767772919056476,103.7481742094995
1.3231526383138328,103.9348660620988
1.373310179144789,103.88322960904001
1.3426143050762223,103.95595753465928
1.3159064377463536,103.86064635004078
1.4301257092916,103.77519551536135
1.4016879451204842,103.91182106166514
1.2982279610157164,103.80200635056629
1.3753865463213915,103.94743258689216
1.4373623071349704,103.79868218909988
1.4275211159613057,103.83346672875497
1.345718184603607,103.70494023689923
1.3854807100064397,103.76528297414268
1.3877582745840626,103.89941943335452
1.297168758986916,103.80377075173851
1.2752182675963288,103.81109330563552
1.3513442819766288,103.96047736005421
1.31925380344194,103.76506739537459
1.3468590720563292,103.7525366467516
1.370169307580111,103.88226412110777
1.3716692319334127,103.84181864246437
1.333004070385069,103.93256843185496
1.4236798918707076,103.84006655959467
1.4502991376844439,103.81981661744166
1.3656144486261068,103.88824889944375
1.3742639454456003,103.87259962349883
1.3460692514962138,103.94017752598715
1.3408329463692434,103.73689969764602
1.3948612838798118,103.87748581065306
1.2985124648894721,103.79708252442362
1.3915954285978869,103.74114089657087
1.3788256728582864,103.94012612445916
1.3946299401861244,103.91242445472437
1.3588455370965842,103.75104734799552
1.4316170050428443,103.84177111559364
1.387614345989461,103.91058290378766
1.388157058853909,103.890279957382
1.330584899973236,103.8870616586789
1.3656235004268715,103.96304934964492
1.308660841946564,103.88453505270687
1.3706173432627247,103.8710930854461
1.3718657751395107,103.96118260242149
1.2884964539075736,103.82845492159493
1.306149640502284,103.88486103465425
1.3043677018280415,103.76283484786495
1.3705484865483786,103.8548102974722
1.360196886064564,103.95952748046916
1.3488459146176544,103.93344765495412
1.3795505800700736,103.8805782970556
1.3694798850330723,103.87254423605953
1.342992247006871,103.69947202652641
1.3585281779937133,103.82976657032602
1.4210708148214828,103.84311904325955
1.3547451639048882,103.87362448976873
1.3821618541273608,103.74728833845788
1.277308483113334,103.81844612698289
1.3524922004840774,103.72374713234629
1.3784143946097702,103.77127882981951
1.4025473398641923,103.74802574727464
1.3491078373487804,103.85617526428989
1.3242122973414636,103.88954988880452
1.3929148215902356,103.89637431879757
1.3697580945892145,103.87197382163558
1.416778629489005,103.91014122281557
1.4175614237577219,103.91019047518547
1.3459228771388678,103.75477074842753
1.3379991852220607,103.84519547342543
1.3083771140512355,103.78512908909155
1.365203905597258,103.74537993429306
1.2842785457956625,103.8152847154475
1.4324789141237508,103.84250616432585
1.2840626541449354,103.83268379320695
1.3446934666068546,103.85565713942749
1.3329552323749925,103.91014619331649
1.3465541229419882,103.74009914338332
1.3545339702311212,103.96156151120485
1.4360593202002003,103.78933947866533
1.3358955907438639,103.87350611369206
1.4298398212220236,103.77434193371921
1.3271620545697924,103.92329148686598
1.4270635893652608,103.84283407446401
1.4337808612314717,103.8360936108851
1.3592374026112157,103.83236735482231
1.3504866881646722,103.83782983592539
1.3962193363960116,103.74312490986635
1.4379705493344364,103.79514588300631
1.3764710301899699,103.77239808297705
1.4364179802145554,103.79308698210428
1.3713097397345293,103.87977314783306
1.381898076651124,103.94323805968538
1.352563170088793,103.88030505745392
1.426874007131553,103.83734313430266
1.3986185793738215,103.90852031487971
1.363098583843153,103.83405577383152
1.3366498004730676,103.69786391106732
1.3552292144688993,103.89049436114242
1.335408437025921,103.6969487329172
1.4149083323574259,103.840818242536
1.381246119218644,103.76887807216465
1.3934535836786908,103.9017663780309
1.3417866060159838,103.74005606047547
1.363547694345164,103.95983923658576
1.3111508555348226,103.76100031092976
1.4411835531911212,103.79013568283179
1.3261702409888805,103.9341697305305
1.450917794167912,103.82720500929597
1.3512046305232432,103.72565299200988
1.4454640946884934,103.79484373218556
1.3209238777014003,103.9009624655816
1.4453238847878027,103.77219066335687
1.3224810928295638,103.94125453136449
1.3176880861371858,103.76909166049577
1.347849958109572,103.75503649624046
1.4346427709721048,103.84052636412787
1.392999719661889,103.91206108067885
1.4327780698968102,103.83402783976642
1.3928661962096183,103.91258914759842
1.4235866933747368,103.83256557791275
1.3499265350331997,103.8701235386526
1.4209912232557387,103.84849477448927
1.3703792648354571,103.9576550268516
1.3607319269951308,103.72851352402488
1.3557393296409261,103.95651545432814
1.3543456873051345,103.72132451979458
1.355204486256612,103.87161309544445
1.319611929350761,103.76912144478555
1.3486210592135668,103.75176834127237
1.3764518891750603,103.93961779045712
1.339923192853728,103.73805361574631
1.4310003768603878,103.78279182605391
1.3476247473712704,103.73101184068102
1.3572436933810395,103.84587425043934
1.3570936518369332,103.84880310316217
1.3390406503013033,103.77435729091478
1.3224964676503441,103.86242249746557
1.3392089828794813,103.73461222698197
1.4465515793461823,103.77340845591053
1.2975231047980875,103.80228354737551
1.4350228847349191,103.83666221196272
1.3001401549564635,103.88421587729826
1.3561544964540473,103.93881741624509
1.400455553929972,103.74635860593446
1.347705917594923,103.75261994276185
1.3583920930846152,103.84708350068999
1.3513189362617841,103.88829523345825
1.3476905929515486,103.72923392273339
1.3396037740444962,103.74307764062466
1.3450309360479318,103.75541295525689
1.3459719295346813,103.75424772896962
1.3380482792372312,103.74240725410897
1.330294958143581,103.91354431507808
1.2887146957617763,103.80971327516812
1.3235282494813876,103.76326503948471
1.4028037772018904,103.90530658912627
1.3309444460079947,103.90580279701243
1.3957282095298298,103.89791901102156
1.317903592030095,103.88530709337684
1.3811862877820347,103.84330174998797
1.356271507123918,103.87099641776634
1.3382867771305955,103.84408495200185
1.3738747233817563,103.94587370359224
1.3371268936092267,103.85895792076381
1.4459300165106541,103.8204509387824
1.288636107398076,103.80881762258984
1.3510480050650266,103.94499948252786
1.3783811237618133,103.93567977636512
1.3733582991639324,103.83549779057226
1.3486043135898371,103.85184351437569
1.3346309555436486,103.9083680242902
1.3263970668304552,103.88605337569165
1.3862309549021739,103.76072019702944
1.3891630311976886,103.87800971748409
1.3621209050797443,103.85078339824605
1.4406514677509306,103.79882304926899
1.4197368292115946,103.90392451707417
1.3953375051107508,103.90662640644864
1.3514236490573588,103.83748012069175
1.4024595254653867,103.74499323290426
1.3611128035134035,103.95859947443397
1.3430948536594018,103.6988662866806
1.3918414791871858,103.90621505712267
1.3595918953637318,103.8913372689656
1.3738001759106555,103.89367346955994
1.3238828439187018,103.86786445155253
1.4440631550922665,103.82124709251316
1.3547653483956275,103.8908188810914
1.3477162370736373,103.72510335423497
1.3395023341771433,103.85341707534818
1.337778826641467,103.85672042965821
1.4365167092761857,103.79390678811616
1.391091651181443,103.88566173366551
1.4379283456241727,103.79462951196219
1.3823906812472257,103.93799620363755
1.4266351082485411,103.77373056688444
1.4342873876208033,103.79907739115805
1.36344792664213,103.95375161407047
1.3622863258114566,103.95206050820661
1.2850789014007717,103.84248037945248
1.3231279453167544,103.93689420672561
1.3053176629358074,103.91258665476997
1.3916391046719003,103.87498550778899
1.287290899372892,103.81732001093916
1.2867506087488214,103.81007782335713
1.427241455699233,103.77493811259475
1.39052901655799,103.89942496971723
1.3775042535221897,103.77452775714136
1.4414298620801267,103.79908330744294
1.3651982867121337,103.74482387952507
1.372338146229604,103.89721909936962
1.369584289504572,103.95030118477956
1.3612130263152005,103.95053458590226
1.4435557989145846,103.80768995397904
1.292095628300173,103.80411737472416
1.3442434603689175,103.70114092610552
1.307796674153667,103.78363260919573
1.3502741080069784,103.70514084559602
1.338963373247981,103.70083178202293
1.288487026972934,103.80797319931887
1.3965573963120752,103.89903726097695
1.303806079048359,103.90835649482247
1.398329726713949,103.90324063964117
1.355058262543858,103.87086936732832
1.4365042897531437,103.79533173193441
1.3340014104800533,103.7246751645898
1.350106495845192,103.7238096447678
1.3688668296741566,103.95350431162647
1.3461656538945603,103.95710308083068
1.3977620389493264,103.74899779651277
1.2888046783076177,103.81435265420679
1.322668285084484,103.76895976907718
1.3358118535441899,103.85431628048048
1.346201928887099,103.85208887505185
1.3543733208055535,103.86903026092929
1.380155150630273,103.75639153611164
1.33953923450121,103.84761283810407
1.4272090225423297,103.85027477832733
1.325231922440713,103.92183505472141
1.3655091230086394,103.964322292683
1.401637216125548,103.8915630381316
1.3393927321118475,103.77263620635712
1.39312763279195,103.8739513088714
1.3353425900799882,103.72289045913648
1.347654249727533,103.74402261196795
1.3496438789934313,103.94634663756896
1.3927433905092277,103.90551094225299
1.3759553831812537,103.73712221641951
1.321237258660996,103.90353695059414
1.3075827339700223,103.8844396118492
1.4423076896773142,103.8067976204314
1.2878657574112058,103.82045902403317
1.285095474849336,103.82579251717587
1.400432403940754,103.91044321308385
1.3636561677315013,103.94384285502365
1.3598678204054124,103.73801997761029
1.3320746659565874,103.8573875384104
1.4286187376397848,103.79539915025852
1.323388383086614,103.86070601182793
1.3527020883671845,103.95716355699196
1.4250753553510744,103.83398395654503
1.336789123525984,103.92248558572942
1.379237320924369,103.84218426367886
1.3583971887911173,103.87219668053481
1.4265966207811713,103.83086077970079
1.370041087974221,103.84212218913495
1.3743417856090343,103.9445292894481
1.3133184429510485,103.76255588659859
1.3767104616509183,103.88643612565347
1.3764721671312043,103.89004333760286
1.3330203418578102,103.9223429674071
1.2825536142533536,103.83220878161956
1.3078010783264948,103.86007941930663
1.3519536632018139,103.72448551078625
1.4035075106163986,103.90090407840603
1.3105859061925114,103.88529318741429
1.399453590997276,103.91182163224889
1.3583578080216616,103.96053979675082
1.4376966695806743,103.80162546168502
1.379473604742478,103.7389003574178
1.3613083815140214,103.85463332207722
1.2936126424325909,103.80841680585505
1.3926275077266386,103.88950608807929
1.4382235333354398,103.79232016989678
1.3861345073661218,103.75760522155828
1.341601803658005,103.74305662312504
1.3088339127476272,103.85217492210715
1.3438898563525299,103.71352857615933
1.329877688591411,103.91008373054933
1.2868709924315256,103.8187805363985
1.3713873416057603,103.84788531532729
1.3428485414250262,103.69691605456416
1.3939087021137033,103.74378633939436
1.3312644575718702,103.85727887334345
1.3861676373131107,103.89237112242128
1.3862665365628273,103.90253047394614
1.366991749584877,103.85391332720813
1.3854617713702073,103.76452404964827
1.352743225928699,103.70447042647848
1.380811325859882,103.75255070368665
1.4337535173485552,103.78226542665266
1.3786545215242325,103.88899095614369
1.2749342295789552,103.80868605061306
1.3933383205182344,103.86992840566855
1.339647913019905,103.84547717092008
1.3568164256014987,103.84964909340216
1.3494277627480755,103.94070819119953
1.3765185601072658,103.90063298283171
1.4035861702586858,103.90603207649636
1.327654809402477,103.94076283796652
1.3731384389676262,103.87573875987377
1.4257205506611819,103.83664479012386
1.4154154961550856,103.84342790759173
1.3759304245934008,103.93606674776316
1.3589448560968835,103.95583235186052
1.3173265003760608,103.87837571990512
1.3479039104876784,103.74192385924923
1.382182163697976,103.94486233928784
1.4175977452265487,103.90256971045582
1.3766579332130024,103.9427679131614
1.380311517872964,103.84235548330655
1.4286157995759168,103.84199770644419
1.2798006471298826,103.82476567674156
1.3520422389158888,103.7228628451574
1.2853833762791604,103.83083783334415
1.3799188030553218,103.84248114041561
1.3349232218295817,103.86779299077858
1.4484100461821363,103.83310086686096
1.4173227729020885,103.9021905203213
1.3951207194340531,103.9128232213022
1.3367616314371555,103.70319146278716
1.3814223965635135,103.76274299575606
1.3478873473677488,103.71293834713063
1.307175733316599,103.85534679368791
1.348854731179158,103.85060412157299
1.4461980628240438,103.83512814256751
1.4205000305387538,103.83237778310614
1.419427707254914,103.8328561217386
1.4347745117471997,103.798950874469
1.3387139687013776,103.84568927171479
1.3579013596869285,103.94752388226914
1.4167290183548675,103.9021102719205
1.3200399103984275,103.94657275226946
1.397045021739433,103.90950415755523
1.3962762388011096,103.90112721387347
1.3470597218433487,103.75215381237312
1.3640899098147974,103.9441956246869
1.3207067064283369,103.90249671226896
1.3726952110762398,103.84643655792004
1.4439241072200555,103.81739487725193
1.3988500807996318,103.92220129245777
1.2814989069405531,103.80871290619784
1.4017017701434558,103.90526450207989
1.3577480791480876,103.84599991799841
1.416625996605972,103.91078958919923
1.3895697814185601,103.89327599124455
1.3529699867744072,103.95682878273146
1.3032362128545676,103.76246100723408
1.361805576308022,103.95264836759509
1.4417358877604354,103.80112287955795
1.3104981508053668,103.79226289305106
1.3424543477530948,103.95162662503964
1.3275199390214294,103.85730036380914
1.3544122803307126,103.71863824177818
1.443483296856265,103.81701887639521
1.4322460176344463,103.83187019872177
1.3849460503803084,103.761099166116
1.4404427718210688,103.79506310242678
1.3695364040585192,103.88416576659719
1.4196360652958777,103.90678422470023
1.3574714845860836,103.74072397614614
1.3672311360294847,103.89776977483372
1.2772030454076528,103.84027149190766
1.4313830252964133,103.84740388500295
1.3729165840037485,103.85707464035305
1.4322338264426713,103.79488768063337
1.3324492489194153,103.93487283323165
1.3786533621123842,103.9016877187656
1.3861025442388648,103.90289260068896
1.3920348589793092,103.89209804586686
1.4031523410793079,103.89910059048107
1.4041728591537461,103.90056982025287
1.3361993196499986,103.85826403243102
1.3913369899020895,103.74592282863756
1.392144489792916,103.88769702776634
1.3499033744737603,103.94714203049459
1.347990234912647,103.9368339299653
1.3244350966488727,103.8581510857036
1.3369667564822927,103.74258835907807
1.394616568438748,103.91098166728695
1.440349099059331,103.77663465085202
1.2873056374658116,103.8318690455292
1.3706993088483028,103.87028561888525
1.3932233058280457,103.90264298653294
1.4510517239053489,103.82138069986298
1.3737544835691744,103.96061438843765
1.4480289302713787,103.81631697443378
1.4417574660903532,103.80581090607983
1.2868882368442234,103.80811666326741
1.4042132455024356,103.89563734386019
1.3362711144437824,103.70382773163276
1.4166731402370896,103.83951030931136
1.3975949059081572,103.89678385239286
1.3124686202253402,103.76090759108165
1.2873981159053713,103.83939502903966
1.2755488961224848,103.84127002318431
1.3747813687627608,103.87507427024045
1.3643741353446635,103.96070891486369
1.3900356290748377,103.90848438171888
1.3366785564866477,103.84479154751882
1.3896153351623082,103.89453485968069
1.3310595380769954,103.93003590514675
1.3932719280436765,103.91005079170121
1.3502725212610946,103.7321586371769
1.2852186133959593,103.8458534712731
1.3883730209136071,103.76258100142574
1.325473064175966,103.92622659045118
1.36493469953284,103.93655992705384
1.3304499570443575,103.94013177107553
1.4517292530132337,103.83140479456485
1.3506296097187875,103.85040199652175
1.4046857857852626,103.91485462987524
1.3620749156356453,103.94121364136188
1.430945266696444,103.78929528986923
1.393217309626474,103.89135274154164
1.359560623862833,103.95073592352726
1.3533613554442008,103.73949077964905
1.4435778464827203,103.80877043275177
1.3086460845809174,103.88712248303081
1.2810571081666058,103.81153057000941
1.4411769372649,103.79152807635957
1.4303054744242216,103.84435358926432
1.3857690408809114,103.89457122547306
1.400029298376168,103.88993530972387
1.3222621093824964,103.93807725734672
1.4283793938854512,103.847077368192
1.2958152336730158,103.80987401525532
1.3487846639749677,103.74363283731847
1.4389848346604672,103.79841730388753
1.3637131899640547,103.9613206632985
1.3953355418193025,103.9115600899182
1.3102255937596676,103.78508280341444
1.3646977475148558,103.96013879494653
1.3498467561491698,103.87581987074648
1.3578573179189888,103.96163571823381
1.4194890258982542,103.90640081726947
1.330261646611715,103.72185392749735
1.3473133709161114,103.71628046221618
1.3354101697922771,103.70028648874246
1.4318827939863266,103.84529792500065
1.3459866068540451,103.94441424750535
1.3202822675449108,103.85984663803845
1.385588025728807,103.89975601228218
1.4512408165358073,103.83145475454604
1.4342212695376566,103.83005771087028
1.3814026781986803,103.93578376039632
1.3459861307976395,103.94487172062856
1.447056900283967,103.83264396725176
1.3735288940688015,103.9448014331269
1.3215412026368547,103.7393280787954
1.3712405776879153,103.94944725221886
1.4256729822767638,103.84410268837863
1.3902471109035812,103.90325662890992
1.3180140741056219,103.76451934899671
1.3827006972733449,103.93652139741295
1.3910658612611804,103.87968466121052
1.4017313373811482,103.91869019531865
1.2738831642946,103.8389906164365
1.3538185490230406,103.95091111508482
1.3713636724704057,103.9588076093408
1.4227126504545968,103.84423080091048
1.3638444693280003,103.89181915558434
1.4337002095742035,103.77458494002937
1.357425936319606,103.94003525618142
1.3572720490538726,103.93966132520578
1.3447074597519264,103.95596119634901
1.336273548574735,103.84392403226536
1.3950395807356917,103.7459770006429
1.308922304539384,103.78492474344776
1.3580532858544672,103.84722102572586
1.3492922520115738,103.75200719880861
1.3385992675121965,103.72242729936163
1.368210585641035,103.96267602404129
1.3232317612996354,103.77112574274179
1.4345606423100112,103.79631637951331
1.330520686495035,103.93578147802774
1.3451116683923952,103.95882207097581
1.3680528306676585,103.85435016631757
1.3453448113473394,103.93906481946892
1.365760406044638,103.75233547233677
1.320203240951546,103.86328392784787
1.275650815169586,103.80755153370846
1.3571819312139117,103.7434639156403
1.4288085109461277,103.77475030816251
1.3710559757951046,103.87519668583388
1.3528174723842035,103.86881230832459
1.3200017402148876,103.9012594996769
1.3481442911277597,103.94249705437927
1.3259258113048038,103.89911069160527
1.3840994791017234,103.74551715372617
1.2883548462278713,103.8277962127937
1.3497072886757628,103.71896422846116
1.3506755244052486,103.94071306186368
1.2907258065266864,103.80388176767548
1.359280411886208,103.94971016703515
1.3780063140550889,103.89312338591765
1.286865084710477,103.80703733184237
1.335769290776174,103.84579049533434
1.342824515677231,103.87359018700025
1.3063759243036386,103.79843975679515
1.429622739711433,103.84521479230409
1.375179910815219,103.90040669588652
1.3207697925569666,103.86024147747673
1.383606971859097,103.73939225057421
1.3965406636514242,103.87937225876605
1.34302395700063,103.95933575985234
1.322820149875131,103.76219044692277
1.4371313436394275,103.79468279983976
1.4272561574957967,103.83402753615844
1.4326212709175976,103.83634987197527
1.3881916029766574,103.89991409625593
1.3516546473891973,103.72539110599139
1.4268933577771767,103.83259358003993
1.3558986089557046,103.95394395222299
1.3484101249165579,103.74598699617796
1.342612396806051,103.95707318438734
1.2847455969271848,103.8315822653359
1.3199847850715887,103.94281141960391
1.4465613182974375,103.80375823667319
1.373903522335269,103.74280065818363
1.3501898627200701,103.75853828061942
1.4038697545981509,103.90787119789941
1.3218674815420006,103.86198231537107
1.3771819486341041,103.8953474839909
1.3869592974641431,103.7584210797148
1.3276308646565618,103.85695534031689
1.3468392702124194,103.8541201507905
1.4419328566745442,103.79874853085916
1.3474898951060361,103.94077666777038
1.4016319250623748,103.7465354067471
1.3395050617435553,103.69701929819567
1.3427056200709488,103.69705869014982
1.3252660572646906,103.92262511826905
1.307627735565027,103.85143055392282
1.3467557541372281,103.71616444191149
1.347203940888922,103.71727425421865
1.3557915923319372,103.84883458314432
1.3568423023887952,103.93666092587178
1.351953711807026,103.71581583793177
1.2714427972461844,103.81061119062275
1.4015765299564467,103.89017715199759
1.3328948084511478,103.72236422297658
1.4406889134524479,103.78728991112506
1.3659690473436539,103.84064052323987
1.4334319789857064,103.78862134222456
1.416038978552379,103.83308060237373
1.3914755048136904,103.890279745598
1.3705996071465316,103.85784700854776
1.3243799105911134,103.8890813527884
1.3906542217652123,103.89110749182024
1.3210800489855983,103.85973499203196
1.3541136262693343,103.94398563903893
1.3316027249616809,103.93118615756713
1.4477718196606741,103.83190951033345
1.3151554017185751,103.76606489352342
1.3415147275331178,103.84728254954122
1.3765422949206763,103.77563256570181
1.4007176381749047,103.75021562549985
1.3929049567865155,103.74382048721034
1.447410341863973,103.81666304835278
1.2836230884509368,103.82538937064001
1.2853137882963712,103.82201131411662
1.3543171091285053,103.9366897618489
1.3514040160244911,103.93338982075265
1.3690839453167611,103.8516147002181
1.3683521258555282,103.85629848600902
1.2928201394300292,103.80976510131985
1.2835318851596678,103.83310017641955
1.3462555041042472,103.9352387345294
1.3471451539818995,103.69658081162002
1.3978023175483334,103.90631663200864
1.3291902711990744,103.93737650779528
1.4354415965317069,103.8393097422709
1.381846467023358,103.94404083822259
1.385355556277581,103.76625965957403
1.3736202791767032,103.87926212823218
1.4361957771590368,103.83669992762175
1.338021204148417,103.70058330671054
1.359577256209335,103.74053356039067
1.3370088522103125,103.85149783133704
1.3740145264192023,103.77501645112353
1.3863653325677898,103.76980855952745
1.3664731357491302,103.89801932615404
1.3466754517338948,103.74416573330812
1.3023550937437858,103.76371834753583
1.4434672864271336,103.79355230643249
1.3718706932538862,103.8470309230903
1.4265815521365857,103.8472450403033
1.3641660655220416,103.96415265108187
1.3334576282106239,103.94195763412407
1.3544392965952876,103.88854136072261
1.3390860424514357,103.84754144665573
1.3518950352810106,103.74673066304214
1.4375794161452178,103.77815203404286
1.3187360212149608,103.94712083413896
1.4537403216329992,103.81821263040932
1.318388020657128,103.76985218673458
1.38957549110391,103.8864075439107
1.3509651039672916,103.7304480545428
1.3856355787793753,103.90077330381146
1.3433226652452708,103.95576725819632
1.3555181258359108,103.93381381371482
1.3789555345112712,103.76639851394116
1.3921522805089643,103.74420401927455
1.3613498422771173,103.83829553807334
1.3616195563216558,103.83782968481543
1.3710351587542922,103.84762530093806
1.3937861368337026,103.90910954583633
1.3368961837194833,103.69488812156742
1.335820208791967,103.85128474766637
1.3819157764647931,103.76250430269839
1.37715302906613,103.93356547195735
1.3943318121584833,103.90520242999155
1.4221101827691471,103.84209770346231
1.330837400574341,103.9280522552434
1.3811054674094339,103.76803691432839
1.4137974351239462,103.83402196669135
1.3946005856394588,103.91552066584096
1.4024680095931612,103.9075872561894
1.3859629986408464,103.89974650705196
1.3723680337204895,103.88052855652263
1.3499686486689728,103.74713817202954
1.3664102737683603,103.75277262299385
1.281378911044053,103.82664459361915
1.360448926032656,103.7290829544113
1.3760072542554025,103.88045840963937
1.3828589181442446,103.8939986030766
1.3654117816649465,103.85681165714665
1.3765490244573442,103.9434772202651
1.398912431261349,103.9210236395997
1.2972994176662156,103.80636310294318
1.3854021447833529,103.7692120215959
1.4043897470610711,103.91524316494974
1.3683852940830283,103.84687361098
1.3416366232213663,103.71022814314777
1.3300434165892543,103.92408788882834
1.3799288894456803,103.76678768171935
1.3126017680195385,103.85529521834171
1.3692896743886938,103.96170851721983
1.4446129739075186,103.82171498909427
1.293358506328307,103.80879667379503
1.358118934367895,103.84468893815078
1.399560874216113,103.90889257689555
1.356369859707046,103.9451784520334
1.3530315210456387,103.71612526602446
1.3746977497234956,103.89540080065348
1.39585822116213,103.74769202291209
1.386594789021545,103.7669862683908
1.3873250895048383,103.76703430304013
1.3508629832663464,103.9344269607166
1.2940704239582501,103.80964073732939
1.2907065712832146,103.80238797137368
1.337734688888941,103.73790999268542
1.395105534022042,103.891980270831
1.4533403721428804,103.81831943711911
1.3421854607865666,103.95771570740979
1.4297643088765146,103.8464902212223
1.327289773024709,103.94083357177345
1.392052571108634,103.87829686260231
1.356442269976974,103.73288886419606
1.2787079035992146,103.82709417923631
1.3279719578381821,103.90440068792844
1.4310095347402958,103.83471775214129
1.3423675479514463,103.84522756826672
1.4279246765593117,103.84730294744452
1.34741289990167,103.74379183584514
1.402151487775204,103.91214595933393
1.4363330533487952,103.83456364107442
1.3616033356180408,103.84275685697475
1.3989670071650024,103.90386573287124
1.3090829811299796,103.88227854792714
1.3967449159797174,103.74809080933878
1.4020239568517243,103.9036815443153
1.3092645864575214,103.78927601707588
1.404953506678127,103.9077204755925
1.371294635456929,103.86947697297158
1.3578312171565214,103.87114679821397
1.319234603914991,103.74965764162759
1.4191891489952573,103.91152441872731
1.372485282676705,103.744561304774
1.3340910171167246,103.85221637659413
1.2736503459084347,103.81196167638798
1.4163509779127077,103.90113037668236
1.3048299730397293,103.80106782714354
1.3792413008353237,103.7503699168932
1.2943982580746327,103.80556336005672
1.4034302129437881,103.89877306188221
1.3534614408503893,103.88866997917508
1.3415803166202327,103.74488373061214
1.3404543464433818,103.8460847601572
1.3036963562177823,103.90720849487295
1.4064553264209434,103.91253097017562
1.3264149745585165,103.85733693270815
1.3774613543949998,103.77359193909294
1.3610238541287596,103.85538415362018
1.3338236740411487,103.73880190376265
1.371348737670132,103.85327417295375
1.3844984946340624,103.74184369982747
1.429431206278459,103.84253990741423
1.2827730636871355,103.82351024323515
1.3210951579852108,103.88610044548633
1.3947032321255717,103.74716416699466
1.3533574056185471,103.95947608288103
1.3302296541561758,103.72266230619945
1.4265675617738534,103.82701735126975
1.3772250289817876,103.7544637502706
1.3645732787931368,103.7481006980929
1.3859779345421093,103.75901228876344
1.3828751544419453,103.894603956338
1.3861657874593563,103.89199870366132
1.345616184181273,103.85096466815713
1.3958124884801408,103.90362046830624
1.4391327411236114,103.79994548457123
1.388435503823543,103.89940088837977
1.3573011189407187,103.9593425465624
1.3408135397315069,103.69325882303836
1.3916733343294865,103.8698944257071
1.3363426503890061,103.87128839988254
1.4470580132257203,103.80497974743925
1.3717369307661267,103.88143596480079
1.4342103343209227,103.79261683694064
1.3925448769753712,103.89903672939899
1.3855372161497637,103.88160892796324
1.3779360206691849,103.88776201859677
1.3812889033534785,103.75235043511726
1.3575480098615396,103.93756428302876
1.4368856297165757,103.78156894511952
1.310588331452888,103.88859557387372
1.2981154211005814,103.80258790845929
1.3394109583754217,103.72334774923775
1.335619072902329,103.87258730735445
1.3931395670371753,103.88459542152061
1.3527442308450242,103.93012620837291
1.3753116000069807,103.9467725635908
1.3712923100797623,103.95082555922426
1.3805287250868539,103.74907572169342
1.2880285318009586,103.83157937005674
1.3496336432314888,103.88629273272065
1.4292138409697464,103.82887478312384
1.3454319469019655,103.85406814454633
1.3373057450548955,103.87386407778926
1.3655217946678697,103.94005931295172
1.3675283454768132,103.85598949689187
1.4451144864487464,103.8294620826169
1.350262308097719,103.9357510722892
1.4407588085474086,103.8052734985874
1.3895016545518268,103.87700784507014
1.4273098704837526,103.84187689952174
1.4409369348852106,103.79208120634839
1.3797098912361094,103.7624253803633
1.4527825559916372,103.82388232156654
1.2845762562926846,103.8453953189623
1.428546958662053,103.84489469321953
1.356966499094592,103.93867425824638
1.3440941607552388,103.74113077024546
1.3996761610288668,103.90662615193669
1.318465300010872,103.89982301714946
1.4344579275182943,103.8361420929456
1.3717406324502421,103.89379063747387
1.2803067765495175,103.81334388890167
1.3909188530980712,103.88468807962948
1.4463295464325256,103.79948521949912
1.4462989837242548,103.79962158961767
1.350045182644728,103.87682952670656
1.3203725392148755,103.90081671853414
1.3889218517556443,103.87126358507051
1.388321774140774,103.87113362586398
1.357999785201615,103.95458551460975
1.3362979175676781,103.92124722219448
1.2951330709374576,103.81112975626421
1.386354654134289,103.9053873370929
1.3969555240472336,103.74486764103227
1.4298008520152443,103.7786015119989
1.3579279563425057,103.73450881420179
1.3378478444881146,103.93922557044591
1.3375464721822123,103.93890927686265
1.424475181884714,103.84589048418485
1.347519665164033,103.85592716745853
1.3103108561432042,103.88583871619126
1.2777582630748796,103.83077159921162
1.3678506274405546,103.84688325756102
1.3444636961433791,103.701685532215
1.3798174701122192,103.74223654778207
1.2740742821380389,103.81038613419017
1.4151178749381454,103.83344462615163
1.3772374131457903,103.94793445491943
1.3765681066496585,103.94847706250815
1.376177445031464,103.94835162907229
1.2984207985411316,103.8015679890658
1.4427124203790065,103.77543294857401
1.3182740309355523,103.85656100242612
1.378239763197334,103.75648615217136
1.436609578431703,103.79025951936609
1.378258850509266,103.73555558568384
1.348575329561311,103.70810020520558
1.4300897250323408,103.77465990569898
1.35481487993497,103.88842376437474
1.3190887967415261,103.94561102203262
1.4288102932138693,103.84727109594851
1.379802651980508,103.7487679169294
1.4232279681606945,103.84803938698866
1.3890123932400262,103.77290424391653
1.3465275468038895,103.71448299186541
1.3335824163971395,103.87035090982421
1.376589885411073,103.74670790695485
1.3595227947382493,103.73864828931424
1.3592524088842344,103.73725640635024
1.3595910131508349,103.73723195808654
1.3598721267709337,103.73759450657766
1.3091269760119326,103.88690575037383
1.441983400620503,103.8222452295864
1.3403953182612687,103.87703658614052
1.3433105120681033,103.75704839424503
1.3784152652039443,103.75400700928493
1.4403869951205288,103.79796211411717
1.3861078003267377,103.91287482940511
1.3183184224172613,103.85609593739018
1.4026433233342932,103.90142152288037
1.4014522070162674,103.90669482569322
1.3942359265704691,103.74313100903123
1.33972988141644,103.77256803858938
1.3647643332789925,103.84426573391437
1.387364749709107,103.76918798912797
1.3660176917540547,103.94103810979178
1.349258703577838,103.94613327522761
1.3548727681926245,103.95850552146821
1.3551048389452862,103.84725742628781
1.3501099253235267,103.70035071520095
1.3350266635858956,103.8517873576935
1.276714833074893,103.83877192956972
1.3417746501365044,103.69154500810532
1.2760035910947658,103.84119484533318
1.3209429194724938,103.88508030693528
1.4134744299331288,103.83423268376198
1.3158293307595403,103.87127144805531
1.4342803745933899,103.84072267655893
1.4333921023958238,103.84573396826384
1.4448144881158795,103.82945231468287
1.3885723832487087,103.88920764169323
1.304598326212112,103.91533133925805
1.3281391988969633,103.88650329607451
1.3948268005545166,103.91331020209431
1.378747442907256,103.94199665511479
1.4345159399935665,103.7776213816554
1.3336455413386288,103.87304126008127
1.347162699495848,103.69572058571384
1.3734894284541186,103.94697592398572
1.350830620405003,103.88739691672666
1.450993449114095,103.83072354919021
1.354198782514803,103.95104034717298
1.383289524814361,103.77157243171392
1.3853936532409707,103.76130939704977
1.4310225007411717,103.84692639144163
1.363399572848575,103.96356030726636
1.4472456769269617,103.81826476172603
1.3932640977336417,103.87859260709297
1.3265472257321627,103.88662306750766
1.3999484203490122,103.91521932561615
1.3236081626430953,103.85987020734218
1.4348620187334957,103.82933031680201
1.4381567227775205,103.7798105757579
1.365844451459825,103.85706588432336
1.363971315684933,103.95575832548711
1.3408810631791492,103.74266530147712
1.434101084309518,103.83999297951073
1.3541392411304143,103.72524913323934
1.4508591490116396,103.81437035529855
1.3419193755176801,103.84605557893151
1.3309234031040469,103.94010354519494
1.2875150471527395,103.83201637211319
1.3718953146232244,103.95947527001059
1.357969297087912,103.8721218287174
1.4014299337263476,103.74606861105114
1.4332690207062626,103.79398655039243
1.379480796754863,103.749940526861
1.2882510285417175,103.827156739842
1.3430542336446663,103.73966805426447
1.3741897323304153,103.77550714749272
1.3079933113474298,103.79636031515915
1.4506146624691165,103.82163076783496
1.4434005054463415,103.7778185775155
1.3734821053419557,103.7440275340714
1.3390889404618846,103.85555069876656
1.3353735345316606,103.70431765540125
1.3827634269375035,103.75346325154457
1.2766394251882947,103.81069329690233
1.3733346593392841,103.95827968681367
1.3680396223925317,103.95569182828027
1.349431801119567,103.93364459217474
1.3433276982209938,103.69557941817415
1.3348425561221444,103.85455838068228
1.4497436796043295,103.81355334506445
1.3462871473846194,103.71245940748318
1.3455932100868928,103.94535060171495
1.3516268340113518,103.75503866237325
1.3928206206307472,103.74670073392001
1.444672919763305,103.79452911551108
1.2739830944846062,103.80880804909732
1.3502645553539534,103.93438119432051
1.3216504713532633,103.88542193012488
1.3397034209849263,103.73468817790702
1.3875299835141155,103.77332360134216
1.3811877686240048,103.73670851243416
1.3671838937844496,103.83928227296848
1.433929569760613,103.83131398185661
1.3512827369208704,103.86886611259027
1.348761886579207,103.85374444698549
1.329250509782612,103.88939962256303
1.3714411872028285,103.88123258130241
1.281972650599961,103.82791221392456
1.4448736743879895,103.80851539903203
1.4274673814005991,103.85247363877649
1.3693425548002716,103.89833801197179
1.3574264455773821,103.7398787278786
1.3221922280790819,103.85619727470421
1.3848495207115135,103.77176077129779
1.4305478169639216,103.79206707919043
1.3556907169277386,103.73590206170535
1.3509947886800384,103.93978556000685
1.4260410811793751,103.84436896869515
1.3494793202737512,103.7553693177605
1.3775877443471674,103.76440125514107
1.3359223130456954,103.93686458645674
1.37081137281371,103.83728492489547
1.3908470515053701,103.89803117447288
1.3868248438782333,103.76427611038112
1.3786435508338382,103.88042177895326
1.3744013971832043,103.88261994864146
1.37383062922398,103.87067390284292
1.3808821296322928,103.93868074531609
1.3237354721081882,103.87024600367019
1.4340602337027737,103.84661703676075
1.4288781798504104,103.83123469510215
1.3495597569688251,103.71795848187126
1.3805316253643032,103.77210949238008
1.4358771133055306,103.77668445868864
1.3850897933220825,103.89244961457325
1.3938445654409453,103.87347304429821
1.449344671987642,103.83271377743264
1.3171296665988825,103.87816210427478
1.3026890760018799,103.91219189321103
1.2897448316493685,103.83291102354585
1.3364000541885284,103.93733437588432
1.352235027293302,103.95684473014585
1.3363325805005477,103.92594663518443
1.3782597759112052,103.94730732997462
1.3768064591328295,103.84205039904658
1.3778303068569457,103.9468535258517
1.3291600691476229,103.90259121010142
1.3222013090515494,103.73775121096723
1.3104646739614338,103.88641712631747
1.3122531851658925,103.7596542120614
1.4356747340475673,103.79408786351703
1.3788422831116567,103.93870890493942
1.3980378586257056,103.74479757972037
1.324255915647776,103.9411053315104
1.364326807768522,103.85031261090154
1.3814764026798607,103.7545245880158
1.4274245336741915,103.79166651916825
1.3594142618120608,103.73805768956531
1.3532381174366825,103.72511884503238
1.3856177263904592,103.76272177318931
1.3025702575212044,103.90710737775593
1.3864030916512664,103.90868177791391
1.4042925801691404,103.75082366210849
1.3078881233692357,103.7829683191432
1.4167572187719568,103.89959922573595
1.3999975358581054,103.9003183487008
1.332074703845072,103.93491391132187
1.3321515455961366,103.90872277615132
1.446669170564068,103.79866862440646
1.3722926672750049,103.85119668790959
1.3113849551943992,103.76552439725654
1.3804803504980576,103.7454809545111
1.3053392702535713,103.91502501658974
1.3914282297929246,103.88839789514441
1.3281685490334674,103.8567225831938
1.3363162693975392,103.84844719440227
1.3132128889124468,103.8718645986195
1.4272013356761193,103.77394685226677
1.3586548034127388,103.83161244239714
1.3358708918814106,103.69581095492264
1.3360619920964023,103.85645392250406
1.3808712500783857,103.87937518969898
1.4191560815597148,103.84149906401002
1.3828044397360917,103.89936978992513
1.3232313339450361,103.85562919457975
1.4266512600032588,103.77461339979527
1.3305022093521952,103.9281253237258
1.3992061034969203,103.90148509201892
1.3254248378569922,103.93355883090177
1.3537557925183497,103.71974477475254
1.324438096740838,103.8553568223923
1.4376293873966546,103.79649045277539
1.3527050672125471,103.72288511289732
1.3524618066634113,103.7226989015654
1.3797755702468442,103.75497841139901
1.2881932495982054,103.80842769723164
1.2870105289797924,103.83072790915864
1.3861956055032383,103.90605224177644
1.2975473801311976,103.79709497635119
1.3227057312339563,103.76371671957628
1.2872608903036382,103.8183054440527
1.3934129173196523,103.87823677345828
1.430342205449263,103.79028152100015
1.3080533727565256,103.78317405804856
1.3845799373351693,103.90117312372875
1.3203393321535464,103.7682762669499
1.3851811586382854,103.76230869994757
1.3381462607921237,103.85251911555274
1.433717793404751,103.84523095037332
1.4338595444459084,103.84577157593912
1.3096031296053428,103.78402028372177
1.3207492249916386,103.90283177424686
1.3822284375684075,103.74507527895418
1.3233865278606265,103.86162150573975
1.4366019001183137,103.84124489175932
1.3881484348838562,103.87480670799336
1.4208629683492175,103.84595248002165
1.3024183654059522,103.90921253558977
1.3201458030491673,103.73988103430605
1.3362494470086743,103.86358476056819
1.384985533067525,103.7636921292736
1.2898466299198248,103.82631500624498
1.303621406945735,103.86300238289064
1.4548459511207084,103.80041503183678
1.395721213734993,103.90963011288463
1.4300994045127964,103.77594327861217
1.3501259594505446,103.93542578450204
1.3508491935032545,103.95699464529227
1.3824408298504334,103.74733988244355
1.4320081427995892,103.84613307344793
1.4329005697674821,103.84481909424044
1.405243231559712,103.89860144812148
1.4304483433305615,103.77273666973528
1.4383578141822964,103.79461153813665
1.3417978872422354,103.87145508893535
1.39777682922849,103.916273537277
1.284055470928784,103.82109081409588
1.3850583600746929,103.89448237536428
1.3781108785888325,103.74305947154984
1.3373683323492274,103.7040180715261
1.3778736729726797,103.89352872759068
1.3667748333193412,103.96228797800109
1.3547818616626428,103.86873022206214
1.3344316113006147,103.93712517842222
1.3693591897982407,103.89158623694112
1.3469204864695614,103.93640433419436
1.28541347696954,103.8317184130289
1.3338055808091853,103.84866905172368
1.33389047256682,103.85008352172619
1.3445451530740862,103.85658566757287
1.3534873532491283,103.72143138041191
1.324359539373173,103.92779071327556
1.2719032133203687,103.82331906713381
1.4442755187398366,103.79706754674359
1.379813366406144,103.76598223847704
1.346340624302501,103.74172469922505
1.3448780304755417,103.95559409469139
1.3563937698260482,103.9500002865453
1.3627686576338036,103.83275843678747
1.3746238515102025,103.89638034778847
1.4303790019462976,103.84343081365907
1.3174227783739345,103.8761159206952
1.3126503672767913,103.78708456061572
1.2839492283978748,103.83152723997165
1.392456196047641,103.87031524038586
1.4362656859104541,103.77659253842272
1.3748656597713518,103.87211391515241
1.377751678508427,103.84270087562628
1.3851024808938197,103.8811748784617
1.3719857711528078,103.95810586599741
1.3339301191650723,103.93947246725911
1.4268096846976526,103.82917940322766
1.351701139282483,103.70363087810648
1.382913964542801,103.9447826596282
1.378162637524083,103.7683408158776
1.346128322930948,103.75978767380894
1.2777841749729646,103.84140934512108
1.3424240533027882,103.70304266256052
1.3622262777368803,103.89471109144654
1.3882963270492112,103.9050308924622
1.3689246759528884,103.9579423417929
1.3165570255890215,103.80728924162622
1.369561037413172,103.958153147263
1.3696691244079837,103.95780268901541
1.3875539557117302,103.90135974909391
1.3745483091009063,103.93596455524361
1.3514473903448276,103.7301454562293
1.3706655739719527,103.83941749964605
1.4204388709514466,103.84714031301526
1.3494857704532242,103.71101128180464
1.3131555727663553,103.87235677414967
1.3973663839801505,103.87610486033992
1.3817983798021563,103.7368560975753
1.4466115675024949,103.80560144242787
1.3341403844311133,103.86820814849357
1.342913506449136,103.70279486126572
1.4344274457367927,103.84633101129084
1.309964943663005,103.88706488802165
1.3094631088466624,103.88716168685217
1.3589360896659488,103.73764052187701
1.3604625057155944,103.72967270207955
1.360025564768791,103.7294255540193
1.3327977551510901,103.84568284909336
1.332579695104998,103.84522668097777
1.4400006134645629,103.79509168471223
1.4339943578056864,103.83567843757315
1.3753548929709194,103.83624042620977
1.3879118653818585,103.90827861323979
1.3041654511352192,103.9141635667558
1.377368341989402,103.77541261227043
1.350779669083489,103.73856049982366
1.3995333500042895,103.92131627909245
1.3751199724554006,103.74985365433947
1.4297447995299875,103.77604870348578
1.3310999161109118,103.9091169242067
1.3771225671128873,103.74092953153826
1.3889525085483685,103.87516563066531
1.4324142081760431,103.84423306454784
1.4312957610251058,103.84475077061856
1.3788380643600529,103.89176301240556
1.3185838270461714,103.94609550388945
1.3671488399632168,103.96200384139236
1.3077503892161968,103.86129442800086
1.4310541567930206,103.77226007518654
1.3769783167368586,103.7382035522504
1.293180861604974,103.81075038311364
1.3222427459577888,103.86663037600941
1.30629789575672,103.91544907811304
1.3879324670721127,103.90470740990769
1.4463423443794536,103.82096530302654
1.4172637463155342,103.90319411053405
1.2772608228390157,103.80730008116662
1.3455817031629616,103.70861974547493
1.3570747471627358,103.75153119726879
1.3278703465312944,103.8996320803812
1.3878300119452298,103.90116404040735
1.4446984039968196,103.83002846785723
1.2881255315285234,103.8309968600041
1.3260929494811733,103.85681309261291
1.338543957044965,103.70370222674434
1.321384449461024,103.93973038702264
1.3108816216655845,103.7706550949571
1.3698459625581048,103.93454343696341
1.4401134446919848,103.79055093779638
1.3530163212179194,103.87969397959846
1.3977007923281506,103.8987563966124
1.3361963947820588,103.69582119414261
1.343852653806361,103.69342876156247
1.3197756742603788,103.85703929738487
1.3793668297288204,103.73560757953351
1.3397511708276062,103.72069350068854
1.3455425900473752,103.85463355332627
1.4453664326915832,103.79906718406708
1.4326697330908544,103.83305323752873
1.372028622646635,103.88870348225616
1.3880415869214568,103.76304360588837
1.378483975362992,103.75567513495083
1.3975134051495153,103.89974098304877
1.3317728035596748,103.91189536835945
1.3420448876769977,103.71006433576572
1.379568501712767,103.74430084618385
1.3763925967188189,103.94555531081605
1.3349447113202884,103.84826073215699
1.3951357284142192,103.91475650523799
1.3721073571035478,103.88964803823328
1.274353602905867,103.80874694859685
1.348104834568675,103.75830051270617
1.3328259870361365,103.7211740835665
1.3678876274726288,103.95865378419172
1.3632303876839238,103.96017196522573
1.348886414976459,103.94021614713267
1.357782989213786,103.88816743170054
1.3664852483884025,103.95961356441684
1.3786437871263306,103.73711351536406
1.3748852952838313,103.88768210198022
1.3701347498726824,103.89122742270621
1.3409941895204984,103.68596724539695
1.3829067182046229,103.90040043941548
1.3763192087909562,103.8931291249562
1.3515896593229617,103.94502964438229
1.4162972964202838,103.84154264438084
1.4168723578196205,103.84088294777075
1.3723052168305845,103.84755922315888
1.4422297772474801,103.80804199000742
1.353057993587093,103.88884502298811
1.396155207362239,103.74649731163728
1.3511842583850742,103.93387275985154
1.358464256430133,103.73994560901235
1.3500442180389374,103.69687117336929
1.3102032751474721,103.88464966762768
1.3195132536830443,103.7479480182329
1.3551892290767436,103.73716737187256
1.348364350140428,103.71707408325356
1.294329587472014,103.81172739212025
1.2943699515089115,103.81140391901027
1.3307450526800162,103.93558194813632
1.3861884988674174,103.76516489196354
1.350395923562882,103.93191688665993
1.311461102436401,103.76608406578866
1.3056805484639662,103.76063780098174
1.3541917879829082,103.9624539387391
1.3559949512950205,103.73547669402824
1.373111679420935,103.74624968261982
1.316205083346906,103.85141675705576
1.3670508032918496,103.89718222620628
1.3714268899107345,103.88603939098658
1.3756816526080338,103.88874989607727
1.284025510977975,103.83052280724047
1.354173181376733,103.94713283162343
1.3293407282880583,103.90321659763214
1.427507458847624,103.8541643399488
1.3656165224139194,103.89684396726811
1.3616221331656473,103.8537957838647
1.3541438197723512,103.95483669021155
1.40362659979065,103.89921301799313
1.4294332034645243,103.84997694402679
1.4315427425203946,103.78111785065151
1.3257736310077084,103.8870501719128
1.3254681263129307,103.88809051115058
1.330192952663363,103.93265615859919
1.3378324624305915,103.9248621011401
1.3227180041150868,103.88681271509529
1.4429096719482108,103.80851058157917
1.355556809976861,103.93254976127623
1.3403929460787956,103.84820932353264
1.2823098636884565,103.82931286312186
1.3008449712815175,103.79806516644362
1.4530902591735049,103.81909559034527
1.4522569901230202,103.81442185182452
1.4056397672517977,103.90985589521567
1.3367136484217685,103.84399566533412
1.4449229435375233,103.79226965979025
1.329116124659355,103.90341430078786
1.4324389157883624,103.7954449235715
1.3759644479625797,103.94296978380902
1.3342329269052748,103.93984409188019
1.3865479179890954,103.76543713904624
1.3802474920780385,103.75257644219587
1.360361659917248,103.74288368310407
1.4495340795940144,103.81871254670506
1.4438044324606367,103.789180100267
1.375453904027807,103.74611199079693
1.3800601268302775,103.88097057837693
1.3205968027038875,103.868332571596
1.2881306990254977,103.83875115713023
1.3385298732091082,103.85246116163663
1.3790397618935568,103.741100807995
1.3521507233707533,103.93495244469872
1.3391287289015574,103.84839202584075
1.3654915539676618,103.84630440344489
1.4335439069573856,103.78632856188312
1.4176369556051749,103.91073923483415
1.3320688650498946,103.85949042738052
1.335156482212065,103.72403065480576
1.331773430929912,103.84267964390904
1.3353935464692142,103.69279326269545
1.3934918080698138,103.8754375450831
1.349296636447437,103.754929111455
1.322179233377461,103.87163464858341
1.3472171190863647,103.7142018707212
1.3051063461813726,103.76336911457983
1.4012709434760406,103.90326005420769
1.4340317076990456,103.79660456665997
1.2779145388238544,103.82253556942541
1.363261504780773,103.96085068918448
1.380213356024951,103.75533412137254
1.3937054331979961,103.90048450913594
1.2804140862864666,103.82924690397125
1.4317096990275173,103.78450238681664
1.3841639015527079,103.76942217213704
1.3562151397273572,103.73406417941888
1.3699127789289718,103.84612981456267
1.3263539683967616,103.90306105544117
1.3562939206866353,103.75050202354853
1.3526811166137287,103.87958943869187
1.4055709646031112,103.89685619296421
1.3266357614995468,103.8584282759321
1.3366517623400238,103.85773043383188
1.3215511768648105,103.85464099143546
1.3127570681919811,103.7656015039724
1.4218194547700451,103.83359393831478
1.3906470966136308,103.90920089560441
1.4398340291335547,103.80592171022455
1.4402188171732822,103.80606851642777
1.4402947221398554,103.80665397304155
1.3956811507302047,103.90090920489484
1.3630852533666469,103.94306286453177
1.3459593287711924,103.9593288140157
1.4215508380710429,103.84340171964246
1.3771228974846805,103.935972058141
1.2736279298129025,103.8083036465399
1.3800200160123774,103.8788420380584
1.2741422556100457,103.82239269862346
1.3706976605413719,103.94993524266872
1.3848631078838365,103.89199647601211
1.3430488521332957,103.75529384341586
1.4355768867851881,103.78926623365993
1.391621167858377,103.8807084165363
1.3457422088323976,103.93736209323374
1.3048834865197598,103.86427862655619
1.3792138424916638,103.93457558472132
1.4354074401330195,103.7775208078519
1.4044891811537328,103.89801959063404
1.3282388439111406,103.93524581210326
1.388625533365442,103.87472534607552
1.3762120515374032,103.94430057741671
1.3777741196832018,103.94354993057908
1.3206478263582837,103.86164611737972
1.3617450021345183,103.74982096442982
1.3464942253391752,103.93547720381413
1.3568028815830966,103.93993476428214
1.3932972890129314,103.74618528620042
1.319000508907477,103.88427668555825
1.4298331762653442,103.78063389847608
1.3795551986154828,103.73981666280157
1.345705271139138,103.74166952429945
1.4301160116141003,103.79050037414497
1.348684262944194,103.72632544002549
1.3754556796826796,103.94377131597247
1.3404531829573907,103.85216044186433
1.3724312933383382,103.88905572746135
1.4184085198141076,103.90260541719937
1.4488633615069975,103.83242214047273
1.3346434712458657,103.84537371554075
1.3183622546749252,103.86154542327182
1.3324462421929504,103.90697468824094
1.3927549562968444,103.87102007471657
1.3231994165644045,103.88559730504518
1.3361130086206472,103.85291305609127
1.3040222657889293,103.91350369713182
1.3169563571717842,103.76853074302916
1.3798899878491295,103.7711811186588
1.3792704701044864,103.89316087997844
1.4422645195925947,103.77418978479962
1.3808345724230904,103.73977882485882
1.4326826205335477,103.78709191631245
1.3745478473673645,103.9439687671486
1.3985765371398655,103.90222268897294
1.3557631014377707,103.95598242561748
1.3762721783983687,103.83704539840873
1.365650890561481,103.89622370621797
1.3451390267305772,103.85334942121497
1.3869813859659677,103.7736727111663
1.4248261274915677,103.85241246828336
1.3227258893587626,103.8682204130356
1.3792466702987638,103.74306397243187
1.3347665022248847,103.8722274359616
1.3407858405173034,103.69632114678964
1.3744184492153466,103.9382064055833
1.455260684674191,103.81579769920208
1.3738171282096354,103.95760308063733
1.4347835620144764,103.77820244683997
1.3444011140000072,103.7052013689365
1.420393678906161,103.84043350238784
1.3363276459397222,103.84845929400754
1.3725668955691002,103.8884915578168
1.3474698431794199,103.71995844313452
1.3488681042528463,103.69829770921383
1.3670277429120217,103.94400583621893
1.3690979235783394,103.95860194210826
1.3904673755967185,103.74678893985399
1.4350125433933387,103.78685971705644
1.3820186150274534,103.7455252504891
1.378300641866324,103.88738978606217
1.3440194810635322,103.69676409232972
1.3494048022949732,103.83853224841695
1.4305772939188524,103.77366861604017
1.2762816220574087,103.83903233120802
1.2977293262183471,103.80436366339158
1.308075376788617,103.79580974372617
1.3933235705047973,103.91471187859352
1.3963274219119393,103.74506584754471
1.3792822281407198,103.74270661268451
1.4074361560041455,103.91127829002552
1.336658997379474,103.92161488758097
1.366062445673326,103.84600140808406
1.4385250290794718,103.80427435346044
1.3653271185261664,103.93509864083613
1.3561645817719399,103.7361027573172
1.3727181779208018,103.89463387783263
1.3459808394629182,103.94673594987258
1.441483045769505,103.80568719474932
1.3741642331765467,103.95784195627265
1.445088451396058,103.79129933562751
1.429286216516552,103.84519277521238
1.3699448383036548,103.89293093151385
1.3574250035118531,103.84354551097694
1.425234860285011,103.84537533894836
1.4373923281723788,103.77707607620893
1.4383238545076547,103.78165900394438
1.357453663444577,103.94491491944582
1.3610311246454905,103.741660342031
1.4286480217114614,103.83169709582108
1.3546874782801142,103.9364994573921
1.3984924351815173,103.88996100894428
1.4313590003755625,103.79651939510877
1.394392796812994,103.89932930761765
1.418310814179948,103.84195055433064
1.381743266232437,103.89033589946108
1.3337934497250117,103.86600831305368
1.3800732165087874,103.75308034280312
1.4010065322787928,103.74791636244358
1.4317475932955797,103.8374431457097
1.3824419494786653,103.83953609863951
1.3486610357223503,103.73179230735988
1.3680903522331984,103.95769322238381
1.3509606637485407,103.83932562324519
1.3435801073149625,103.69757925722692
1.4005946173866504,103.91105567020684
1.387266941791761,103.91232524089897
1.294735651019787,103.80823421363526
1.338515916258739,103.72167526953787
1.3529048365269047,103.93495959152065
1.35119091451146,103.87359685530318
1.3320824964628895,103.92412477964623
1.3571119770276239,103.9358872549196
1.3992674617912835,103.90308514023737
1.344334357989842,103.73791413398135
1.363849398251426,103.96332358979404
1.339285793595353,103.69570286492532
1.396821015645679,103.9078865414157
1.333603231967015,103.90758066408371
1.3175561582077902,103.8988551169225
1.2866847445985825,103.83248761894886
1.3210487405834042,103.74833667654728
1.3375458148885493,103.92904230423969
1.2881972978276157,103.8394009100009
1.3957271052388602,103.91444745929006
1.3895593834548567,103.7712607606167
1.3715798269384143,103.87233083365655
1.3065762630659088,103.85780245727977
1.3208318683661198,103.73908666066602
1.416809149394423,103.83464494040243
1.3801215618317542,103.8357006940236
1.3791197608709986,103.90176383793629
1.447873741001542,103.80116309176114
1.4310712847688813,103.847603365753
1.3880115827374,103.8907001609529
1.3857331022907038,103.88261545045629
1.2869301415023484,103.8168666685704
1.3891348430977626,103.7434068732975
1.3247478591057464,103.92435481235415
1.3807666232555438,103.88849046035729
1.3364649945961735,103.70254198392401
1.3986115757729844,103.8971285583689
1.36662874848373,103.85013216136744
1.4044944016826366,103.89536866632622
1.3977856160917523,103.88102157665219
1.4501629028123741,103.81930486016655
1.4440079051259782,103.80746850144175
1.435827249718457,103.83548461245019
1.4444318473804936,103.80245033107288
1.3779243265329886,103.88022148619712
1.3869363182055587,103.91176748766621
1.3272686774756133,103.8886244395827
1.3278126679102098,103.88867339949952
1.4325305200406386,103.78203181263478
1.4330183352361954,103.7824146767306
1.3507927321229198,103.75846535780676
1.3784562127807733,103.93840186957193
1.3565706830094277,103.84858843061917
1.43327610669514,103.78297833533293
1.4327144168549741,103.78312798970084
1.2843770111645822,103.83159590387953
1.4375505315608157,103.8004193207591
1.4371635643624305,103.78156793091401
1.3675228776825061,103.96329923427528
1.437264449967515,103.79396696978323
1.3241816147517267,103.9281243857749
1.3456579385061358,103.7448688110699
1.317340419677876,103.9469178515593
1.3032938843775705,103.86258715226957
1.437760902931836,103.7787016499292
1.3873923327628193,103.76822220481473
1.37933618002869,103.74830143710875
1.3496077378456557,103.69467568948562
1.2880631321671712,103.81574935758614
1.347057843098137,103.71363833274687
1.3313837055032456,103.85654885351008
1.3965754081979918,103.91007279508206
1.3825598091494857,103.94348732215742
1.3623716719163697,103.93863064515591
1.4189792334032094,103.90639122056515
1.2845760619702085,103.84622870460703
1.2940670416161326,103.81094084313499
1.3920898099465044,103.8697385508688
1.3919098716422773,103.87105530474595
1.3918733860406607,103.8698073177203
1.4001697826573913,103.91961811899289
1.3023112273787523,103.90573664469107
1.2911440358301032,103.82793574179155
1.286217334210541,103.8048566132819
1.4187910656152232,103.84274124987753
1.3974591840509691,103.88982776318416
1.3484595780359647,103.85238014395314
1.3945521557561016,103.91453649105989
1.34063657343337,103.74247111221356
1.3530840476518864,103.93025790880378
1.3067365850443546,103.76238104452536
1.3410730456268474,103.87964842767622
1.3689276337690295,103.83391707010212
1.4319763748615382,103.78332892054472
1.4314733930358001,103.78255462490327
1.431438087280539,103.78347349311157
1.33556989019157,103.72453734174822
1.3168677611774158,103.88775343080032
1.3045290158064717,103.90894281681406
1.3290370790034887,103.88747095917817
1.3237088014408056,103.86338782073727
1.3669434370011244,103.8557036546044
1.3419302838876626,103.8798746060619
1.341727018540426,103.88064122446377
1.3650757450539786,103.964567666424
1.3942104950663938,103.88643770179904
1.2944032935190866,103.80443314017727
1.3772878860625928,103.94629581620097
1.3777271140323823,103.94581547274345
1.3769078727056485,103.94697923180252
1.377157539230326,103.9473945005942
1.3336825500960034,103.91681464832578
1.3376245490805436,103.93827370481232
1.3868467873156534,103.88199378149311
1.3599804254356858,103.93634575349176
1.4493661135037847,103.81511452641143
1.3379217099250762,103.77401167189595
1.363160290647635,103.74953504718982
1.3129343889656504,103.77164965615385
1.2885921595667498,103.81573209076606
1.4302312503546826,103.8400578700947
1.3183409980339331,103.89784347144906
1.3743228304967339,103.87081000924783
1.4482438222973608,103.80193994389073
1.341405098787925,103.87900460190606
1.3486427166022859,103.74714981857127
1.404042848827887,103.89955656765802
1.3548328441386015,103.86955121653597
1.3952078390125404,103.89144005528338
1.4327928804968515,103.8286512209041
1.274904734921178,103.80713367050909
1.3477698671180591,103.93157956397235
1.3740101768455717,103.83672258061961
1.3635402778739578,103.94293888994804
1.2852163247587058,103.84578755405741
1.398353381621506,103.8981716230733
1.355947799405964,103.94913184128077
1.3410821884200737,103.8786070220755
1.341682753396433,103.87943464664708
1.3409651534979143,103.87927226356307
1.3453656022046898,103.73554133497447
1.3459138257258536,103.73521880846069
1.372528040302171,103.84602948586473
1.346330323615208,103.69516025998124
1.3465756095274795,103.6948573653636
1.4445867488173756,103.81799695700904
1.3683595436589178,103.87489814669135
1.3456938819400914,103.74104230152363
1.3502104615322508,103.7483462290695
1.4174531925381333,103.91241043410723
1.4417337395844099,103.79664097466721
1.3767103485967334,103.8412230302371
1.400568655512698,103.91979514224712
1.3517794561638792,103.95959261269209
1.3504611684216097,103.9399407460649
1.3473141224221554,103.69925660041204
1.4060862408277293,103.90643425833112
1.3545071855962638,103.71954799957294
1.4174549410727812,103.8395895592931
1.4350155284350592,103.79668099299617
1.3356376809265151,103.84469921745153
1.3866124813903578,103.91041309633458
1.350469024271007,103.71211318807553
1.3880261010923527,103.7414355055901
1.3513459176503282,103.71553701884297
1.3903094123989677,103.89457645244619
1.3484186695702762,103.75350707341629
1.342904461463825,103.87764878828744
1.3411361760330045,103.70788563595687
1.3917154754098433,103.87475337114115
1.4337715724965618,103.8275033214344
1.3944187644629538,103.74515316168157
1.367550656630287,103.8479262497981
1.4433578834547103,103.77293693277508
1.3320702520120364,103.90497562290511
1.3706695094055925,103.89673840307516
1.3385127735406088,103.8571049560056
1.3363033414219285,103.85639501446265
1.2909355020508917,103.80315857199844
1.394023477764296,103.74480686123832
1.3346871126416098,103.8491590750063
1.3892307175152767,103.87991685479992
1.3636773286334531,103.96287032176627
1.3624843074123885,103.95469085508913
1.381530409605782,103.89622381805906
1.2920720966747592,103.82858230228494
1.3846128464741068,103.89450153206697
1.4166811557451828,103.91330391512585
1.4056338045373777,103.91083686634968
1.3959118085067381,103.74897589042095
1.4385263792726726,103.79268179545015
1.3276371519077514,103.86079326692061
1.3089851667189831,103.88349070811914
1.3491125136465807,103.7554270506548
1.4462703595763469,103.81762465897003
1.4199687296279468,103.84006034972437
1.3015277293223735,103.88403088657861
1.401178570746885,103.89347794609758
1.3317276213630231,103.90463199684487
1.3624931512448648,103.94054761955432
1.3505729988646786,103.87043244041371
1.4518232564701614,103.81669196918791
1.3485599552616507,103.93022403263379
1.443776136527853,103.79240458087858
1.3969289364333612,103.87830090128408
1.4559588797393082,103.81356217542677
1.3201913640741558,103.93573142147824
1.3580410432372234,103.84657977098506
1.3833587827427256,103.73967100093662
1.3517836343624692,103.96132064090669
1.2946289633659196,103.80398279269637
1.3819504719024411,103.90099883934924
1.3509387849915728,103.9291757030282
1.2793947727953006,103.82609695372511
1.4274053577325951,103.79127720612057
1.3920935642203829,103.74313559784187
1.3450589660494474,103.73473045079558
1.3583387616719953,103.95403745749427
1.3582072039422723,103.95504141499963
1.3883034597056096,103.87073629208712
1.3571377242872174,103.73022176390751
1.3406087519747585,103.87868223721574
1.3498260989792554,103.69782365297723
1.39957809556253,103.74758978511838
1.4370065507784948,103.77707484521005
1.3488192467282814,103.93399888446264
1.45001007014061,103.81698400387808
1.374740715093247,103.74508022038573
1.2734877808815308,103.8254020880723
1.2993100524987522,103.79725277881263
1.3828717881045134,103.90243508371131
1.3412217113219456,103.74600227991864
1.42135653619243,103.84614007303931
1.4394014812705869,103.80066757432262
1.3005139590363646,103.79897681546473
1.3514621272013707,103.74606457225353
1.3894131270198609,103.89378750379294
1.3673247540579403,103.85401786055553
1.4336855577857486,103.79386681448304
1.3460310843851175,103.94447526248216
1.3236778490514451,103.77009186172758
1.3330521808149294,103.90695877415695
1.281170278499348,103.80846540876735
1.3491945487288841,103.72725132854409
1.4059547707763655,103.89796946342163
1.3136133760806652,103.87161680427292
1.335837812349196,103.93440078522713
1.3967213749970864,103.89535662198676
1.334652830452429,103.86678721284846
1.376657675722309,103.88686628698282
1.3580579867875575,103.7399095324595
1.405971035458062,103.89854695380178
1.3413241678812875,103.88008133522014
1.3407660583487035,103.87821353150274
1.4440086989472805,103.81583644454865
1.4442617506076099,103.81566541579024
1.4131781228841722,103.8994526555025
1.3996789332000137,103.899180698209
1.3844792359199682,103.76194898293477
1.3858045577144995,103.90439740877224
1.3476368930915426,103.69856760374743
1.3782584130902666,103.89130815871283
1.3771861418583722,103.87857526454755
1.4147206190860266,103.83556270526185
1.3417201656570337,103.69571849222326
1.2813647710967522,103.84350864493874
1.440061633975614,103.83871623607257
1.3303784224884239,103.93505246293128
1.4316856556278408,103.77353265143483
1.3817293499668462,103.74076280127998
1.3844807081914106,103.76092480945664
1.44214754238432,103.79196258647472
1.3555335604754943,103.73346345925285
1.349024220648132,103.69765630865035
1.3300726623857693,103.84253232308636
1.3167321391151892,103.85110245979057
1.3367836246828275,103.8505134113464
1.3342968442533807,103.91643712562689
1.3857251581197394,103.76919736786407
1.3788530030241342,103.89585782108774
1.3444765967309882,103.7575784631854
1.3150786019351486,103.7668071177438
1.4390681802613046,103.80440481804726
1.3577077661667494,103.73886820985098
1.34358022327965,103.70452060057826
1.354225902366836,103.86985770537046
1.3292025169029171,103.9092336100489
1.366921327032585,103.87331473128367
1.3679124039246768,103.87442668341303
1.3784953507830215,103.90205614307236
1.3781990208629438,103.88353170715223
1.4418647211503905,103.79090155054705
1.330839905607424,103.91225328532957
1.3378443664984807,103.72143798282691
1.3386975080007861,103.85368341592556
1.3311176683029504,103.92210150300893
1.3233831888609981,103.87043355183488
1.318899496102127,103.8570562260107
1.3205059763087303,103.88337012327843
1.3499329195425223,103.88691133068566
1.3769618029318247,103.87908777719682
1.3389995327669229,103.6978680279188
1.4321577547348578,103.79654606848999
1.354458072672011,103.9408586304064
1.3895429716359584,103.90311376312104
1.332140327510535,103.8472008256342
1.3724350075720986,103.89497857528565
1.4413488195844169,103.7894931223838
1.3754254092757208,103.76550480388443
1.3967125846013497,103.8984347992125
1.4221033297565493,103.84407512494101
1.3370096079804068,103.84305554374964
1.3486446465701034,103.93177313568992
1.3087726141676967,103.86158530657237
1.3595627957013459,103.94792265794489
1.403727459260603,103.91550311952619
1.3323581510437095,103.72241641154834
1.3630079641370367,103.95492494942349
1.3117449208271423,103.8973713808366
1.326427616848963,103.90113191966373
1.3540521055503587,103.9540085407347
1.3539315675231205,103.8907012514944
1.3399749830218912,103.72009951107687
1.4448770083112383,103.81911605895564
1.4353645473549972,103.77647625474268
1.384576497837745,103.89976192368685
1.4357363048010547,103.77562003564161
1.3876061510916315,103.89582792935683
1.370264224841049,103.95609723292205
1.4050363833086326,103.91253742440976
1.4281936198228797,103.82775801084865
1.3638857064206729,103.85528044756258
1.3396293982291323,103.74711456839285
1.304311964887452,103.8653982999733
1.3463688814278236,103.94169754893426
1.3774539321982993,103.94400171657533
1.339355435674272,103.69768078363283
1.4087770771579922,103.89671811900823
1.3291939427655934,103.88600647134612
1.3208737885868946,103.74253404527073
1.3214014872547215,103.73760133817906
1.3981769016117618,103.91029719068425
1.3377319302759336,103.93963956213234
1.3649509022708115,103.84383514365615
1.337192998767289,103.84333419869657
1.2720419202868183,103.81010051530359
1.4240034240016515,103.83256912376312
1.3745037900521446,103.7436375343312
1.3407130205433613,103.87678074498659
1.3402492739204768,103.87672716369661
1.4435870487349545,103.77199957350625
1.392318362050217,103.87698144431778
1.4307866589622003,103.79248005983155
1.363658301437481,103.94265418042873
1.3885346606632658,103.90137238122246
1.3868303683442489,103.90970412116415
1.4329213905443148,103.79599673902929
1.3240802244953085,103.9349042715543
1.3652101217455055,103.94284327223208
1.3767331317121307,103.94047213359289
1.378017762377802,103.88887972819072
1.3862837520434559,103.9005446948119
1.4097231629445897,103.8999033848278
1.449873080001348,103.83297524569939
1.341970769924511,103.8506363972785
1.3342583824708107,103.87177579393648
1.2898705205666707,103.81380157168142
1.349302951975892,103.73239096745716
1.333297520987304,103.86617056064088
1.3892878822775823,103.8942117663419
1.3342346912438432,103.87315195298534
1.3735029013468527,103.94561397388429
1.3779746484422584,103.7733143960769
1.3714384723696686,103.83737684470684
1.3240276194634126,103.89011161947268
1.3459955698674173,103.7480347811558
1.4045709697625282,103.74796377553898
1.3760706681365218,103.94486579122463
1.3945047473232484,103.91397923448922
1.4377058306687587,103.83869362319663
1.3529094019802768,103.87352004097353
1.3202812259971113,103.76593513079783
1.3657459550593265,103.84576779367175
1.4415029825384709,103.80401043987513
1.3407043703038914,103.70858802168223
1.4400282550128272,103.80357682739455
1.3669021459931963,103.95448292034317
1.351970742794329,103.87899122679005
1.373096672276481,103.74206654689326
1.387297316815528,103.90063468336488
1.3353343689538912,103.91345905161246
1.4010847978986436,103.90676548967993
1.3775275499657498,103.8841820297675
1.3316889507236105,103.92678406645084
1.4260721760194617,103.84925261939617
1.401140045508924,103.89421157415819
1.4368536420721068,103.7898647943995
1.3960554621003178,103.91413697521699
1.373759834191061,103.74578814871771
1.379736372811333,103.94090465502956
1.3994327679402854,103.91484163410611
1.4542667028959566,103.8156719966233
1.3688343289047056,103.84163394622819
1.3961963471650267,103.88971838356979
1.3581797596048168,103.75064935899036
1.3155919178784459,103.77019596526799
1.4341657449377951,103.8435615782584
1.2767653818613178,103.8413614533762
1.3333257766004052,103.9068641278326
1.4444517255639844,103.77167647064212
1.3500534999893075,103.74427458649261
1.2895893521876174,103.8291699557786
1.3156056597789112,103.8991303257696
1.3888585832265723,103.89267365711015
1.3744857996427309,103.89570678128267
1.3228392676808387,103.91186336691501
1.4443929717241661,103.83208420619738
1.3098358164975565,103.78483084615743
1.3318264981601884,103.91321883954971
1.322807870840995,103.85624536564806
1.401634825786321,103.89196692435684
1.3290045414234946,103.92567376505916
1.3552676432242463,103.95678725544802
1.3259130291486434,103.91062887278524
1.333114305452644,103.91252490607371
1.3447224020207018,103.73443668798562
1.3534019571198581,103.88623465722274
1.4061347760209466,103.89903034835892
1.3517220006303556,103.93838059222136
1.4015726923779182,103.75017701281807
1.3283456568620196,103.85719538961946
1.34841098792691,103.72910936075246
1.3589452147169618,103.73817798755317
1.3592354533273514,103.73850822708631
1.3683312939053558,103.83422988397786
1.367759812516338,103.83389471961115
1.446691388893374,103.77254282143008
1.4266246075884772,103.83316606779549
1.4093688853678479,103.90047714168391
1.3465194935406435,103.85126121777431
1.4310261452013402,103.79653822268192
1.343316724444582,103.70538945544743
1.3237323169832431,103.90232861383265
1.3750098048388366,103.76948567276186
1.3449452195268405,103.9542224213202
1.3246780079759501,103.86285645625956
1.318513872992363,103.74736501167436
1.431862667365017,103.84569666046646
1.3441139917477465,103.73126769855931
1.352834980379592,103.72607912845703
1.2869923254063254,103.81101449579253
1.342657650852309,103.70020611174681
1.382442000244854,103.89063792772927
1.4238485666316962,103.8460683758757
1.417828769081545,103.90292206918204
1.3652401386692585,103.95902069365447
1.3205465272599017,103.76633336235182
1.3336317861511586,103.86877032570004
1.3040570112099727,103.78261974326826
1.342904374227993,103.87177872332336
1.3483949284435357,103.70881933240672
1.376098659269323,103.93423562063803
1.3641039865097748,103.95248730277967
1.3888595102067718,103.8802173117334
1.371216358873071,103.88688641446194
1.3954198056614957,103.74992483794043
1.3528121486874742,103.95756784157439
1.3638828839371084,103.89068958011185
1.3104058064500677,103.8869556349842
1.3099142134729775,103.88666380049865
1.3787109412356484,103.7450127524436
1.3336181108936882,103.8570524039556
1.4467102994882848,103.81780717714206
1.3812149400348046,103.9440526828834
1.3896831922438766,103.77188134325552
1.351694330918584,103.88426989428775
1.3930118878128834,103.89301037845335
1.3663434535163357,103.85912269098894
1.3549240191551895,103.73996835383821
1.4446870180902016,103.81559229191323
1.389236456817453,103.90372984234806
1.281732890029838,103.82686088360215
1.4191114116343002,103.90593678783183
1.3532077560933413,103.70365451167724
1.3059860528680594,103.88520195763911
1.3145099615640603,103.87041000686946
1.294887039163835,103.80451485219888
1.3452180657697237,103.76050848894816
1.3476363257737936,103.73255932072435
1.373756613108071,103.84902519104463
1.3624983645350086,103.955232324782
1.3441622986987218,103.85174884129634
1.4008836721797393,103.75149981932293
1.4015936330349226,103.89589387789478
1.383512980144836,103.74309741866195
1.402186116049075,103.89188165395144
1.388959066271108,103.76402935216916
1.3840455119129726,103.90117308763733
1.3587900595758007,103.94530137716015
1.3657076642532093,103.89006168250793
1.3841073174799785,103.77227851632819
1.353948319968374,103.93223717956974
1.2818557834402966,103.82995830268094
1.399283576544245,103.91569470566024
1.359498433700184,103.95610185146184
1.3632930803933254,103.74832469002484
1.346380035085376,103.69781878053138
1.3703330930414206,103.85343100241508
1.3887959592495687,103.77213768954948
1.3916487957231836,103.74625666281385
1.3911010405351876,103.9074329276194
1.3259262118891575,103.92027484595556
1.3793541644730296,103.76229345129714
1.4349606410716171,103.84209659901649
1.3823438094153941,103.89534768648771
1.3519592723663962,103.9291093500788
1.3511884885082894,103.92867273509177
1.338432347032307,103.69762562642511
1.3613801759098658,103.93763995834391
1.3049400646228957,103.80097093371859
1.4474585869523504,103.81403426615593
1.3886413035047875,103.77238130136934
1.3010803919418794,103.85402569165312
1.3813087270675446,103.93896966836003
1.4268419230031049,103.85151258297003
1.3904788664207646,103.90888779998154
1.3450087092770342,103.70533632750421
1.417011994511371,103.90280873799166
1.341314003378238,103.6988074587776
1.3495528195691266,103.72431978019702
1.3707540332073713,103.84680017889055
1.3885288500559771,103.74158770020145
1.337739656128365,103.77517304928524
1.3803117431133927,103.75104440977958
1.4041283507462212,103.9062771188765
1.318981095557647,103.74747608772935
1.413104800344321,103.83743931951405
1.430178325206278,103.79313026769408
1.4158165477574822,103.84452390017282
1.442875983259716,103.7976545426616
1.3682199332068679,103.85297518114072
1.386939722322263,103.77330578051493
1.3543812567049283,103.87424010590216
1.4030625734904467,103.75033746097546
1.43594951931416,103.79628981479141
1.42863097932666,103.85249261287316
1.4029661219037879,103.89163963150662
1.4008596536696292,103.91136942933227
1.3928424893066549,103.89134301420499
1.3768930340330863,103.76513148707126
1.3728222983217804,103.95844215297245
1.3934821259011327,103.91240874841466
1.3469804676164085,103.7421714338519
1.3358082901755162,103.84803370805855
1.2949626641721406,103.80357258499014
1.3548923522976908,103.9406089267141
1.389562672254618,103.9088201542262
1.4441871941302364,103.83317092266483
1.3563610508603552,103.95903930293238
1.37723657799327,103.87957930515879
1.428504282463774,103.77282259562085
1.3361576650973233,103.6955096798925
1.3940068689654879,103.8878435210239
1.3288156444082404,103.89944925845097
1.38376769329413,103.77271541639946
1.4286943705650592,103.84354595220658
1.2981592479543032,103.80437549440249
1.3558196241915503,103.73146537251073
1.3254666721157584,103.85899346639917
1.3803015394997689,103.87735434569987
1.394047778426937,103.74561157748548
1.350843810615509,103.87537427408832
1.4375751878725056,103.78967173047681
1.3400183010145534,103.6973323561738
1.38888315049112,103.76342798212306
1.3704044303351697,103.83586754851622
1.3704163032363903,103.83470673528227
1.3678957692535076,103.85161724815096
1.3449528992322444,103.75360559119711
1.3475195938920843,103.85643004315965
1.434549775399554,103.83177083820422
1.401403986805358,103.91839018146436
1.3580658694273064,103.74221845527867
1.4003351191065787,103.74700809394692
1.3766348276244007,103.87978433019744
1.3910292251731395,103.88925092996777
1.3472728992615164,103.85080035625002
1.3625627210907363,103.7334499221087
1.3635184912286729,103.73352848028998
1.3333930834342254,103.84704663844846
1.346324753542279,103.88826139015372
1.3503525231326534,103.86896538497125
1.3098449294328836,103.76997936557397
1.3890121434449465,103.90290867572686
1.3595956741026716,103.93574158768698
1.381207423456133,103.84019281090124
1.3888703716966868,103.90506610476268
1.3400089270017335,103.68736500541547
1.3707573087689051,103.89060066755302
1.3948033035883276,103.75047891400526
1.3388887334537511,103.84865246049416
1.3519215900083092,103.94709583437242
1.4401914433873095,103.80283290688226
1.2739020459132988,103.8394268991912
1.4403411213044552,103.78708788706523
1.4441280679131399,103.80030189345693
1.378056357133009,103.90107121775083
1.3461901283358702,103.69835952422474
1.366070859607512,103.95455385273176
1.3950217133138756,103.74526866987867
1.3963967588710653,103.87751840675035
1.320082451007288,103.74723833700855
1.310429251218655,103.7917547823129
1.3721518007355629,103.88667853104988
1.3546947924586294,103.96295878999229
1.431263074604933,103.78135174544269
1.4318144998065987,103.84713417332681
1.3851937547875162,103.89873287369431
1.420023573712183,103.83383306855171
1.4161913974394758,103.83160654099184
1.3770313719953955,103.76689328062231
1.3772067842500508,103.76627033759773
1.3744030693493459,103.76940069053802
1.316139629457906,103.76330782005962
1.3922699061409254,103.88843183271057
1.3944266113550812,103.87548782324951
1.4125545427423456,103.83410182855208
1.3429492505632323,103.9573679470356
1.3372356382894421,103.93975768836235
1.3366360770692742,103.93962745289507
1.3066280110434574,103.79815092133028
1.3786424105362243,103.7733528096029
1.3752794841337188,103.73898047147314
1.302933894611546,103.90773840486408
1.3099422952639999,103.76019977590742
1.3921707706072883,103.7410290251787
1.3834886109353122,103.74485898963309
1.4470315256796922,103.83390915203084
1.3588575661985691,103.84462637606188
1.3510075009354874,103.72440844699881
1.423247622471321,103.84854624893545
1.4338165534303595,103.78527099636727
1.3466013971519981,103.85622152633792
1.318752974933533,103.94510665624823
1.3816274234511436,103.94296188448246
1.4456198778852378,103.831281491174
1.4409954052378555,103.7994642984943
1.3554638840159159,103.84760757224664
1.2857816313531887,103.83259440277854
1.3459614902770343,103.69576398533545
1.3456746808967577,103.695840351843
1.335660748066236,103.9373160372638
1.4343935583179201,103.83560112701598
1.2731185458607523,103.82166467932721
1.3206807329865022,103.9032020269465
1.3196533479235242,103.86275911329223
1.3963348260301045,103.88116390106362
1.4217046783352647,103.84612971397651
1.2757879903027667,103.81103118952191
1.2833733991873173,103.8332142358142
1.352848357225773,103.93549568151124
1.3081672874808679,103.88472904701482
1.3635331597070333,103.85368810562804
1.300332582683293,103.88360004153574
1.439621522639576,103.77856446383646
1.439110305401277,103.77842210158855
1.3061473971476556,103.85775728112876
1.3665137589492142,103.95434196018365
1.3650640372476999,103.95958377339568
1.3745880956230128,103.94697354640003
1.343570158482929,103.75774047430096
1.3118016671579087,103.87386967479591
1.403462057288063,103.90700957551147
1.3700911338155914,103.94745418487962
1.37019632111856,103.9480107443458
1.3782662186209396,103.87873557283426
1.3586999846849446,103.87221070019824
1.4441579231380182,103.79960573625084
1.3273853728981782,103.92473267713375
1.3999706637350475,103.90396114406275
1.374064704076924,103.87208196880097
1.327875855886797,103.94216479135919
1.4402708450458097,103.79166299568963
1.3411491215829756,103.73812065632971
1.3303808182410086,103.93256006196874
1.2739351115919455,103.82086875086247
1.3354970861050903,103.69453149432344
1.2848369707521055,103.84544931960099
1.3127869382437143,103.77183240856041
1.3730289876305253,103.88467731958382
1.3833006948256137,103.7421322859497
1.3582607617150555,103.83079832960122
1.452133272969409,103.8214063698323
1.3027078981903257,103.90901399530131
1.4320394231415097,103.84134269367026
1.2867199277456645,103.81669959325974
1.3093549756292546,103.76689609406215
1.340993725415593,103.87263734387025
1.403543535356522,103.89713793851965
1.3749093358775486,103.94651766163256
1.3218225389193345,103.73985629011953
1.3493853008242083,103.93275121599521
1.374803622444366,103.84894971272381
1.3703711952657394,103.89697303462017
1.3722469544414697,103.87146596704187
1.3355380680881386,103.69848036242159
1.436502830486822,103.80318204791966
1.3491893338282637,103.93409356897928
1.320351905774374,103.94607220486017
1.3569658424195163,103.93898029199774
1.3647667769949337,103.95686381020609
1.3746324102509748,103.88049030838762
1.312785368098249,103.76891291796622
1.3794316849930868,103.74754992194983
1.3578675280252996,103.84544651539913
1.4254442172415038,103.84480539744723
1.3941139932773743,103.88696048075934
1.316919980666994,103.8755868898313
1.3255908529964446,103.88990204367619
1.4176199492348904,103.84396624446669
1.370583036383453,103.85238173744484
1.3662293259815308,103.84877552224356
1.4320373882259212,103.84257408084649
1.4041690475371391,103.89913531661257
1.3943895269303463,103.9079503751138
1.3848999948831275,103.76519961935018
1.2942971033684354,103.81015793365702
1.3367149493001487,103.93738687787622
1.4040660282538595,103.90858178995538
1.2968164699580407,103.80630985175011
1.3346162284428387,103.86831307249254
1.3959059837082235,103.90666341933088
1.333854252158,103.8437927257761
1.3793463727969484,103.9040946068861
1.3324714659747567,103.91409301292586
1.4453640074446445,103.80524590183431
1.3496477757140544,103.74407308363666
1.4188955751751138,103.84406193964558
1.336977208979907,103.70427809244691
1.3844587067237337,103.89849268432017
1.3458140338294076,103.69209067620707
1.3604608721186293,103.74878006410371
1.3978364869327942,103.88168434177724
1.4130048755046838,103.8338362792385
1.326876077405815,103.85650938898164
1.3845460186361043,103.89500026240044
1.3375484676023761,103.74669495393374
1.2960810373491112,103.80686912776541
1.4180474867812407,103.90145174492125
1.30853364247677,103.88537030033787
1.3138052407035001,103.76301438265943
1.3499267866241345,103.95276758767055
1.360960800583012,103.7492095300798
1.3865391258707753,103.9098915554944
1.314544021203849,103.8742922111559
1.3931487424320315,103.889646814987
1.3343396486778492,103.91568662847514
1.376946337368607,103.9437499013143
1.3181206707306787,103.76667968564696
1.4291300467767527,103.79455201026131
1.349565392980037,103.95295796235732
1.4216466331092112,103.84727657353986
1.3810968253055884,103.77448166574479
1.3262598870037698,103.93362821102187
1.3667499428966445,103.94393858698102
1.3431751983080065,103.87657425583173
1.4299868703482097,103.84901167127131
1.340667815827698,103.84431658870629
1.3948698965267847,103.87177837614513
1.3559927994627565,103.73112916899156
1.3338264351745943,103.73983301602318
1.3659131465815413,103.94044771883678
1.3593003279264828,103.95585830374407
1.3744833184929568,103.77577237051352
1.4278714100719179,103.85275784139832
1.4395654038883998,103.80103558082018
1.3227362552732997,103.73863413228182
1.3844406733085446,103.76166354594915
1.332339460580824,103.93095010018719
1.3498855411688835,103.85178016389594
1.3349685564425633,103.86520155220296
1.3432483139025158,103.7565354265234
1.387606772896365,103.8953288711535
1.343294546785281,103.68890340296203
1.3780223550424333,103.8799593664844
1.2865992684130092,103.83280125245122
1.3791031935540772,103.89428911566512
1.4313108811842898,103.79800499610721
1.3990245362217866,103.90710060481014
1.2880132300227765,103.81626518730923
1.3730596427054425,103.88763831319103
1.3760345907881746,103.88093241409439
1.3554058201827253,103.96138068187759
1.437237578614873,103.80126001490399
1.3719744362402326,103.87039613948228
1.3452087084421989,103.69444049500274
1.3465845969990475,103.69606159329427
1.346355205771404,103.69643233258658
1.425372833172068,103.8332997055178
1.3539730148686464,103.75279383093724
1.3876436575494444,103.76141980625329
1.3877004703265399,103.76208383755565
1.4272998367365528,103.78982012404306
1.3435681129815684,103.756015815336
1.335144918094282,103.72310350342296
1.3714120692217575,103.83907397456731
1.2797370975911793,103.8267176127555
1.3898374676751126,103.76785491993395
1.3320722584750315,103.72290438272368
1.3429753542363636,103.87629760426772
1.4417553225694753,103.80733641331658
1.372364167630973,103.95618228478016
1.3481129152704232,103.74698543800797
1.3879882692635097,103.89544493227936
1.3855692867627796,103.7624269372166
1.3757466561817837,103.94555810683524
1.4456457237594076,103.82913284264588
1.3512396738857415,103.72715067317696
1.351427857746693,103.72374253513806
1.4052334856227313,103.9093288386559
1.3602467594042396,103.89251322539472
1.3460141660090226,103.93802188340135
1.4339458019603988,103.79359313690247
1.305740699790862,103.8549338002171
1.3237160334522626,103.92497146345995
1.4335971961338694,103.80057200719058
1.371045879994947,103.84818267373166
1.3848278383718844,103.74287505575688
1.325010297499211,103.92776791481249
1.2772729833242462,103.83106683637882
1.441524331854733,103.77877900270177
1.3822795445972311,103.77035072846148
1.3807472781708208,103.75189281353533
1.3736772078556592,103.89512121392647
1.3216412854858333,103.93706627957961
1.2856395990927278,103.82579916487053
1.391854725680798,103.88813485447382
1.4365078166524965,103.79953046737891
1.3806530300516213,103.9378318114424
1.3902478678581616,103.8694979555149
1.3439723537249169,103.93595924554063
1.3872152037570908,103.89318276132117
1.3163968864526656,103.8771309198987
1.3649738909081854,103.89658170828791
1.367972864173292,103.96399819666503
1.3968676342630117,103.87995334635377
1.377381878162691,103.73791621884
1.428147745307557,103.77457057909895
1.366571102471201,103.85962652923594
1.3628031499393864,103.95977330863633
1.3260323139323227,103.9282278769587
1.350389426391168,103.74334834064311
1.357071796597375,103.95110764133749
1.3573908032194963,103.95164443112041
1.3578678516203477,103.95366429900848
1.3388720364388287,103.87468763107509
1.3382985208515874,103.87448716256984
1.3412469812070351,103.84459436620762
1.3119428943464748,103.76381908108914
1.3116141520703528,103.76418109450044
1.4304579631727916,103.77617583671093
1.4022511540742333,103.90790863869921
1.3896709518766681,103.90622961785678
1.322962112783404,103.76917980706969
1.3199758243809188,103.88729121894812
1.337704593388224,103.9254576246953
1.404959691323146,103.90460141046685
1.3778943531296566,103.93538015552572
1.4342791834579756,103.79969421349915
1.386781648435883,103.8823691261328
1.4031676431295006,103.90820177565992
1.4178386282644158,103.90354059454691
1.3206018092234961,103.88623532633754
1.38083704209344,103.7618469203404
1.4285598682931322,103.84851241038183
1.3813387948057607,103.94402427978166
1.3225934138716977,103.73764237457176
1.367461780241346,103.85740605110824
1.4278160697465543,103.77462976223744
1.4562133220354714,103.81772146308671
1.3436913159548078,103.6943255827881
1.3709860768380964,103.8858906479253
1.3893542965881531,103.88690066129868
1.3624346831686769,103.7491730340938
1.4041411186647175,103.89636238015228
1.445774392856705,103.81298235916651
1.387052253739989,103.90134189574762
1.3345639058926886,103.74005285619961
1.388147918883143,103.90076867443133
1.2778289452104,103.84095715032392
1.350722760848709,103.75466822416084
1.388363779695749,103.98793366960525
1.394278396861,103.87859370768884
1.361383515038833,103.7338938814919
1.3590606981246558,103.73235723432433
1.2869139425260845,103.82972652693167
1.3287130803561018,103.84463053317418
1.3279867723338983,103.8448249270917
1.3274206696298148,103.84448064518209
1.3248275793939197,103.9203727023207
1.4452673377114345,103.79536783594111
1.3459689983108578,103.70745073343225
1.3241404853406458,103.86279107819277
1.3918522249892515,103.88470882966645
1.3481606414055711,103.75467026744585
1.4455070973770492,103.79601850539123
1.333618609255279,103.84922213390327
1.4273345744313575,103.8533300791118
1.4048648603787508,103.89829151180477
1.27717383738114,103.83869030560666
1.4326286804916568,103.84565498784302
1.4452490940195146,103.83255964889379
1.3655640599027914,103.94253096576763
1.3786381081073218,103.88502717433808
1.2806455794285754,103.82424820765209
1.3536804143963073,103.70370396398744
1.3221167494380879,103.77008500384147
1.4042352723835816,103.9050140920257
1.366932014667702,103.95218807130955
1.3265633696357457,103.85616275926236
1.4283685607324137,103.77375792136353
1.393477096171581,103.87316987087837
1.3067310154179625,103.7979857699478
1.4506826661857686,103.82398806833866
1.3799642228126299,103.88873882579117
1.3788013673423936,103.76797506303494
1.3415147488383137,103.8713078403219
1.3122805251071465,103.89769468535096
1.3759909913713029,103.94645784615123
1.4187842562178596,103.91251184733102
1.3869330776415554,103.75751842578875
1.3977465900989794,103.92023449241752
1.3644220780067071,103.96266440533154
1.3211274467179828,103.941693134728
1.447592786516412,103.83350969499912
1.3243209790449535,103.8681608313438
1.4345073578591043,103.84194501073671
1.34586155518216,103.75921673142786
1.3465706905846784,103.74090095486065
1.3908126197814783,103.88548855677554
1.3706739324799968,103.96285334740391
1.3780739441177898,103.88411804876831
1.336685100449622,103.69845930148824
1.3469530518632207,103.69611512126608
1.2891116959750843,103.82752100793904
1.3458624207671357,103.85101178875176
1.3410460153311154,103.74157451132237
1.3533941351302192,103.73518085250801
1.3398704845623848,103.8435904780635
1.3614270927815038,103.73800080741412
1.3391348292870904,103.84343315702166
1.3394587481509261,103.84360954516714
1.3930455990674786,103.74322719666901
1.3267898224739942,103.8558704941854
1.3455259280635918,103.71755919842897
1.3452766001324525,103.85276648158461
1.441385090919377,103.80046775761748
1.308826629022852,103.78441515630207
1.3645788103832035,103.95487720391672
1.4543340114378702,103.80041081725956
1.4497961824402648,103.82587962433607
1.305460800482263,103.91400117142412
1.3520333716342465,103.93645801610118
1.3727531523634677,103.87116112058304
1.3453324004182123,103.7000298265348
1.3909143587633854,103.7425113483816
1.3621887695948993,103.83491805618276
1.376292008406524,103.90022855584692
1.3424000600328385,103.69081610209953
1.3922141485191284,103.87865518068688
1.3463128188651765,103.69592490293894
1.3523988622056555,103.95015743777492
1.3544117304714491,103.95417356088453
1.2870217973757767,103.81637422264659
1.402961662449709,103.91104132612968
1.389069634094427,103.87645394537294
1.3818668659396391,103.93601301054449
1.3645968774734334,103.85511128006637
1.2830941840456433,103.82559655435855
1.3508378879879925,103.8864979040179
1.3404692926310418,103.84324635217456
1.3600039709896725,103.72889292696323
1.360000308573083,103.72841582075384
1.3812433451736488,103.75646103116914
1.304179726180338,103.76218663755687
1.3727717223055298,103.74577639195638
1.3347443876422225,103.84366199359063
1.3455757798687713,103.75089975937983
1.3216416355777918,103.86920042575169
1.3498851336429778,103.74576942599383
1.4198995833612313,103.84685503915816
1.4458229817975377,103.82288934950738
1.350472437491308,103.71532461090365
1.3556147314640035,103.73215898433763
1.3515403981190512,103.93451024743783
1.3077436663108561,103.85520829003593
1.3205318652329396,103.85933985046861
1.430099029246337,103.83215500527207
1.3115840899446367,103.76724992309366
1.3761036601446976,103.89387594604621
1.3687707799834519,103.85160630607636
1.341693972150962,103.95655446602856
1.350657913743631,103.75405654138706
1.457025208378512,103.8153126330875
1.3808865832680621,103.74299871005154
1.3437489475081452,103.75994370367862
1.403659474648008,103.9075358266168
1.3800792290825552,103.88007179737053
1.4446115662129086,103.82964490357938
1.4398552385225418,103.837561847041
1.442880569829461,103.82232153370138
1.3323991127915362,103.8662046130001
1.3743054453072152,103.7452076887229
1.4273311590094793,103.8272971563628
1.369411828258058,103.950696656678
1.320176694904212,103.90312024126032
1.3467225385993187,103.93403819903881
1.3551145152331723,103.75086253730349
1.357066296806183,103.7326537304169
1.3159223715842694,103.7640216634194
1.3518240629298717,103.74933778434429
1.367909773042747,103.8534508452027
1.4400748704018056,103.80203358895903
1.3347826411064465,103.86295232351057
1.3258298631985241,103.85719076373691
1.31310042712899,103.76735862065314
1.4351602534264214,103.8010894145899
1.3730718756998916,103.87073384701159
1.335629839281881,103.86332120143462
1.3081926614342587,103.79274639361707
1.4465173770328472,103.79532179487087
1.3952170317836918,103.74951218705152
1.395533094754276,103.7491345916869
1.384168978531755,103.90337981173879
1.37180367985928,103.95835069951872
1.3435814766557401,103.95690304843485
1.3247502517514753,103.90210383752749
1.282858977406104,103.82949310461787
1.3907048788809862,103.87051775541485
1.3632163959256902,103.85163039815205
1.3391213551985963,103.8462018969926
1.3413625772598263,103.73678195136766
1.3181890520977306,103.89707513312972
1.2753004829063879,103.83921029093676
1.4429278158001506,103.82321841384416
1.3755161443781472,103.83994839615792
1.431818204064039,103.7752431180608
1.3528220486087583,103.71761023688761
1.4317001793448876,103.79300064908576
1.3789882408500502,103.891237658432
1.340091812234425,103.74708335919745
1.3491733345353698,103.87701390287997
1.3875359542874943,103.906271753895
1.3744305358749884,103.84892565681695
1.3823989543070894,103.88128944796452
1.455172519696432,103.81370614474189
1.3626728977295464,103.73486010595828
1.4393327249662418,103.80181704346919
1.3103998551181049,103.77132469555367
1.3339986585517245,103.91805337166586
1.3435688649289967,103.93686952730546
1.3934923995872757,103.74480195718779
1.359265066984673,103.74000797639971
1.334315684003743,103.86917420971407
1.2811205413547646,103.8299400734951
1.3555574824948446,103.95137923855799
1.3576111828413793,103.73269406224395
1.3184691822252885,103.76670857024428
1.3173746902560992,103.8080586501503
1.3993744995784074,103.91537827540097
1.357110201660537,103.73952336681019
1.3692710080375008,103.83400688193299
1.3694630485527097,103.83383254650342
1.3690737627612721,103.83444823763958
1.3593247285399632,103.73005151856086
1.3222811729949113,103.86849249169343
1.2803878417137498,103.8288262701541
1.3975103036216638,103.90898874913401
1.3399646975872503,103.77311701757887
1.3478905308498905,103.95043835098441
1.3417266838590418,103.69714013594702
1.3268438173320172,103.9040020798848
1.3199734177263132,103.7427385317767
1.353660993609274,103.7264606209694
1.3938012388898349,103.74519952727417
1.342162543032229,103.87690303169879
1.4311400354207713,103.83429082975115
1.3801368892928072,103.74195850167962
1.3291506845821823,103.90396326681898
1.4526531577953945,103.81534152289579
1.3884081942338475,103.74229956292412
1.3844109736357966,103.74606841826908
1.38054309313529,103.74700637119955
1.439527177375808,103.80225634389798
1.2753060285579243,103.82697426903417
1.358970718043688,103.95736928260584
1.355060317564018,103.93651244536053
1.370736341200514,103.96097909923839
1.3683482348559757,103.9575850360875
1.3470249474017177,103.69779146616698
1.3556187772122503,103.73783703136075
1.348809759685401,103.92964565855968
1.3538235120354214,103.7223791165216
1.3566686972363988,103.93924964060925
1.4177127751568976,103.90054838837713
1.3269377618824918,103.72343347421686
1.3354878101976877,103.92254376158122
1.3224177407607371,103.93341673909225
1.376049443756737,103.7697382650125
1.3993517135562017,103.92036363115747
1.3328367862021349,103.8661868871977
1.4288665030739527,103.84084539588135
1.2953361349842072,103.81259100880997
1.3730467505234605,103.87285050649474
1.3870080989883031,103.7634139316551
1.3590851540100377,103.94743322377487
1.3142725819034418,103.87088111549392
1.3203560477466216,103.75029261600275
1.373387686947152,103.88039116668863
1.394395355030822,103.87722627821438
1.3618421454280396,103.93599390824274
1.3621423572159088,103.937434616878
1.4324403644889765,103.84330355135178
1.4011010724731972,103.74988161909425
1.3784659237011974,103.87752207483499
1.3876552134348938,103.77046340934461
1.4320169433561531,103.78239239733365
1.3966055130275483,103.89040138884822
1.3810029377666873,103.74192485853136
1.3556006236593847,103.95462010680559
1.3674575077212692,103.8392753566508
1.380242928156641,103.93755473893088
1.3594512335003541,103.89239126386352
1.3036711043044937,103.78290755312304
1.389885463689269,103.89403674766749
1.389907684171835,103.88601980166453
1.3969504438430127,103.91573725010954
1.276918704808665,103.8414740495264
1.427807164445048,103.85372431750262
1.3540514727780664,103.95271485713306
1.3497520505305878,103.9406242106812
1.3637084536462516,103.96189890847354
1.4323376024437484,103.79577684135447
1.3841056376305474,103.9016907277165
1.3698665373371175,103.88370346186288
1.3751410668115183,103.9414551291111
1.434762095886557,103.7767346176545
1.4411398095749004,103.79069848438657
1.386560626682337,103.90971475470384
1.434624498881743,103.77646050228665
1.4254433229351324,103.84697891301096
1.3686491409369579,103.850902456175
1.4449837844617757,103.77171850694491
1.3923186825987819,103.74169191138324
1.3499440908322307,103.75697468979604
1.287702425075994,103.82819608424587
1.325885958487246,103.9224061921953
1.3267559899872101,103.72216966573949
1.3296004508345582,103.9388185731226
1.3963232935018486,103.89859007131709
1.3696941606205344,103.93396614635427
1.4561740762229978,103.81438640554211
1.4555215412677744,103.81413811601868
1.4396835968922874,103.7796462851913
1.439792227813093,103.77878637148432
1.4323374081570777,103.78416061131901
1.391502387223105,103.88937706073712
1.34512102819383,103.74728877431271
1.3335992036090032,103.72458107181467
1.357870431929858,103.88893921261318
1.3494909121609513,103.72621563259317
1.3368511052616632,103.70104569241332
1.3316985385946394,103.92466889109244
1.339878474837954,103.84307198434226
1.3402560535318717,103.8429995609709
1.339359185376764,103.84314409163403
1.3707883594195867,103.93538459943616
1.3383962630966533,103.8432831383948
1.3383836236492204,103.84287416757088
1.3460203756121139,103.94103167139428
1.395825539103968,103.74846491822532
1.3976814386663936,103.88902579515664
1.325546891440915,103.93504119255215
1.3310731636708129,103.90949494187618
1.3771515139024488,103.77480391001494
1.4429951914703836,103.77234079699548
1.2774327466937625,103.84166621082912
1.3671162608055725,103.8456721683179
1.379250678373665,103.76299962268335
1.4320974432318554,103.78043819727563
1.314271489600293,103.87383561956945
1.2958173979685361,103.80473561852743
1.3872047190383514,103.9099936433153
1.3618314200802524,103.74945005994482
1.3915041584634391,103.74693341815559
1.3390722909060695,103.84965439523057
1.3882388237476773,103.77213436600535
1.4121036025096418,103.83389392140944
1.3996831745984437,103.91460392146152
1.3835664917722696,103.9000962711557
1.3365404211309106,103.93498669499927
1.4484536145546119,103.80246312518888
1.3373574629741825,103.85121461059153
1.3252336634765671,103.91001776500363
1.3217378422821582,103.93388790951747
1.3407095106346676,103.69843416029605
1.3897067227675997,103.87999213962361
1.3926810321351417,103.74181568131709
1.3977186577340182,103.88848467407789
1.344950398813172,103.7200281332729
1.3366861355731317,103.73804888610358
1.4381737731436155,103.7787096182819
1.357390682920714,103.9509985217724
1.3573450781225682,103.95050910359508
1.3621174845468973,103.73440156642549
1.3380490340978946,103.93870728279968
1.4438143561892995,103.83104964758681
1.32106452189529,103.8588680615338
1.3047133193049725,103.86117191379587
1.3563840528730131,103.94753927912423
1.3443222980600542,103.69751453872455
1.3028700079814945,103.78375584476616
1.363464774055414,103.73258906834566
1.3630207197335782,103.733308647227
1.3627793868113525,103.73254471818672
1.3074451374722618,103.86018176590929
1.3085772557628321,103.8822298442221
1.33586598607306,103.93539890903499
1.3980323998301263,103.88945963309266
1.386166305387157,103.77116353251301
1.3532504687124918,103.86528290018028
1.351655296668421,103.86862554905318
1.3512893229366807,103.95981184867661
1.3892606059572143,103.77305904825087
1.357116235757448,103.93533335986835
1.3820314949328976,103.94371868446872
1.2868231523032887,103.83867322509533
1.3530705909791974,103.9471683404703
1.3434083546341762,103.95358054786058
1.4142287716897644,103.83243509122822
1.3190926088658974,103.88289785247102
1.4015196918138195,103.89461778300445
1.3389658995009766,103.71919326531616
1.3948249169025881,103.91404547450377
1.371066392063995,103.96244595608982
1.3276576312716997,103.85623441782127
1.4428804255824776,103.78962722698832
1.328732270044609,103.92450609760729
1.3741805750997804,103.9622951287958
1.3708436456828812,103.8591717441008
1.404663978552799,103.90513884357951
1.4434787197452534,103.79725094524674
1.3457108559806796,103.7406062757976
1.3583248568592148,103.95141185669195
1.3313402339801954,103.72181465862025
1.3312127967379892,103.72170260068799
1.3576717701404855,103.73416496303444
1.4422587659504218,103.82906182170049
1.371658499178005,103.84612015401324
1.3318920592983952,103.85102473466553
1.4434554759347311,103.82315969833842
1.3673210336547035,103.83461548969058
1.3930250291662085,103.89928105424744
1.3662945500877053,103.85348993956049
1.3430737944679196,103.93673762471909
1.4445562385619928,103.7723112120779
1.4232852361455894,103.84460442574934
1.434610672632346,103.82698429191547
1.3645438170210105,103.93502484382448
1.3879161961113227,103.76176754030594
1.3956451255847304,103.89026291486137
1.3748193239888484,103.89132520844704
1.371789351817759,103.88777493856134
1.3714280719078151,103.88884106569282
1.3061738607503763,103.80145669759712
1.3620469219770435,103.9622250116911
1.438650328235643,103.79465932225244
1.3137419234778234,103.87202408186586
1.3100534657419562,103.78449063667817
1.3494493831165748,103.70023310994252
1.3549428583955916,103.74067287330637
1.3337573012295691,103.72194112222036
1.332387547119514,103.9167975962847
1.3222830154133707,103.90270479997989
1.3499519374419198,103.74300016781065
1.3814471969528788,103.74817434671094
1.4377552025255402,103.77408209953569
1.287984636340195,103.81677252946133
1.3940062903367956,103.87720388791188
1.3838846347370077,103.8984286788992
1.4457645164407178,103.81429077550189
1.380811279739209,103.75645600850414
1.2765956742083466,103.8198367594528
1.3949261520995233,103.89599170211169
1.3234402888489951,103.94225966060404
1.3861613316858294,103.76317331767241
1.4307982569787445,103.84260792948092
1.368841506332418,103.89559099290803
1.3441125565302954,103.75920037866385
1.3819551993666706,103.74945563795897
1.3872363218062775,103.7620494292804
1.3566311993407691,103.9539725172357
1.356845406687012,103.95461104603608
1.3727220872034567,103.96112890895427
1.3615098466175535,103.95100198539137
1.3893608649106657,103.8804879255775
1.3353650948764209,103.69934837857836
1.3582524446559499,103.73362225511737
1.430741442235227,103.84314166103822
1.29541149626602,103.80970749376523
1.304658853785834,103.86397889339266
1.3491078511653176,103.9342866635754
1.359767995277076,103.93340851506213
1.3765269490394048,103.88575720677984
1.3239789252460332,103.94065908192074
1.4505995146249646,103.82662887221771
1.3462252848849152,103.74378808822408
1.3955289721579767,103.91177246905336
1.323778927843557,103.86206815923813
1.3882458693294637,103.89798196241622
1.3982724960515958,103.74733244581968
1.3831306280583362,103.76763264847106
1.3618027872912761,103.95361276699258
1.4264401899016212,103.84407456332704
1.364977203920105,103.94498174448084
1.365059802971483,103.94436992845083
1.4395679355218278,103.78998768676806
1.3500118316679508,103.74371665729254
1.3823040570674816,103.89396119898656
1.3540337315112771,103.73470852820539
1.362891760599503,103.7342999394856
1.405999487484057,103.8969155616734
1.2836033081497313,103.8281003554178
1.3348793844326432,103.73932142545783
1.3511132256223943,103.74420747420393
1.4469685763281894,103.77171940956552
1.4051688764566592,103.90669924827694
1.3388871468883299,103.84894784385172
1.3416171919486624,103.69781499796834
1.357976530523642,103.73390055234658
1.3984217123315743,103.92262690437978
1.4252140843581995,103.83656529064469
1.3811242109561555,103.75080977922849
1.3364540162425171,103.7017963844637
1.4220613129379445,103.84332300943358
1.4014720113596357,103.91212429926632
1.273910006838392,103.83567889621115
1.2926481251495674,103.80426635684498
1.3796330477023244,103.93697610594923
1.3934664521942124,103.89657009910721
1.3357497568587886,103.84682722623688
1.3414392135437225,103.69140062122891
1.3218078078669817,103.90278668874919
1.3824948658617484,103.93692842690382
1.375235508433275,103.83769674821332
1.3855323788649485,103.75937782572625
1.4480237416619248,103.81837473811352
1.3700837567452875,103.95476637818709
1.2928136595307487,103.8148178954483
1.3780062602432859,103.90421210788162
1.3619095036031579,103.73481120067606
1.396536354913614,103.87985211834172
1.3523399083664707,103.88285295639396
1.3472842812945367,103.74277596668166
1.3674192821872937,103.8411475544031
1.2837072613753995,103.82400456277408
1.3709887738223434,103.95977096589243
1.306906599000927,103.86172819393246
1.394735060041743,103.89513516073754
1.3490667250648567,103.95020001694138
1.3486994138112156,103.9504544923054
1.3483066180230106,103.94995674514468
1.2900311486241138,103.82248886081123
1.3196063337604595,103.94492595386393
1.3946326444772361,103.90137451805941
1.3840798572086945,103.74176828111514
1.3295067526640678,103.92764730389415
1.3700975507441184,103.88165305523232
1.3449021916144415,103.8514991791206
1.3434618179663744,103.7136874510284
1.3282827935494588,103.92895466535747
1.3997993768544907,103.90065539598305
1.3716020063977632,103.96157635344414
1.3559757535871233,103.93282817623808
1.3976689814935845,103.90560004241574
1.360407351486616,103.95714284683105
1.3660322098443398,103.8393788995421
1.321904423880154,103.93985920478646
1.3320189891350205,103.91054619513902
1.4479861308589765,103.81785473545405
1.365698356526287,103.94440179516023
1.3077977888161887,103.80064361120994
1.3334095452107964,103.92917652119787
1.369687021768952,103.89375093376846
1.3563463121383947,103.89064403587936
1.3580261440225998,103.93678714213922
1.3162924775904947,103.76953174570636
1.2874446296405169,103.83269119352707
1.3143926775842094,103.77089038099186
1.4181447508352252,103.90217926547426
1.3590865361096562,103.84199418616372
1.3457466569812617,103.85040111153798
1.3803190674845511,103.74314918584926
1.3635646505146604,103.88983996225912
1.3981315408331791,103.89581645984504
1.3880919932918092,103.89143744645878
1.357954610696033,103.95099086980544
1.332759264574202,103.91179977399426
1.2826698006158919,103.82973852310121
1.3692874802846136,103.8545367159879
1.2963658623238887,103.81131071014184
1.3269855295229178,103.93322803235978
1.3697810464742248,103.93537440070548
1.344806234718796,103.85669695559926
1.3443037994599036,103.85682495931157
1.3438814096291527,103.85664812711418
1.3582368628366357,103.95063478294507
1.3393765179230772,103.93780886248169
1.3384904438430383,103.87508333672506
1.3382268679083273,103.87521706243639
1.3352090575199722,103.86580415119406
1.3194479578239586,103.7673215677723
1.3521807940646038,103.93135795024789
1.4039202483839293,103.90552639336096
1.334478207862069,103.86630029701146
1.3238585088869637,103.85652860749887
1.337628642935658,103.85773953104135
1.4454504240097505,103.83000587194707
1.442367230930562,103.80284658284188
1.3520466252211698,103.74150682453853
1.3945414797113336,103.91434769718386
1.355159998705564,103.87269528956423
1.3355960816296102,103.91327612687526
1.3102705886123442,103.77075495569815
1.3564863021922922,103.73516713634861
1.3412842566883705,103.8472830125588
1.3461319893504828,103.73283493001183
1.3773293839823364,103.93417664581764
1.3768953511960969,103.88888183860792
1.313915072732691,103.76708455178965
1.336491216048731,103.92496792727263
1.377343213444079,103.93313136570661
1.323237658685783,103.8627281936758
1.3959650660811067,103.91501790836215
1.3423362356836406,103.93596727674522
1.3845119196602096,103.77145599709436
1.3357420365293906,103.72407862941718
1.323427018790685,103.93419333650529
1.3619716871762026,103.95036523734761
1.349109959851262,103.70892289553392
1.360507687073563,103.84416982354306
1.3070032302231573,103.86113376448778
1.4051082063989084,103.89768701270448
1.3513322580153362,103.92937062188614
1.3514562910738468,103.92872371163502
1.3112504107220928,103.8977271191432
1.3761833081086028,103.94601178109812
1.3981538472570905,103.89924059945147
1.3357892815167804,103.84769176814868
1.3544393165671664,103.93180123915126
1.41743984075494,103.90022592908069
1.3329087775035091,103.93101912890921
1.3743881151357644,103.89060134489861
1.3712548143518033,103.8900890672468
1.3749145841589094,103.89328712034802
1.3432915701820496,103.70690772371371
1.3159318722221445,103.85992986901813
1.3199661022255358,103.93371307887799
1.398076724466622,103.87628830628037
1.3290124052075265,103.89877428472583
1.3939676142180193,103.87660362470491
1.4299368952743925,103.84473343296699
1.3397809982104467,103.73533673956942
1.3273521082345419,103.72313568825754
1.403965819474277,103.75043006098126
1.4377068477894583,103.79119917716906
1.404397956700181,103.90566688696667
1.3727104407846047,103.88902393978461
1.386044272689346,103.89648020696417
1.3282092930588492,103.8555324343606
1.3656757345949389,103.94515230567372
1.3653293913890132,103.94493840510624
1.4037776052236748,103.75121581808992
1.4033246563230453,103.90962309610056
1.350059993454791,103.71911268634189
1.4392847134163835,103.79075922181065
1.4023267129820722,103.9031341647914
1.3557899499785526,103.95798663588174
1.3530413375705528,103.8714724189095
1.3733275848425885,103.88407960555715
1.357471796013224,103.73233620093283
1.3755812973121435,103.73689236939603
1.3625722620828595,103.95378764168596
1.351616819452734,103.95672323330594
1.3929971023143015,103.74474692775414
1.416015257409996,103.83679740517623
1.3817638589640122,103.93648786681722
1.3608794386230432,103.73417422034933
1.3350086615318,103.91277432949387
1.350273118689216,103.75909615472175
1.427138325122604,103.84233622005998
1.3759781541891878,103.73773024138515
1.3088939463066054,103.85296174030825
1.4200503148783006,103.83220285236867
1.351999030987254,103.74108718764063
1.288721534343519,103.81008622913042
1.3183051120929052,103.89899826319493
1.4321967314294983,103.79056969540783
1.3463777019235548,103.94434567925613
1.4290977066112232,103.82947628303832
1.2965482158904431,103.7983801073299
1.4200372235077592,103.84573857434667
1.3594560524025878,103.93605834735246
1.300479121184008,103.79734784956418
1.3364800780414443,103.70076045917072
1.3812204283581546,103.94431048380143
1.3517798217605177,103.95206576952947
1.4320281900432617,103.84484857447141
1.3333636971436045,103.93248774326646
1.3533580175589062,103.95563777297947
1.3487122503139242,103.87514470543226
1.3181470736377674,103.89817879767531
1.4324786154174283,103.79088206425777
1.2873756474994502,103.81621582603029
1.3885328699274728,103.88822177645682
1.334637253372202,103.91371860017472
1.403134032032696,103.9023900091844
1.381544762938705,103.94304974263538
1.4208810563429664,103.83531718037875
1.369444781152767,103.94777425626782
1.3062774314793169,103.85007118021514
1.3943932758331132,103.91475621402073
1.374542352113337,103.83667516425177
1.3250915719000742,103.94211003508514
1.3529238086090212,103.93833098015553
1.3518658461280832,103.93290820920167
1.3610676079806148,103.73366399534571
1.2805108297710839,103.81162209662268
1.344138147659789,103.73548479614959
1.3930363676189292,103.88495604358064
1.3929050022682912,103.88652170658158
1.4051624990048301,103.90784161280249
1.4020111886925035,103.89278772208728
1.3353479851268681,103.84702790312
1.346958474356607,103.69451597476292
1.368283771786718,103.9616928056842
1.4334736028035033,103.80005953990607
1.3777970908420318,103.93448745792669
1.3489758582720155,103.75133927741095
1.3530545387288344,103.89014433001009
1.3489206652562233,103.72486797450071
1.335961821556401,103.70084037800605
1.3787191675874007,103.93516367459904
1.339012980184193,103.72316454359668
1.3775934702183068,103.88641277360217
1.3337310228392925,103.84523278695319
1.336239245549591,103.70504727115281
1.375746362599017,103.94227358542302
1.3516381309970498,103.95472886229061
1.3491427633655304,103.95418804259232
1.4492202754948929,103.81468401857869
1.3810898431428804,103.74585755526972
1.403712461915718,103.7505444557678
1.3788372197838816,103.75664399223756
1.341432441048257,103.68797518543256
1.3410945119691835,103.68785451928089
1.340690285748726,103.68783700867334
1.3818486695975754,103.94397976874576
1.4147928060745525,103.84031343393802
1.3159388655806257,103.84836548276992
1.3935622561878944,103.8915439720606
1.311796401816678,103.76725082306699
1.4274893110886764,103.84732668356311
1.3419430743315464,103.8713113702443
1.3404643378137524,103.87126238673171
1.3216752719828073,103.90177088855336
1.3360490761974084,103.69274002994746
1.3512935486532849,103.9531253789082
1.3645992224893022,103.8477955349321
1.3489018765470013,103.7164620988075
1.3850370932056504,103.76965400759929
1.4288573707994425,103.7740226633639
1.3494683195066548,103.7170090167076
1.3199955337378626,103.9452071565717
1.390455428649909,103.88835806087926
1.4318204524677078,103.8301989883578
1.331420083946319,103.84504753986728
1.3318574961257763,103.85660225991987
1.3362114447342628,103.86290900218744
1.354234397822466,103.93233706720189
1.4030127975780111,103.90687119895018
1.430091948639398,103.79750291973383
1.3626518134446428,103.83413420633461
1.3273936003877413,103.85724413768756
1.3820589072458946,103.89712422112454
1.3057810564210492,103.80024140284043
1.4302444437349193,103.7740217413041
1.3437721930807225,103.93639923513923
1.3120796396443744,103.76078232915451
1.3772385745212845,103.77048439491669
1.3419212184893359,103.69395341663125
1.3465494196687768,103.93732786993233
1.427979706530542,103.84269536081582
1.386942695131298,103.90249200312707
1.3239802979485964,103.92584145760195
1.4523233524280836,103.82358557125359
1.3501325530512591,103.717919873073
1.377576599611386,103.73565879768321
1.3881393643758229,103.76656279602143
1.3566929295758599,103.73557162992194
1.345367356974798,103.93996062495752
1.3217562105777085,103.76491027830376
1.3698982029540467,103.89185246711392
1.3195617689378867,103.86367749974352
1.377753870698354,103.93791652874047
1.3939647225054255,103.90857393533835
1.3579864474983445,103.73715759560264
1.3583734691776006,103.73695367686766
1.3934540079954103,103.89205360858351
1.3204790843571363,103.73996380494386
1.3275458469942352,103.93804363152954
1.4285650520712203,103.78945747128898
1.3647915360503093,103.74508579472912
1.3418355828421458,103.93483929718562
1.341835364392229,103.93540577551842
1.3410879760702665,103.93522606550759
1.340624385340257,103.93565435532801
1.3485326420418653,103.88833986015138
1.3471010318995773,103.88966073225112
1.339548069520408,103.73774521403129
1.359213178132828,103.89158622009548
1.3781469527424883,103.93850251965608
1.3801545052801776,103.73948157855988
1.341483825571002,103.93493327070217
1.3235643181968473,103.89025472941135
1.334681602775048,103.84747554204812
1.4476434501373727,103.81544451646698
1.3226666898335488,103.86866163351758
1.3504240104919731,103.94208769523391
1.3487410881801898,103.95292918939938
1.3418146366769141,103.68754949348126
1.3563457862694377,103.87017474308598
1.3051553984491664,103.9163830734789
1.3663452922605444,103.89621420182102
1.3739560761772327,103.93806540473688
1.451975817508955,103.82396434945234
1.3834009272360925,103.84143009581786
1.3387699835314602,103.775263857576
1.3579786054239482,103.8735479646402
1.3769931411618141,103.76450706367667
1.4463408652044285,103.80545038224753
1.343543310459456,103.75918972141226
1.4404817086810529,103.79328507380903
1.3640572635328445,103.8516141394637
1.3635575699419804,103.9525960400918
1.372532867578592,103.88110500617248
1.39420086233662,103.87339482388303
1.359256200141112,103.9594990057253
1.3241396502511569,103.92640623093882
1.3594542870912332,103.93663353921796
1.39094938766982,103.74636197712323
1.2732849279113583,103.80762030023722
1.3260821353233132,103.90204718800757
1.3296673002094839,103.91048953444249
1.3991510568402685,103.90533721332923
1.3491441970268467,103.72910641929812
1.3472274225530672,103.95097024052733
1.346793017303338,103.95135180920245
1.3464438091602644,103.95173914655503
1.3474920142286246,103.95176215456195
1.3472334864826208,103.95247541364002
1.3207901227561922,103.90027299437291
1.4304352383664076,103.84707582692158
1.3291821121406184,103.9325239053206
1.3654685964171789,103.89427042485265
1.3563716548631894,103.93867569856052
1.3518345684954542,103.7176225472394
1.3433099366382115,103.95533579294467
1.3507610635633105,103.94815050829061
1.3778249903174218,103.73498155502853
1.3797196357796644,103.88993836669253
1.3321198198488309,103.85826329482967
1.3935568867489037,103.91487425269844
1.3787264912127213,103.93801988331703
1.455342474598806,103.81725214588027
1.4355084865807721,103.7981527346511
1.3707374446190739,103.96180230968527
1.384391357867623,103.74317475164524
1.354745152104639,103.93403579679794
1.3877704184853892,103.89121436007375
1.3315504867209638,103.9148708740484
1.432843877599878,103.84420078051978
1.3534391520675106,103.72244405752568
1.3768175500904027,103.74151951245534
1.4198207247367154,103.84631109800051
1.3378341613770015,103.93784760988427
1.3372049700227393,103.93923488463864
1.336882000892216,103.93891165493066
1.3828932584102223,103.8998453817087
1.343393205646046,103.9373540373216
1.3732738168814418,103.894633071778
1.4302164513067517,103.79815487144144
1.4437115563045526,103.80362328983252
1.3474878670162627,103.9505975393809
1.3477463547344934,103.95243892790242
1.3490720545956663,103.95271847290358
1.3456201776515853,103.71958218175003
1.3580332226186294,103.94667720692823
1.3560457679654903,103.73855912838229
1.3498377798261256,103.93276694056173
1.2858103504349068,103.83215509190208
1.286928008984202,103.8204144979866
1.3679894253570402,103.83964463642727
1.3481279574757226,103.75737362943993
1.3775900403045482,103.75298774489416
1.3445912742218329,103.7590139094927
1.3766160292684995,103.88761813097815
1.3206771484170448,103.90450094087265
1.4466390302397323,103.82946326681797
1.3617772491242321,103.95656365968593
1.3479213254465712,103.71962426117473
1.289953234999987,103.80266289008046
1.443558511556885,103.8285122346987
1.443287825853866,103.82866351451185
1.372296058455841,103.87076325317497
1.3036240198059246,103.79949596403466
1.3820761528043113,103.75179872001722
1.4369634171993992,103.83883245399224
1.3942559703807234,103.89214460719457
1.328018803532917,103.92237420114739
1.3873485127991485,103.76374564037467
1.3865727304419426,103.88242111865772
1.2781680563469113,103.81847656200867
1.3740786605524045,103.94347928064202
1.31141301510464,103.77065497738063
1.388075727337634,103.88890219147015
1.4001429856310321,103.9065287102006
1.333996352151722,103.92819985276351
1.3543357118853037,103.86840699820739
1.328255202764614,103.90358522112396
1.3676969800375423,103.89527229327845
1.4016292858257007,103.90350555171833
1.401904323806256,103.904484827775
1.35388174102131,103.9343022353866
1.4184208208719074,103.8445676489457
1.343711990848372,103.69072063644141
1.4513563752220369,103.83081200588228
1.4337594759537047,103.83088927498962
1.368201245973638,103.96322463763606
1.421774205817647,103.84326520501679
1.384668579233324,103.89794866876748
1.3053269065396047,103.86313163881154
1.3726448910162885,103.84912879511585
1.282606789226637,103.81854737802456
1.4408569656197654,103.82932195319944
1.3383574932316853,103.73590158409762
1.3273998035104455,103.8995495958343
1.3773718665096497,103.903749559856
1.4403698108984384,103.83877041743945
1.3177118382738926,103.94752163694012
1.3642176375127906,103.9435566080827
1.3646280856442263,103.94408165279015
1.364151749988351,103.94454221308388
1.369053179064525,103.88349004036586
1.4382137836702957,103.80367910429692
1.3799786255928275,103.74462779570342
1.3630346344884974,103.95402920707659
1.4498465170123527,103.81756455310284
1.4295098536542825,103.84715982952855
1.4243506509367267,103.84748334789808
1.3449724620758143,103.94557966833779
1.4265875037882378,103.84291142185229
1.379661552055415,103.89025078606458
1.3873075826300596,103.89445580752665
1.3683504503345008,103.896284373676
1.4295418306465242,103.84828229106867
1.3452526339653872,103.69203345041124
1.402084886161147,103.89607053140509
1.3829390283517473,103.74719068698514
1.4375358613303844,103.79469722704607
1.3455224270725636,103.70775790721007
1.306932361407775,103.80001526446907
1.356667643880835,103.73616162479924
1.3581920442603028,103.93432709829737
1.2820255639406226,103.82901086118682
1.3656045844150653,103.95991656542377
1.280871406582886,103.81234445992212
1.378625057118306,103.7549517867009
1.3747511177761347,103.93710995518148
1.4522546846067834,103.81505083766885
1.3570407522606345,103.74818317093938
1.4268925173942717,103.84595843900483
1.2870300870559628,103.81272268500132
1.27308407980611,103.81013597553303
1.3798920613430945,103.75863388282312
1.3748724708724134,103.87022181389943
1.3231476112523504,103.86322153244548
1.3718878524480191,103.7751463015011
1.3307016428528258,103.91316893868448
1.3841905065301603,103.89821298558965
1.3405672217310944,103.8479511512511
1.369551367005176,103.84654548304395
1.3752358950994972,103.74264235944264
1.4398301431042628,103.7894124536886
1.336592506542134,103.93591462094301
1.3626786183129853,103.96053955021995
1.2839129484567204,103.81497954822122
1.4371228290033886,103.83961875219539
1.3212911313622169,103.85492074903121
1.3429794011968463,103.95547762474686
1.306173258087727,103.85679766204287
1.393079637492867,103.87830427592665
1.2774308966957528,103.80823015434923
1.2828678370402344,103.83127767933429
1.3419645460301197,103.69889249958517
1.3817427924378658,103.7675151864023
1.2831580452863014,103.83361922861371
1.3612992656503256,103.74651354650062
1.27884584183782,103.82667532953361
1.3816383234172092,103.89594541862908
1.3407360830777828,103.73800555432925
1.3195841296515316,103.76399972570213
1.3571011705944807,103.73653227120433
1.3575607298197812,103.73679359898235
1.3464446326294974,103.84793415052415
1.3460509699706635,103.8478378351473
1.3885696923181965,103.77024286293155
1.3086115118078725,103.88824992778005
1.380648029536947,103.76491630928271
1.3250722822469623,103.92073630393935
1.395242042269056,103.90457344465223
1.3683501284207435,103.93434559316391
1.400889616097412,103.74955277915271
1.308517870044632,103.86113740844297
1.34027351431008,103.69347116694226
1.3166708701681875,103.86137588480213
1.3422767611940334,103.9350091581053
1.3409859974150988,103.93594855965958
1.3505331527336544,103.73125244875499
1.3055852185424355,103.91533614129257
1.3035794930475377,103.76379965492652
1.443169683993952,103.82201347001646
1.3319687886390734,103.9414498952999
1.3299494583835991,103.94020823674627
1.4340448786217261,103.7980356933794
1.3493654532815411,103.69541275705602
1.368853353993175,103.94886433241732
1.3664009109528046,103.9590369857093
1.3493316814283962,103.75165507734832
1.3884591855036252,103.76912075501372
1.3706324490103488,103.88983211875221
1.3613706676412844,103.93519239518687
1.375532471547437,103.74961073133706
1.4331596096291432,103.78159970689094
1.3462983236747845,103.74342928862437
1.4420203460376544,103.82874227763045
1.4444645802436644,103.82852895681704
1.4408154214808975,103.8284495266529
1.3021801888984832,103.76287521996154
1.4327000731595916,103.78911523218932
1.4338309430432221,103.78948973021623
1.4357221627235197,103.79258931189963
1.43007582109224,103.84620389847977
1.3775047833336573,103.88365760436984
1.3342356737437835,103.88136753161548
1.37103405466659,103.9591952296307
1.3655548736452663,103.95525332493527
1.4143216361050024,103.83297654041661
1.3122627392671569,103.76643447483661
1.4501480940351672,103.82508938829935
1.3528733220558753,103.88285514791879
1.3940724486421414,103.90030231208368
1.4028772744823295,103.74837354296133
1.2846678674869652,103.83103606520488
1.3500869538012712,103.94948673128214
1.362989033451885,103.73467593811465
1.341985397460361,103.69764402568035
1.3224905860653888,103.73730485457673
1.389729291421668,103.90537824575622
1.3680960707565435,103.95273028361277
1.3803073878668815,103.77397270485521
1.3499268749060336,103.94866992786139
1.3509934277456437,103.94919782845797
1.3513127714576383,103.9478795489528
1.331589195600999,103.8512947432746
1.3508806587792406,103.70415444651277
1.3575112370006697,103.74793824657655
1.3824281693135223,103.74529775451961
1.3434889213888017,103.75528944498211
1.3749482849665449,103.87103050113869
1.2983942413365857,103.7979329237248
1.3823432342298465,103.89119152302966
1.3546745879714226,103.93727500001873
1.354277128279918,103.95795512276777
1.3733239379999302,103.88806042519853
1.4454180210956946,103.79398424044655
1.3436022643206689,103.69599653353595
1.3731327473460968,103.94568847532814
1.2950763616147527,103.81151902386988
1.3345582288818754,103.87221952307587
1.3341042327023174,103.87295397830209
1.356193842943399,103.74969088241896
1.3711272071896063,103.8756232493434
1.336593699856002,103.69537353403724
1.3539081795103587,103.7199345615808
1.4345604784700519,103.8431558758048
1.2824959134039082,103.82929586694193
1.302889756061487,103.76383525884755
1.3273333736679391,103.72180377709702
1.4516894411436836,103.81517046136851
1.333661665627939,103.87989534132748
1.3964732757311338,103.90886294176389
1.4200624900286332,103.9113668518279
1.357462606221999,103.94817869793349
1.3459343563805524,103.95602390334813
1.3571859631826242,103.87075076862013
1.2926875794243113,103.8081712810225
1.313428739307362,103.76386403622425
1.3333088136981879,103.72266111198736
1.3393238774876617,103.77203795438982
1.3653833127583341,103.93562909348485
1.4481958328554267,103.8174948766043
1.3135923025863023,103.76495910084176
1.388391799882448,103.77188944783019
1.4423313448630763,103.80086077289357
1.4456307392227248,103.8048891491585
1.3795075158909007,103.89387532899822
1.3345102008230678,103.91459590171661
1.3701307355576409,103.88316400179713
1.2983182570528398,103.80470811967155
1.305128052825712,103.91772866494074
1.3517160957194378,103.9295407748009
1.2739114925729695,103.81212534285822
1.4534475498727304,103.8169596288172
1.327608027437161,103.85986133528962
1.3200822475925378,103.88280636637052
1.391637233639873,103.90792093433312
1.337034183001492,103.87325895624282
1.3892507336289597,103.76387178392145
1.3785590748680707,103.83937665299104
1.3289480378033651,103.90011741008885
1.307247694247387,103.7611409997615
1.3684143283916916,103.95445509224358
1.3249055495757247,103.88556292995348
1.44413550288675,103.80169077827442
1.326503577863727,103.85925772961677
1.3868841776194816,103.89514563260131
1.3890768905293094,103.76921218533421
1.4436329996821935,103.79677934261382
1.3395151150691076,103.71928652508494
1.3646653850992974,103.74844333879396
1.326009369125701,103.9215054379728
1.2766737078143993,103.8069985966821
1.3229594685077624,103.73923207828422
1.3977469937875882,103.74837149880136
1.3831982650621906,103.7430582569089
1.3578890014752076,103.7403073389158
1.3831899028714334,103.76688756478046
1.3162710563039355,103.8057149246454
1.4510103338859743,103.82805361901575
1.3326112629817257,103.93894007963479
1.4185745930478924,103.83905687322573
1.361886198855189,103.93544048393547
1.4172502596856933,103.84153230723001
1.3873621734860366,103.77208841163319
1.4372800131859205,103.77408199389541
1.3294271049584183,103.88700399677865
1.3276417282989623,103.88625589457604
1.3577206841308809,103.95995685410445
1.3648806796742434,103.894959148782
1.3274444219183845,103.88721089984176
1.3314577066564393,103.88742312115207
1.3292715551493155,103.88549929731754
1.339457245154845,103.85591206955105
1.3747379041164336,103.76879369758099
1.3921467278812014,103.87485685504059
1.3312455254717113,103.90631981865268
1.4280649731464776,103.79320126073834
1.3477923143634127,103.8760413003955
1.3955060186854433,103.74421765965742
1.3736871702752511,103.87138275730315
1.3321270228534277,103.94044526565284
1.4294386722298906,103.7720629319939
1.3787304378216596,103.87951548867936
1.2818771246519527,103.8259825936614
1.3519681205242533,103.71853153276572
1.277151776285303,103.81958741655883
1.3990428278918043,103.74725615472651
1.3323896769428607,103.72287965271869
1.4028330082612785,103.91328235169219
1.3101228062724712,103.88764981976631
1.336073067076024,103.87985691099423
1.3328329111614525,103.91812623548158
1.3774878578655552,103.8869174737974
1.3753900625006887,103.89999886376772
1.3720989240137733,103.89910560846066
1.3766972194198104,103.88246522977967
1.288832421606431,103.82642089869853
1.388240397915184,103.76291601243733
1.3583952610164438,103.95853398444513
1.3754696871762195,103.76895768626
1.3450595171634467,103.9595633630426
1.3702375134020972,103.85595243004832
1.4459259767836041,103.82233122022042
1.3575713668627536,103.95314680066875
1.4260213012852103,103.83167398767242
1.3571941134954328,103.84945124504668
1.3255180197145322,103.9006959953267
1.4193217032467174,103.84009617322111
1.3480236772281693,103.94710768515732
1.3902622061766845,103.89297713957288
1.3935493938545396,103.89709511218926
1.350575967385065,103.74492433926251
1.4090139355894618,103.89714146873462
1.4354564496169737,103.79637375926467
1.332418127125645,103.92551188874597
1.3582459420716648,103.9527987200691
1.2729330720842207,103.82561454878253
1.3665191055819408,103.951703690076
1.4266818308029516,103.85357872449893
1.3557364881431602,103.95018763023977
1.4422140052894827,103.80561560441753
1.4382669990656958,103.79308445526213
1.3469270363666577,103.93353464859412
1.3871629218268884,103.90034076378271
1.391829282154032,103.87774280418033
1.395875672175682,103.87756888217389
1.3597132599651758,103.73502716395626
1.3723327313294056,103.89460857189133
1.3746286205011158,103.95837253130239
1.3455225288954076,103.85343347921528
1.4310335699417338,103.79385292841097
1.4025575945645103,103.91645105951137
1.3504411312478921,103.88644045505426
1.4432881998185274,103.79674787375184
1.335821989463991,103.8439189913783
1.345944038646452,103.8475135480195
1.3456740656779638,103.8480102247097
1.341319288850002,103.85020641703893
1.345512788059927,103.8483095506876
1.3630780848222008,103.85682008429107
1.3451439370668208,103.84798277245986
1.326295571050924,103.88796666161569
1.3374182603135358,103.86278729272473
1.3252144339634122,103.9328663760845
1.3684427054156019,103.89781293687457
1.438803636584877,103.80575356813394
1.451332644788044,103.81976624285818
1.3739706671836787,103.94663452191988
1.3457923485629624,103.95503554314227
1.3891687040589937,103.89739947398743
1.3220301845201181,103.93836429194988
1.344629267919222,103.85534220644944
1.3943284232355422,103.9034616781159
1.3349077973211847,103.8674573536573
1.4289423748026937,103.83347283895468
1.3746951643059147,103.88115592455732
1.3418851603534294,103.74279107438083
1.2818274186379406,103.84283882903469
1.3936046388184207,103.87130038480649
1.3377758750346849,103.85078113873207
1.3448498395593245,103.8530971672728
1.3705817907270643,103.88075333200662
1.3900678493863552,103.90739020948517
1.3917220147289602,103.88516205314392
1.4318606081941476,103.83360595025958
1.3485292646369031,103.73079075716059
1.39444406751512,103.87405676026926
1.445231221872486,103.79322543084398
1.4015598182256117,103.90615246914504
1.436787507621473,103.77745252713294
1.3406990170979636,103.74458109430034
1.3864131626019074,103.90484142589773
1.3315936036608718,103.88548300885613
1.433377063731677,103.78743584742492
1.3405041611607211,103.74206682722772
1.4399885875205756,103.80055965037005
1.3735373497153462,103.96184984153724
1.3280944935306334,103.85715415917198
1.3778835397231526,103.9035936094232
1.283399715875441,103.8288891982923
1.393215488834186,103.74250733255629
1.451989143301189,103.82332976700519
1.38069618372762,103.94407427584339
1.4397842667720175,103.79449081563033
1.3802942544196504,103.87890294408871
1.352553800899659,103.9315689423539
1.395494183488977,103.90706120503891
1.4022427376498892,103.89146266405622
1.4152978781561454,103.83983164048678
1.3555411623276221,103.94720857413009
1.434747118210161,103.82868040738137
1.292929767284008,103.80008697088961
1.3207060144922875,103.88702873154634
1.3304942945392186,103.91060640211022
1.3159317932106402,103.77104331366299
1.3382307090867744,103.69993224803984
1.337766681302951,103.72417484444713
1.2762371764374596,103.80758870132813
1.3986038312398177,103.91697970726473
1.4342173174869985,103.77432389487971
1.3969754648519186,103.87785892549003
1.3298388903132645,103.90192389938089
1.4242938859562586,103.85195290637662
1.3547094181935424,103.8481975794355
1.3399007381360344,103.74653024103945
1.3639103737907992,103.95855800964746
1.3720804313203179,103.85348384779256
1.3255027511802737,103.933954729849
1.3224252683224242,103.76213051692531
1.3703175909082044,103.84186958014396
1.3972623979776184,103.7482907810076
1.3755025564416707,103.7725589836973
1.3523768190227237,103.87214692247575
1.3737635943493534,103.96259339437631
1.3186024052902565,103.86232192205205
1.273938546511818,103.8072681828279
1.4340974042554022,103.83047796658052
1.3554106449563552,103.73467150981163
1.3563702002199305,103.8429674386117
1.3849004458695777,103.75894105195604
1.327422368034069,103.8529003066253
1.3744862532516104,103.77360701343478
1.342902949610162,103.95913013793692
1.3595594268536388,103.94848662675193
1.3269056028879693,103.86004898723046
1.3082145378177743,103.79960713985382
1.332256525517039,103.9269910123184
1.3502675523621115,103.83923200367036
1.3890698644877708,103.98822394228453
1.3522995309522858,103.88008282731751
1.3533856258200774,103.93653024747991
1.2806437683450393,103.81074355486464
1.3253086000621104,103.84251455672492
1.3526220974253778,103.74058199028674
1.3547697133814909,103.71967421839408
1.3274415841150313,103.88571764199422
1.3461163492223716,103.69772254124801
1.4504238373211529,103.8267451280574
1.38917134166273,103.7722949809327
1.352549067433853,103.75416109460073
1.357284150711123,103.7350922775817
1.399546854914047,103.90642944032393
1.3384816692787762,103.84774451617159
1.379889859257871,103.87733122149018
1.3093973839026727,103.78809063883136
1.4270325066284697,103.85383686322542
1.3466738185508853,103.69419636481862
1.376349730727824,103.88745886408647
1.41872849537531,103.90190764653433
1.345294395798561,103.69579466762309
1.376447134337861,103.93449650545985
1.401766622230929,103.89071070407947
1.4354575118884414,103.80142747261932
1.3746317806525183,103.87640847613801
1.4330505618153146,103.78674437454784
1.3973218879070277,103.91601850790005
1.4454749294504194,103.82193849398908
1.442276283613081,103.77688325859144
1.3813257685855382,103.77029796027263
1.3649293476412032,103.96043663416488
1.3496107449847319,103.75754467273482
1.3319360778314997,103.92996510204239
1.41928446820334,103.84423371393926
1.390536774495802,103.90218210035479
1.2908861359355965,103.8277448085395
1.2781707857409468,103.82692932507001
1.3804892180957635,103.76988844606879
1.345547139244315,103.76012829075144
1.4192772022210476,103.90514452732685
1.3531528336734322,103.94803136058553
1.4310931138709893,103.7955697312475
1.3210223982493623,103.73817617493243
1.4407704540612043,103.77731785526704
1.345540835792507,103.95902411769589
1.2852367424825766,103.82310308251144
1.370834611937512,103.84355752192475
1.4352675598070006,103.84181454568991
1.2944363593709474,103.80493885575854
1.3751204740016851,103.74354673253187
1.34456617264324,103.85128756954315
1.4019205433862638,103.90334691899649
1.4404217543456739,103.82857089198731
1.4439410133011028,103.82808041552586
1.3693458426449854,103.89593245808584
1.33875779183803,103.70170059826737
1.4182002327257432,103.91242476790866
1.4296847335081413,103.79721326157912
1.3968904985061925,103.74892126532498
1.3515851358888054,103.74445224697085
1.3991919010714564,103.74471020264211
1.3752389040906723,103.94796528055547
1.4530422428974767,103.81853868897477
1.3582045119589892,103.88437040341992
1.3207258070730048,103.8533902093479
1.3919226654259804,103.87427587927115
1.3346862438366631,103.84800035216499
1.3442307978962797,103.71372521909116
1.3706871301843222,103.89429437210825
1.3228818149701882,103.7708746336057
1.4015548420519475,103.7517074191417
1.3799576760532226,103.73502795527637
1.3236431147645509,103.86828949436088
1.378239216385665,103.73976159065663
1.3594894177578551,103.93413063033998
1.383828145160185,103.77071891328596
1.384014712229666,103.7710286729946
1.3838262822936218,103.77134793049125
1.37874855382049,103.94119025499808
1.3599767566240983,103.84307025134508
1.3315878798486922,103.93197942096147
1.4353949554852596,103.83550383489145
1.3314428153258557,103.85535105853847
1.3714700028187181,103.84481160987745
1.3716398399447474,103.84368549574799
1.329608317666788,103.90140301380178
1.4266518613442882,103.77268962635965
1.3369022778162303,103.69663862687314
1.4432274524757664,103.7772855077202
1.3950066426550451,103.91195382157302
1.3641780364873886,103.96168147749104
1.36321918187778,103.89192615959503
1.333760424632822,103.72248038230838
1.3332455799646519,103.94034461731374
1.3490510220233727,103.71844298609416
1.371224535699432,103.8435909910793
1.431171365159325,103.79857699430188
1.3371606012125201,103.69510855131725
1.4377566473662133,103.80244862005844
1.3634164722588413,103.95452502730306
1.3709720813458433,103.85207272400186
1.4437763183685417,103.79632447595625
1.429003217831254,103.8413192026058
1.4408959585099026,103.78951335436888
1.3658515271357865,103.9543719303503
1.3516112933546502,103.95775090527457
1.3529155970214657,103.96288550039796
1.3496256543766791,103.88914227222206
1.3083677019662876,103.8858326418357
1.3273269194112156,103.72357782975125
1.3664580778992867,103.96464948037013
1.3843017397539055,103.76652735268516
1.2902696096856034,103.82168226609197
1.3561134449730494,103.93174449094893
1.3332669143046323,103.85903130951333
1.3700349333962294,103.8446048695062
1.3976784509063764,103.91990336186927
1.3261535705449703,103.88602371764276
1.355151185530879,103.74169845530021
1.4561045832229316,103.81404680138296
1.3701958049333298,103.84336442774966
1.370484538834952,103.84479850033865
1.3729986060892478,103.9541157305885
1.3083344746309757,103.80022996442432
1.333917786819958,103.85206363477616
1.3821129239739127,103.9383443319219
1.3929974823573699,103.89879781937215
1.3372495540637843,103.91890974548014
1.3155005637002053,103.85035323947373
1.3214252944508755,103.7670904397358
1.431659781822281,103.77810164093455
1.282971392998826,103.82487840742739
1.3518729439877357,103.75362862251067
1.3318420155805948,103.93240785146749
1.4303503290376847,103.84261987083983
1.3462582886174228,103.70457031323487
1.4039008626113991,103.89566192154197
1.428416749055319,103.79270450028181
1.3865057103151557,103.9021312391311
1.3412332115235814,103.68521458292169
1.3549143731803326,103.7346230869282
1.3251537711889507,103.88562704869913
1.3322883490091908,103.91038457340633
1.3850668604863452,103.88280348296558
1.385130206133496,103.88361367454772
1.3766036141233329,103.74008699986783
1.3760718747496614,103.74022656308041
1.3265741060450245,103.85681557757835
1.426189859419237,103.84356722990492
1.3614323703018867,103.95355144203252
1.382643728985695,103.74792795783324
1.419125911260903,103.91297119942217
1.3696633588857465,103.947347844287
1.3303240531945146,103.8862017513321
1.3735549760956043,103.89309669394726
1.4044993637968837,103.90794080897922
1.3929238068815555,103.90680860827513
1.361736500859405,103.73337207347295
1.3377533832786141,103.72208954873967
1.3666036701394737,103.96169283638814
1.387756904741428,103.76631219868315
1.4551859782644916,103.8163572232806
1.3983655068250753,103.90266226439483
1.3358495687540923,103.93782299273066
1.336568381645453,103.72018367690077
1.3698817078674552,103.88099229185067
1.282254889300425,103.82632885853745
1.3961172677307148,103.9016867846091
1.402167829569918,103.9177784729244
1.3692715403897557,103.89523283345646
1.3680831352153662,103.95640815803071
1.448456749954155,103.79987882288374
1.3477855955948843,103.87379414743006
1.3876473450206697,103.77116941487483
1.4336598428815677,103.77589250545442
1.3361476038093854,103.69781432801774
1.3257594140840143,103.84305199881744
1.351898533150629,103.87323301784296
1.3792452137340716,103.84378385348663
1.3679557887073155,103.85595798232443
1.378336781094196,103.75294184926457
1.3710060743506463,103.87033687831887
1.4260599593806782,103.82899501547047
1.3554451721220893,103.93445939790563
1.4024598989958663,103.89619423396995
1.3138567167765143,103.87443031567314
1.4171213251256713,103.83933028263328
1.4165929124089722,103.83740722230698
1.4308361821728037,103.83424882645915
1.354324754747832,103.93511163390701
1.3972298370182106,103.74893180336568
1.3968685978484916,103.91540850335345
1.3942728557068231,103.87555606138616
1.3322575601513658,103.88561538597355
1.3284431910329892,103.88532125545808
1.297067876359264,103.80605230802682
1.348314575010684,103.72622464853283
1.4538969621115292,103.82030189343163
1.454221017385718,103.82011587062546
1.3594343284068542,103.93366353266254
1.4552977395931919,103.81412461753575
1.4554574846849968,103.81458136498777
1.3655307524688516,103.84183269507487
1.4309191672449795,103.79777778519248
1.4439689453363271,103.83048397668608
1.370549358970207,103.95018087571316
1.3794312390740393,103.76669008090245
1.3559621473434686,103.73239861468265
1.310633111480339,103.79147915298708
1.392443183419094,103.74783707753504
1.351373000573378,103.9400446416029
1.3383800031804503,103.77263795564365
1.3627577844881673,103.74916162558341
1.3363952266212735,103.8521065974508
1.3799918136397662,103.7387928910497
1.3593722019223717,103.75016065221122
1.355399714513314,103.93671499654147
1.34280394608074,103.69485131023747
1.3626940172290725,103.85648870818964
1.3406109348583768,103.69401418483312
1.4041586052325818,103.9076789603283
1.386687684680459,103.75975695869018
1.3482150689474417,103.94127366682444
1.3720000150233547,103.89839277504554
1.3596146532121047,103.88776019051174
1.343785887587409,103.71509385314681
1.435179715027438,103.77604675789229
1.4360709591831182,103.7759166687355
1.3646960559980963,103.74671329490567
1.4473781473282288,103.83440149828111
1.4275904946474294,103.83429091402148
1.3775554712604101,103.84055059162255
1.3261225755619195,103.94210284228853
1.417264021070087,103.83110727156455
1.4528847699253524,103.82143101482052
1.4530760901545314,103.820654331633
1.4012265638994879,103.89980302350698
1.3402495688196192,103.87180462081234
1.3511753443803949,103.71849872882532
1.3659857073558033,103.85543003894213
1.446606611257285,103.80485939549975
1.4171314135090347,103.84056369420573
1.3423276239105548,103.95730529130957
1.3785164798937306,103.93484619117712
1.3238490802500362,103.85578539038403
1.4379492231583235,103.79706023942143
1.3685033229426264,103.96062150492902
1.4339734684357939,103.79566231447579
1.376068073051395,103.77276596506172
1.4413651766389088,103.79981327110809
1.3416915092750594,103.70146951443412
1.3628348907937833,103.74785958061975
1.298247236011879,103.79857522611626
1.44951331425867,103.81683759959164
1.450472861594222,103.82513848168342
1.3085203333535405,103.78651082351865
1.4496826373955507,103.83280601822672
1.37759422558138,103.76723351189219
1.2926152258649324,103.81187352002844
1.3375278091893659,103.85883137138872
1.4438671435323367,103.80122970428451
1.339138896129675,103.93674990685928
1.3698229348215096,103.94787949569555
1.3692957185894492,103.94730544777514
1.414831418218647,103.8397409266475
1.389762371814748,103.74249612321309
1.3653024207599083,103.85413991206292
1.3218054257994343,103.93639810189065
1.3005851201455227,103.8536524296971
1.3414382395674256,103.70966878007852
1.3869528671810527,103.76575325753114
1.34948128472254,103.74628244240063
1.3936933197214805,103.90677348030752
1.3766274782646317,103.87880016268012
1.3929189239399162,103.74430993285398
1.3048556981987942,103.76798543999018
1.4410892927208685,103.7781244292386
1.446040120413917,103.83438591245437
1.4341572448339086,103.78396210081318
1.3889917832551444,103.87955908834853
1.39958759296114,103.88982069743031
1.3939040133450329,103.90578942459135
1.3445554240506061,103.6896640970453
1.4020429503218284,103.9065293189186
1.3562801662196138,103.84589613873085
1.3974304585105506,103.90479088532548
1.2926456633276813,103.81089398368542
1.358861844604953,103.93602466140936
1.4419196407797397,103.77202601348552
1.3708799614993759,103.84480881446623
1.3548861255776288,103.9306063340852
1.3267744547399216,103.90297693305621
1.2856036008360379,103.82630493641715
1.3781723928904883,103.89541863730885
1.3728018759789937,103.94652477072263
1.4032169994039003,103.89539897999028
1.3085071592504793,103.88780611286941
1.4042500885615077,103.89876031401816
1.2844887475309628,103.83410177045997
1.3712373692717557,103.87330488594657
1.3679450054411557,103.95701757722742
1.3771566289477546,103.93990914324192
1.3468239362246264,103.74679241058958
1.3241562501947364,103.92387085466926
1.3516938820017697,103.88767742156354
1.3055418186828307,103.78560209069505
1.3230922899252504,103.88761053483731
1.340391282317376,103.84911125548027
1.3973180296570331,103.89632522205979
1.275382801156477,103.80929797474283
1.4499726705900657,103.82426688537275
1.3891917409808656,103.77122745120107
1.446984557715524,103.82218345147858
1.3993084169869192,103.90091749317527
1.3501044331855439,103.7486248198705
1.3251813214728543,103.93088621777046
1.295740618946339,103.81037911465893
1.3990565981986598,103.91043408721085
1.4446154271637361,103.83272660599806
1.3877585776001504,103.89866079394059
1.419467593392387,103.8461303863805
1.389920924775262,103.91000106425362
1.3036232630702034,103.79980551316157
1.3409620040205943,103.74745397291379
1.2831348914374996,103.82605823472747
1.4384159267659475,103.83736011328047
1.4044987241160545,103.9044439703438
1.3471082351438244,103.72033320309372
1.3425121551373538,103.69966701644304
1.408028681332738,103.89637596296718
1.3497962825591567,103.75101402191981
1.2758025194860112,103.84259028371565
1.2988465761987824,103.79709716670136
1.2977490483459433,103.79776382836808
1.4195824749379442,103.9126917681074
1.3613631362410454,103.75118669127207
1.307842699436349,103.8847736603199
1.320270929095438,103.88240946705591
1.2822995481255455,103.84353135019184
1.3963010422959454,103.9080164172508
1.3530395500995236,103.74388416492623
1.4382499602647494,103.80249324815361
1.3251816548540694,103.85480359104248
1.3869516392422259,103.90220398257075
1.3460593518743151,103.74141875793482
1.3739391866450537,103.87965713162474
1.3942038608113612,103.90761685028818
1.3801149701353885,103.77195321932547
1.387852047789559,103.90774741089409
1.3415729028466616,103.74560232571501
1.441826358574978,103.79785056948755
1.3588793243142114,103.93506069118727
1.3215957184586964,103.90152329076908
1.3860956774575672,103.91325498393417
1.3823066907083292,103.94323592410996
1.323332867635711,103.8895150006631
1.330182931548073,103.84491014836233
1.3938801919645238,103.87860931766947
1.3542975310600796,103.71975830601114
1.3767289572056127,103.90182373840618
1.2729756201577747,103.82021184952922
1.316238523826223,103.84885222983358
1.4436443453818502,103.79881175277463
1.3535177099820372,103.93532609185536
1.3881509391211144,103.7731542399654
1.3301330874854367,103.85581812466519
1.4335633291811245,103.77833793204715
1.2719344769980558,103.82648317836414
1.3546640464448645,103.95353582084832
1.3622923098733442,103.95418510909569
1.3365346903705784,103.85337756288689
1.3357375047906261,103.84937038066842
1.3371428665825364,103.9198763949594
1.3743065953965035,103.87968317717105
1.4509031125468168,103.81997169549037
1.3582187943195703,103.73153208931107
1.3397707771431713,103.93721454950129
1.3649160726213048,103.85518487686684
1.4297406861295954,103.77909808391166
1.3120333919100682,103.85173307600861
1.288421751444783,103.81737514027192
1.4494020576828517,103.8178250078977
1.3860640492296734,103.75822753112463
1.3429582993108011,103.9517266398968
1.276852528905506,103.8099453146522
1.4056499226205066,103.91196369494084
1.4444217339429142,103.80098464329616
1.3757596729742874,103.87870979067795
1.3007509731148343,103.7975835123702
1.3506078062676943,103.75879226514257
1.3662406102373394,103.95401490968624
1.3403119749703594,103.70772040203228
1.3410424731230273,103.70761511997401
1.381619860032485,103.9438504811975
1.4391023142769928,103.77810022168168
1.4398936210500939,103.8015475484154
1.3550045572588807,103.86996894645627
1.437522925456335,103.79832981471647
1.3832600149590535,103.77071514268833
1.3741827378946636,103.87460730277219
1.3485070125315786,103.74205529205884
1.3214642222399924,103.7398073097558
1.3741173820280497,103.96294533512858
1.3553744359591922,103.93168526159288
1.3412783869556701,103.70231540494065
1.4371845732866673,103.84029226446894
1.34485277857977,103.84839636542138
1.296300034338881,103.80446201027078
1.3754533342397994,103.77104272327885
1.3844181832801197,103.76324160958605
1.2865340338266271,103.83316615475151
1.3873848343779507,103.7708238642802
1.36841990031808,103.83924702622303
1.3680463484626415,103.89858115317651
1.4044492049926949,103.75012786756068
1.3412849530914046,103.8464064152061
1.336255827310639,103.93394516705229
1.3932130675540393,103.8999408328254
1.336705829537235,103.85179675714141
1.453386745856836,103.81605436470211
1.3371698361574584,103.70338750071721
1.3656402778488554,103.95903174710645
1.325265314616205,103.88669002591952
1.4334230847906066,103.84335607364994
1.3235058343915345,103.73787168186355
1.336810244299843,103.8626480762032
1.3550984221370037,103.87144430630418
1.4485034056658521,103.80147011607804
1.423826872590435,103.84731207838387
1.3478526516422062,103.71637926486703
1.4379026518828262,103.83698323848482
1.3884706559190354,103.89242631904625
1.4041693841023153,103.89780521919131
1.304116475106683,103.79931863006628
1.3183091511444267,103.86292250594936
1.3929134812941555,103.90516751973983
1.3671014931699679,103.89475662937053
1.4333274285466069,103.77647969063672
1.3335367397052247,103.72265954990526
1.4479354668365119,103.83127473964701
1.3795561300387453,103.87887796310781
1.383053742176334,103.77049578186168
1.3362233388019293,103.84436366462755
1.3979522260612742,103.89739454715368
1.3681954888852172,103.93388088344359
1.3677419069402044,103.93413746005103
1.369909374394063,103.8560777930897
1.309340096238746,103.7844101498302
1.3624122059156483,103.85102232407984
1.4152996292618323,103.83997655676444
1.3914328087052668,103.90659640157902
1.4315624279131665,103.83277344690462
1.4193816159004125,103.84323599652046
1.348043177813301,103.94168453762194
1.3708472424742502,103.96315889201114
1.4315126462236762,103.77637266319903
1.3740632493309763,103.83885783521274
1.3405067760456462,103.85104957242916
1.325917613235064,103.92582180007675
1.279429406903786,103.81791319606549
1.4319462356165165,103.78111515256957
1.3692556728869958,103.89752516238099
1.4500741167404505,103.820760635705
1.283601591546903,103.8157852763742
1.305631116400776,103.85079353056473
1.3380966347514107,103.70276566333297
1.3772527243017336,103.74831477391531
1.374801297116146,103.76507420924469
1.355999967944501,103.95863236295311
1.3219206077065757,103.87031713227164
1.3994098840239024,103.90044254466153
1.451626315403411,103.8184819831424
1.3109722741447707,103.79238864555757
1.3500889579090984,103.93483088052865
1.311150219449459,103.76640105914692
1.3983166267387726,103.90888853883516
1.3570579291874787,103.93991523858199
1.3794545894898815,103.73807738735675
1.4426321951509953,103.79173727685654
1.309405601341113,103.76979821794868
1.4412455880934252,103.7764407520087
1.322301802532075,103.93977056689796
1.3788941846160874,103.88972214769471
1.3548950089257872,103.93971766330826
1.440852953014484,103.78625695482451
1.344628756145851,103.70463988313786
1.3881046072772605,103.89478418363062
1.3619951747187422,103.95476191124885
1.360754348939784,103.73629519497892
1.295799097251333,103.81281328168033
1.2960584384607536,103.81136232106624
1.4438170643726647,103.8283273060484
1.3328487415879944,103.85775797598203
1.4404822571921527,103.79446510641566
1.3742356011262258,103.88036567697748
1.3807375988179182,103.75123404055317
1.3477164317994113,103.72419256215944
1.2863035259795421,103.82889750275385
1.394270123849509,103.87814857917768
1.3943849556624586,103.8776734532601
1.3758349493654438,103.83616483717432
1.3262362062563233,103.9408294070999
1.39209379133197,103.87525383973342
1.3917674033707845,103.74404705926652
1.3458848019652079,103.85331500791935
1.418636763216132,103.83516737849189
1.375572892653056,103.74094027636431
1.2898557863828561,103.82867119413464
1.3614903568328498,103.73730338412655
1.36200126260214,103.73743566752252
1.3788963353198762,103.88383714723724
1.3969447053998914,103.8974529077903
1.355065259465419,103.93724970864686
1.3287367533033192,103.85077246112094
1.3790756680115943,103.76262380575288
1.2772665337919429,103.8429278211641
1.3553681194170761,103.83686187914589
1.3237978072437313,103.88840104582299
1.314804484786358,103.89588601496457
1.3491023499024932,103.69616889336645
1.4228630068832968,103.83915880174567
1.3851929739601236,103.75852942329131
1.4442792339402573,103.82797943561093
1.3764538966042288,103.93282509758454
1.3402098559424251,103.85157643743098
1.4401048263623715,103.82908839722627
1.3505712759131643,103.84940182083173
1.3487027325311969,103.84852057160201
1.3565721829541268,103.84229522421005
1.3708677367856006,103.8563505943273
1.4350897067696597,103.84257471352127
1.3730619009719467,103.89574246035079
1.3989234840392915,103.90815204037789
1.3452896364017815,103.94618120975855
1.3981244309520449,103.8774329087638
1.3626449819636837,103.89194576042797
1.3712606323200751,103.85705664847995
1.3515551900342968,103.9571791348853
1.3800638152453515,103.75415728260705
1.3953836362602703,103.9100341772259
1.35850476461154,103.93870111811128
1.35943818259135,103.9389214298545
1.3708189636367145,103.87114739354405
1.347158851040696,103.93399211271235
1.4341197248052662,103.8370546088181
1.355121176298766,103.87203185184524
1.3474799160975313,103.73051552368818
1.41677360044008,103.84157590861453
1.3540920077872902,103.95875321712147
1.3757152839258127,103.73971909273968
1.3761277393456435,103.73969289430323
1.3278108862227564,103.88716015389977
1.3400799687574605,103.72134601777002
1.320954980457369,103.88412456989134
1.4009854435005875,103.913616412278
1.3596440057900971,103.93715101373287
1.3544509486087757,103.86714782183864
1.3888384255241426,103.90348579656938
1.4335690656789324,103.79809242180909
1.3306483261536517,103.92695936499537
1.3737164598051277,103.87613221501765
1.289380847411506,103.81523567837719
1.4412541674029835,103.82941215194123
1.4419434202469914,103.77319422664517
1.40392773563198,103.74547018160155
1.4230458362310237,103.84904664499473
1.3527960927879448,103.7024635836112
1.3588541781299155,103.75046928475213
1.3771169705980593,103.76863476873562
1.4205374645639757,103.83360655204238
1.4299841028856126,103.83984282779785
1.393635669188085,103.89428176056546
1.3249052136208648,103.88799778339052
1.3398883726596345,103.70066003300722
1.4462396065072733,103.77308796049306
1.3521530217735498,103.88423372976156
1.294022278025496,103.80820972270455
1.3487980441173513,103.75536609473004
1.4513503867238529,103.82020724881579
1.3743844202887705,103.96249937561167
1.351018687506399,103.95817644342154
1.3392091511618198,103.85444363860067
1.318645852856816,103.85609152256676
1.3162621161862984,103.8788996586997
1.4196401444034088,103.83549745671445
1.4197965971592594,103.83602971504389
1.324086185893481,103.86859195422498
1.3867275550916556,103.90605355549282
1.3565488961610486,103.74273569768754
1.3982644425993505,103.9056651250025
1.3532470469464206,103.93218366263913
1.3480150834201594,103.9407663502417
1.3489811494911526,103.69784795116588
1.3520268063369871,103.83695932046527
1.3608816018621903,103.93751211372582
1.432893078789728,103.84004008894838
1.4434894895109773,103.78869234833863
1.3529062412466217,103.95362149716952
1.3200121166742471,103.94459300219704
1.2851562184701946,103.83103906408395
1.3030706370398035,103.85064876879981
1.4513766834500843,103.81804068521338
1.3924946897175006,103.7456502753357
1.3391414240686998,103.77538375695734
1.3554265064225997,103.74194902884133
1.3786592468904677,103.76494453287069
1.3822047318867237,103.90293411994831
1.3037617315930585,103.91417988513406
1.3300413157268567,103.92993196195404
1.3316125889488326,103.85708386942633
1.354986515414936,103.94592186089842
1.2876259273518789,103.83144277018448
1.3907612351971776,103.90720915058853
1.3519065183915657,103.70287502338105
1.3507111610102307,103.9451781538965
1.39973469809075,103.74716397958746
1.3207769727261802,103.74163357106976
1.2747000420939898,103.84049497622883
1.316635751873088,103.86103347598326
1.333966558491963,103.9428938445632
1.3527007655932086,103.74257148108379
1.2907042854955793,103.82161503742991
1.358297534937471,103.83131820676468
1.2777875346202612,103.81940998040228
1.377671715078428,103.87830966742392
1.3904543968835987,103.74618595095143
1.3310067421542904,103.88655235678465
1.3833799019116961,103.76359883172677
1.4330080330516994,103.77394838567112
1.3457538116917434,103.69767587857072
1.3307693774898175,103.72190925998437
1.425786423720526,103.84527541529823
1.3609516720602814,103.93942338036783
1.44318803500102,103.79907220538384
1.39459610178775,103.91423534695896
1.3455079935424894,103.95055216250721
1.3377236555188683,103.92226514503072
1.3384776007753028,103.92175049453715
1.352581637750685,103.95947246844923
1.3487430704013443,103.74506189222245
1.3570475074985688,103.73787259689475
1.364695743055797,103.84698670131829
1.3751925670855476,103.74155847428696
1.3217432302505807,103.9037044959642
1.344136718656335,103.71565702400254
1.3352055020659883,103.8787174831448
1.3643128879517512,103.84677611227045
1.4256776354391534,103.82906873121664
1.3036577523858512,103.86356746391807
1.334697579761286,103.87325242828446
1.3714908001150266,103.83850880369422
1.4148319253550947,103.83246719442558
1.3102981704922703,103.76039251468441
1.346972060453283,103.9373547121081
1.4043692682964968,103.90478447230691
1.3789894091291646,103.73524167416437
1.373923618061897,103.83821264800673
1.348267183364126,103.932557648977
1.2975095934549796,103.79874202896909
1.3886800595680464,103.9105155458841
1.344057782254267,103.7064376142451
1.344370009148713,103.74159004692004
1.309488098414727,103.79462987565685
1.3587486242964906,103.93770835191245
1.3780255593050708,103.75096592132196
1.342044519424263,103.74332075384153
1.366048994085391,103.84444615767742
1.3750166458795081,103.9362787454521
1.3608114563741596,103.95912126718142
1.2866304605051684,103.8095021851589
1.3106833868283394,103.78728749615335
1.4277584923916449,103.79464298046992
1.3792855287318813,103.83802378112645
1.319388764909781,103.8568621969393
1.3047301511940597,103.91309130448666
1.316819151096535,103.89812269589171
1.3324588599438367,103.94128715316617
1.3761229069247414,103.7363101659217
1.393296321197032,103.8694203889235
1.3737829203087462,103.88405404111576
1.4221935596260387,103.84070540617031
1.3774956536976941,103.88810068518687
1.3608971917461516,103.74704633023174
1.3236183703523263,103.73973566911329
1.385023646550764,103.89575621418474
1.3138076187714471,103.89691343934633
1.4288868826368486,103.8288958547897
1.30279325113041,103.88300001599555
1.3786743464192186,103.93987741994125
1.3798343222314664,103.84144356071258
1.3316842230797348,103.85939401828905
1.3776904723973604,103.74861987549075
1.3838693254841694,103.76306937330739
1.3404886763491028,103.69825197548418
1.338152296893084,103.77452447647714
1.2741366398852783,103.80963224382066
1.3828228828940183,103.94302872525107
1.3771566290006452,103.77405151750948
1.3329712847534707,103.85683152812787
1.325182148258172,103.93486115358641
1.3346790401312545,103.9277086721021
1.4352478322609645,103.83749251500006
1.2738232838863857,103.80691048337718
1.3613252570384424,103.74179797757162
1.3357704929151868,103.84510809505767
1.3607814907123585,103.75094828099542
1.4011816060388598,103.90092020948177
1.3535274929418943,103.92987608514326
1.3471701149996647,103.88887027029563
1.4419074992734477,103.77433417046839
1.3396841657096512,103.93632548234086
1.3511116086568078,103.93218861851442
1.3507281799588835,103.74850930950245
1.443926079295549,103.81670113425234
1.329349550743658,103.91158399856725
1.438572795352524,103.79650030446165
1.3799842051720885,103.75242959184311
1.2900856611530114,103.83105567137083
1.3600274844324276,103.93400037813302
1.3628995368065933,103.74755944540452
1.3187131872693203,103.85957230875859
1.3908036602135394,103.89002176202641
1.416020433001321,103.90171652076262
1.3967134749251566,103.88840380649876
1.3490291329868662,103.72964341693225
1.4019257972275898,103.91465402721919
1.3115805575491923,103.87272242674422
1.2869267156546815,103.82858706013451
1.281166096188556,103.82884432305343
1.4260261360834243,103.82994743579138
1.429255686404231,103.84835659677245
1.3548883792471325,103.89118962362129
1.3579285589629715,103.84382807811998
1.3754360323837647,103.87757010847993
1.3586314662476504,103.73490277142706
1.415874513659836,103.84068356754216
1.3059187770113503,103.91386105959475
1.293741340425794,103.7997427595456
1.350248845910051,103.87649311937686
1.3846088985957181,103.89750491922858
1.449261229116482,103.81739308763501
1.370424653990228,103.8374384352924
1.4228691921788161,103.84043253321217
1.3784493274491334,103.8880553493019
1.4394400595235777,103.80590189854124
1.3437539063108792,103.7389343158845
1.3487521495094672,103.8892297986366
1.3912114085324416,103.87517082160495
1.4156238853282808,103.83355522671692
1.375109451806225,103.93605414140151
1.4280333588115,103.85096827727668
1.3473229080601359,103.72532313113219
1.3310879190576497,103.9045241133309
1.2865415615614715,103.80825823981839
1.4234153089460464,103.83927890764491
1.4554532903145876,103.81545717471198
1.3624919522405816,103.74503854863066
1.3318279522038357,103.91211970931734
1.360424453327249,103.73707029349565
1.3585190654006314,103.9371551140851
1.3363167550897803,103.93444303845479
1.4377391794296386,103.79917309493119
1.3632219963444039,103.74664060414257
1.3477540671979236,103.85425862094928
1.3803207946964775,103.93825126975685
1.3387684126534258,103.72066820036089
1.4398873157756038,103.79612329810688
1.3546765255230433,103.84738204154027
1.4417188299597865,103.82869859765115
1.3337315929505622,103.85903130513557
1.3595731636076187,103.73048354789022
1.359369403330376,103.73099149438805
1.3604819102702224,103.73132908237721
1.4292307647920934,103.79372139445809
1.3382627537449985,103.85841055373344
1.3387477086627104,103.85919389952865
1.3797351376828557,103.93618363986833
1.4525162054135219,103.82051907982371
1.39576759195192,103.8893303179422
1.3034587238377444,103.85071374840517
1.4498608536027742,103.81994538208866
1.344808706931593,103.85432413910814
1.3505506337187232,103.93517499094666
1.294263835542229,103.7997191439523
1.3564055781004727,103.88365818672592
1.3858871121548355,103.89709669264005
1.278897339673051,103.82769622842257
1.280963259921916,103.81019368807777
1.3715318001040488,103.96295865982422
1.3315911687551636,103.85587264541547
1.3824273871434825,103.76402055426078
1.3511856741089736,103.94055604801642
1.3374220298311028,103.7749841657664
1.3044708713054294,103.91817414503515
1.3296467531913925,103.93026056316589
1.3798292971458022,103.75041100559474
1.310844067822421,103.7607956966008
1.3358061728126156,103.69361794837704
1.3775688259562353,103.76498270881915
1.3517600230284714,103.95832169741279
1.3933948231319337,103.87664767043437
1.3671936411973318,103.95963386921765
1.347319897716622,103.93474913005326
1.3553793058623842,103.95352100804006
1.31838603616027,103.85995975492264
1.2882186337505017,103.83987487101926
1.401980737385914,103.74615694361992
1.4029419316986436,103.75206636487141
1.4431135425459982,103.78897527235497
1.352577530328148,103.95986273968083
1.393640895310353,103.7454647820428
1.4548289048560585,103.81579351802729
1.4527743854423087,103.82323041756561
1.3189355001428955,103.86191345013908
1.393908455853838,103.91137842745414
1.351018495798461,103.71759030647168
1.2889406383310729,103.81346501245967
1.3495771568522983,103.72080379086468
1.3506953940809925,103.72093094614942
1.4258894064848568,103.85231157245337
1.3957108456878924,103.88807610977791
1.3493470841239512,103.74528885458069
1.3206446648035666,103.94611351040925
1.3030137324802897,103.76213616792917
1.3553022723586776,103.74187762640966
1.4520471265980497,103.8194782574501
1.3471468214697162,103.74985077468263
1.4510549973134523,103.81903922237744
1.3743921488111157,103.9472577265137
1.3932320452431814,103.91077816875045
1.3136556806238455,103.89606996092839
1.3563860992360104,103.9486938895835
1.3928483285058368,103.91047050884366
1.3826073148038251,103.94341101269515
1.4363125328838773,103.79836012447598
1.3573600049213892,103.83928667228946
1.284780011801876,103.82440090045257
1.3293978043485521,103.92903914726698
1.3448454271891015,103.70372005512925
1.3786651866495867,103.93395675686604
1.4087270505143357,103.90522017159174
1.4002766746773339,103.74757399211462
1.3967361425991183,103.91079910105603
1.303746587721907,103.91144724664083
1.393208814854589,103.74676148439043
1.3379689346240955,103.74490097892308
1.3684289371586937,103.9536020439939
1.3554293282013252,103.9370966711839
1.3419942736903545,103.70248355749146
1.3700631161490273,103.89723076546
1.3562017885601358,103.93673494373668
1.3532680620456392,103.86579746342069
1.4021504699224856,103.74749600765601
1.401357022091154,103.89117876519823
1.4258171863164533,103.83070905098181
1.3221622749564765,103.76491092588857
1.3741928076082686,103.96138678618351
1.418981905148307,103.91100265975449
1.3978529211777837,103.90013450472577
1.4518677157020496,103.81899764622601
1.4139018614096732,103.84013099275252
1.402676062840337,103.90463527773484
1.3220296547300514,103.76602247687599
1.3802480471776841,103.7524240039697
1.4015771241223927,103.91447215824765
1.401263237172388,103.91481125236135
1.3763393773711758,103.7475211818605
1.3296173779807152,103.72147611368285
1.3597733877933542,103.94627576994323
1.356959273466846,103.9392571759253
1.338409246386902,103.93828920987761
1.4026140520402013,103.91408084941364
1.3095787267573686,103.77060916255871
1.3916495960276083,103.89231192342221
1.3359665094706479,103.8521271227123
1.360472453155824,103.95006514670195
1.3381689816637847,103.69621780903975
1.3327218982934896,103.92346048499323
1.4358092089010914,103.7730244674342
1.447451763061045,103.80390413362797
1.3804218061162767,103.84356627389738
1.3809034760635215,103.74650916411186
1.3759288416539466,103.88743822519855
1.3754071237878396,103.89333212237825
1.2816450715062349,103.80772226565391
1.4156215439954902,103.83680676543835
1.387430661602837,103.89961874879918
1.394619792423308,103.90462742010634
1.3735741066141731,103.84573265574681
1.352040647334024,103.88948316623252
1.3586644723885366,103.8463408899786
1.4500635288652697,103.8188899892208
1.3704642320572045,103.93533179954368
1.4185681510943013,103.83177276765035
1.3695834101040512,103.95491921295897
1.2847884217223786,103.82351322713957
1.3764528552686208,103.73724754470821
1.3584148178420594,103.84830096743583
1.4180625501473891,103.83698562683162
1.3369280689171261,103.86325280262221
1.3950810120883843,103.90395038249783
1.3480407977251785,103.87436344026088
1.3860794611412466,103.91232944763523
1.3765945763438794,103.7474516218603
1.3307360870356204,103.72234224842191
1.3696121684379992,103.8972285045038
1.3624630789881131,103.73527331927131
1.3616330656079656,103.73511796852496
1.3485059200749447,103.70077921541983
1.33634738855256,103.85070853880951
1.3758021268390137,103.94079992796415
1.352257890244227,103.75395833746728
1.4486263468337823,103.81482060596917
1.3906530319877857,103.86961071528964
1.4490271054748805,103.80317039870627
1.3434517752115127,103.87553557659326
1.3116514789061995,103.76174864417864
1.3824034346511016,103.74087196080171
1.3771939972246283,103.8938461186248
1.381644319211298,103.76398596948027
1.3115865648685547,103.75990340905174
1.3087974178014725,103.78621775959452
1.3547659501499676,103.75088965840823
1.2963585666320996,103.80701383594175
1.3488265128061265,103.84867521043945
1.293893630357103,103.80498325635658
1.3284861923538802,103.91997704617802
1.352305320098495,103.70360769077989
1.285141988295757,103.83049594854805
1.362193259663877,103.74765126863096
1.3445813225052985,103.71902266794291
1.3380169962509618,103.85700392208581
1.3385223206359795,103.72289584303164
1.3600115647711022,103.73658933378148
1.3898058293121502,103.7683631590541
1.3726565708085459,103.74386726429496
1.3538099421249417,103.86695006226745
1.2951606367465944,103.80514833999017
1.3986270835957029,103.7486061952278
1.3427402553318855,103.8551498016948
1.3590049767423311,103.93715455930993
1.3766087350994871,103.88071598736475
1.3257332581393109,103.92915437741577
1.4294712117989332,103.84912248621707
1.3489635157643989,103.6966961785576
1.3742972473210096,103.7388059253484
1.3800606863361515,103.84360455959389
1.431629728151265,103.84128518210706
1.3715481581581177,103.88061645597051
1.3227744605553649,103.86919605597721
1.4273160482316363,103.83751027262392
1.3848340198275955,103.89606418463636
1.4354030323731755,103.77421646248207
1.3939647693246084,103.87536914417548
1.394364474151164,103.87633550243412
1.3121607049024986,103.75934913579813
1.3416317406505864,103.70568298662272
1.4289780765229037,103.78955216597467
1.446317754165261,103.82942194009428
1.3955329646426706,103.8987842970912
1.3914411669817437,103.74389868235781
1.3262016483876822,103.90054012174821
1.358319635405542,103.8460991265144
1.3619937867555834,103.74460873407412
1.4190151641221391,103.84041315508897
1.4318665791933776,103.77622945079986
1.2863679457944697,103.8295539096039
1.2863671070417548,103.82906969198784
1.4425294700914106,103.79771829500206
1.4303402607796876,103.77226007265493
1.3417576540770204,103.70477478453408
1.393645772196911,103.89088472165479
1.3253615271577983,103.933197077232
1.371983640732319,103.95545393134871
1.4356447820193488,103.79469527777924
1.382657993480516,103.93750429236495
1.4461651695801787,103.81924662457963
1.3984679978770096,103.88953689816569
1.3393712990967594,103.7450726528122
1.3714369100071186,103.84178347787326
1.4336242463628768,103.77777036772623
1.3486476194499817,103.84876797427042
1.3491729648065767,103.84911003598236
1.335956556134138,103.72035047123123
1.3479337618964313,103.88862374532557
1.3980652166880516,103.91545267288843
1.345954965783293,103.70453233696838
1.3410033344219257,103.69532125592414
1.4431318171637668,103.83152564363607
1.3691659009419048,103.8416696693018
1.2888787134697839,103.82675061746976
1.3566594859901109,103.84492638336975
1.4289168326881678,103.82771231329066
1.3441414807681056,103.85560474458896
1.3042839390793441,103.90835992954842
1.3925309076915893,103.87664910519551
1.4079727912487388,103.89733523093801
1.3599647462671804,103.95348888812799
1.281111717160552,103.82650478334713
1.346249879127672,103.75036206334774
1.3809463239414426,103.74123255703574
1.3562003908708162,103.93754855113187
1.3758027148251921,103.90054230853912
1.3475285965231814,103.75579749792573
1.3489778276030133,103.876627211407
1.3772642482136703,103.94345404539882
1.4023947742943934,103.90512757071322
1.3415416075663107,103.69526250544736
1.362944551380867,103.73791531256354
1.3352534544330004,103.87299584199366
1.359121411150861,103.73444932334903
1.3935166740397893,103.7419187771842
1.4196965597528524,103.83492471860318
1.3903175274490625,103.9028609198268
1.360481422396696,103.84480769159566
1.308566459560501,103.88293493336008
1.3593851037049935,103.73419511646227
1.357772400481709,103.73582482749744
1.4231520383693583,103.84730729358171
1.3437068346583656,103.87666359966305
1.4385905170913016,103.79825674446954
1.400440871128286,103.9121047480377
1.3824757783828607,103.76167667754791
1.3837787651453837,103.74599931168832
1.3521626682056465,103.93866449767931
1.3275299444433137,103.93572655095038
1.3767859967231626,103.88835093040642
1.4290095096702355,103.78897820055732
1.3374541782162357,103.72239314989363
1.346214837966259,103.85587153619282
1.3284379809153277,103.84418637264906
1.369116780867762,103.93386245793852
1.3288342498451589,103.92213194085942
1.3568913580634103,103.84269518887129
1.327977597827095,103.85759489886797
1.41970938973913,103.83929648779308
1.4414278808056713,103.82864797156543
1.3482544771630673,103.70956549131267
1.413802440525682,103.83326989818725
1.3740345637449325,103.95894899448
1.3226194144005992,103.7379863364809
1.3167559398067443,103.87617665577793
1.3379212163548535,103.74663003633941
1.2792059543101295,103.82566285130024
1.382449273790366,103.7712655471643
1.34032844683047,103.8763047345245
1.34067945235014,103.87588010041023
1.404111241538871,103.74834534503341
1.3430414941608695,103.95601267226304
1.3707682824015517,103.87580949616132
1.4027547580946387,103.90328816786348
1.376306375841293,103.76993699079478
1.3825343415784772,103.89686083137263
1.3539113461800099,103.94986121471827
1.3443915393115584,103.71509753636971
1.2952610092498062,103.8119088768781
1.37879150614141,103.74302369088882
1.421320757854227,103.83562232611375
1.3775716819128085,103.75197183459713
1.3095038203853648,103.88896700647977
1.3566689738681452,103.93840486657052
1.4428674785424758,103.79890660034762
1.3769073873057602,103.73940756791585
1.394224525016871,103.90305717890155
1.2747309115263443,103.83623107528726
1.433657431514008,103.79966130654765
1.4456656935795742,103.80560672073551
1.418403177334221,103.91033153092329
1.347502451165827,103.74987206527823
1.3441397625148341,103.7398994926726
1.3796615927042175,103.94060553013036
1.4034791984111694,103.89361488158802
1.354065908937773,103.96157828021515
1.365499474543293,103.84273039018139
1.3875388689306098,103.7642710703024
1.3921647406329893,103.90589934141308
1.359858859149455,103.84467350271655
1.3207704835282312,103.74951106100532
1.3362719598213875,103.92197154010515
1.370875861712783,103.8786658651752
1.313467065605123,103.76987522675023
1.3435391291062833,103.74689265254275
1.3641388552218177,103.85667510154374
1.3012551365759184,103.79743665888138
1.3732378871858533,103.89531034352692
1.3190230130382306,103.76700340014175
1.3917222198931651,103.88548851692332
1.3794391551733254,103.89479154437497
1.3625814397319593,103.7486098192244
1.345649781017222,103.7498689802774
1.3548283405926373,103.88949166403471
1.4231175275993797,103.83964811684753
1.3877276584045912,103.77171107087435
1.3878916868704991,103.8990352568457
1.3440378692997337,103.69756471544262
1.3528895398363006,103.71484271437839
1.4416649068690977,103.79605233843165
1.3421410699407084,103.68984428538612
1.4028998647667559,103.9000605805716
1.3379294960103987,103.71925697577954
1.3555072954910319,103.93790722793244
1.3349196364698448,103.87938587904549
1.3576715514422342,103.84907798744389
1.359568886216856,103.74882903101424
1.4367406806147491,103.79848059275741
1.3359741371236833,103.72098457602245
1.3418901091962938,103.95262058240269
1.3355457704979863,103.93839907279774
1.3068327110103184,103.80148684659773
1.3647785486717616,103.89074048687948
1.306165990731484,103.85743663328452
1.3147986367946174,103.76424142809634
1.321916434050382,103.76221714185851
1.3180672151402066,103.85985159316006
1.3164086208114039,103.85945973944509
1.3160237547393574,103.85918914104737
1.3768444687988677,103.77477668799679
1.3934470987945895,103.74350570743472
1.3709846011026081,103.9475632477297
1.3713551782312057,103.94761203800591
1.2793258054318652,103.82725279504973
1.2930332680150516,103.80052885045333
1.3372650328685662,103.7022309663149
1.3320189844079857,103.84408382069162
1.3820332112695997,103.94302015016778
1.3773070323367544,103.73832375395867
1.3592156325132814,103.73478629365962
1.3817410740105633,103.89555831060473
1.2842030784055116,103.83105090658886
1.3079353926735315,103.7996375687222
1.3495828782965105,103.84990671468331
1.303961681589105,103.86445213626193
1.3461716770557146,103.73224314032288
1.4260344861714103,103.83422903771961
1.3231595561619833,103.90345609459109
1.322673142857393,103.90349418931817
1.3921710390958897,103.90750976274373
1.3501413120741073,103.70440003748436
1.3846252090834004,103.75870887364238
1.421020707504306,103.83397074844927
1.344251383543877,103.69042938427538
1.3334865242972607,103.8790898879756
1.3325142715305351,103.9385736573308
1.4005802931673266,103.90028200817093
1.363550490873484,103.85186353208407
1.32227250216367,103.76998221076711
1.301555065901812,103.90840849299771
1.369528822764274,103.89557876522011
1.3922444367398357,103.88500658529577
1.4333314878930214,103.77776610702136
1.3943644201840544,103.90274165003457
1.4010521954852702,103.90987777414792
1.405237148998091,103.90960808361879
1.3660814564322656,103.9596681272723
1.379819847412061,103.74825837868109
1.3936753203160888,103.87309329700426
1.432782753468629,103.8393957440261
1.3835402713966318,103.76141398612475
1.4206100267369715,103.84215582553212
1.3639923777693967,103.94203119825661
1.3989441956846058,103.7441813952348
1.3166565674460515,103.8061665127309
1.380569168085242,103.7375848807674
1.433192080182078,103.83143272016672
1.3566024697917296,103.93716344257761
1.3251417217444386,103.93060149501346
1.397363248472337,103.92034986836313
1.394582464776725,103.89132666890244
1.348720186682903,103.88835623798894
1.3482907746438129,103.88819317611014
1.3279752211666063,103.937922968769
1.3687184702782154,103.87549389187461
1.3023718306898844,103.88363978504981
1.2864709613362777,103.8039824142265
1.453722112469874,103.82085384305934
1.453277014894123,103.82111729276504
1.4535955660164714,103.82118646863212
1.4531876711472864,103.82004229220138
1.4008471269591796,103.89961088249923
1.36546055223127,103.93621582975223
1.3329632055290743,103.92259210668192
1.3986419563573353,103.90937666194174
1.3416692150032223,103.70435704509133
1.3841261845054578,103.73984911528751
1.3249749383394431,103.88743917651087
1.2880379022696526,103.81529857859947
1.380789042909217,103.84238303127327
1.2744453701247378,103.83487577964927
1.4513726568295262,103.8229993967648
1.294575797667396,103.80300623644283
1.3997989259056771,103.9010124073218
1.3741135388248475,103.88251585346875
1.370172006967653,103.9633109393939
1.371643811811371,103.85771927850173
1.3705672135470086,103.95463858122667
1.4210647407028538,103.8463347105031
1.3659748346241494,103.95873596660836
1.3105698652842048,103.78763997124209
1.3954454859408547,103.74552499466283
1.3795632325214662,103.76626699841044
1.3515055368399163,103.7231881033774
1.4324540503655205,103.84831552856157
1.3584493628249075,103.93906301827667
1.4479493421763372,103.82967480557963
1.4282396125263463,103.84275611202317
1.4461421354737454,103.8322482571575
1.3406988121955106,103.73632928402843
1.401613928889047,103.89397584267194
1.3470702708903828,103.8729899168838
1.3717165265973137,103.87989179678898
1.4180758884162776,103.83623266697886
1.354823163062755,103.95259844880967
1.3630231863853892,103.96257337590333
1.35301012181524,103.93600246102946
1.3440109263917641,103.95446282868993
1.4434795028650957,103.79247689081777
1.3777060201569464,103.87934775096647
1.3325010885202924,103.84971198086977
1.4028765480760863,103.91677529435484
1.3786515749342714,103.73981163717117
1.329872605318533,103.90327784530544
1.2865771810013062,103.83013122033617
1.4187140270815684,103.83210000709475
1.3279962456661738,103.88607688634569
1.4359559574930563,103.77260496078206
1.3769181143099392,103.74306408200198
1.3354964678346366,103.69751556399201
1.3321208880044288,103.85913136351682
1.3501502630507787,103.71543752814166
1.3446883245733194,103.70262068205825
1.349926820263352,103.69903160329793
1.4416792089841068,103.79268541889925
1.445041440341789,103.81822037419619
1.3766087899341006,103.7486892214205
1.320261747590489,103.86905286992551
1.3542211744618107,103.87380210440601
1.4283479997312838,103.8504415207789
1.3109847485699784,103.77158232266817
1.3357305006516085,103.85840528553027
1.4490615018544748,103.82945986196277
1.4486640753693867,103.82972545944186
1.3611565542883668,103.74277309506985
1.2878963311356464,103.83809202903345
1.4485542472754203,103.80330821418323
1.3245981464791816,103.92495706761434
1.3939732738997745,103.88841138053945
1.3601731597733728,103.74656908882322
1.4285917673190334,103.82773902318375
1.3297670888634854,103.93287157530702
1.3534366360937913,103.7158652459464
1.3293126786351417,103.8888885428827
1.3298804419986203,103.88861371985442
1.3418397871449752,103.73607175418462
1.3114938456999399,103.78828188068206
1.388162453951498,103.76999022218087
1.342216418060917,103.6980532864752
1.3076711482884327,103.8012473349579
1.3961805757254033,103.88960019200033
1.352070691699396,103.95031531696684
1.374068578732803,103.88413357652969
1.3540890330450643,103.95826575924268
1.3476118396709542,103.87319060729615
1.3928401980688199,103.74148212057554
1.3495891096653074,103.75180739173751
1.378177433317239,103.74399726192816
1.339105485090535,103.70339498107874
1.4465057941035653,103.81874647616885
1.3518498898063802,103.88995168174971
1.3666083000676668,103.84876827629616
1.3054276253953085,103.76748870918118
1.394277794155553,103.86962078533637
1.3501170411274073,103.71175215477035
1.4375292178784365,103.79346401103739
1.3947487331382626,103.87091724753817
1.3532610860615972,103.86864436541694
1.2751986833385225,103.84259417181157
1.3618890020947017,103.93750745981393
1.3552765991731441,103.95607971440168
1.348624367690854,103.7578916067718
1.3719376467371165,103.8803778178754
1.399873848851663,103.90950477543318
1.4316958007591538,103.82736957732922
1.3580224768412879,103.9458173436084
1.3466473517278685,103.70124865276232
1.3952605373563123,103.91447163127566
1.320790189431221,103.76233633340735
1.3890286642135157,103.7607895230783
1.427414350020126,103.83720570336229
1.36892776258647,103.96092952973724
1.3655242722226277,103.84697981517526
1.3458071570150498,103.74228846411981
1.3245851025364759,103.85495257766203
1.3611636386062402,103.84389318934987
1.367853387176849,103.95352576336161
1.414684515570045,103.83476932235992
1.3233845056563125,103.88662329494522
1.3317011527640623,103.90527417303083
1.3700074223220364,103.89632922073018
1.4438124962049412,103.8079451367955
1.3509294700806906,103.7590154588839
1.3283352580317718,103.93656529095087
1.4470210590239856,103.80345697898773
1.393670433126585,103.89582537431838
1.4081900470619504,103.89923061761998
1.3171452113463173,103.87653617680543
1.3748040054682726,103.74990581754412
1.3533555808669713,103.87332766923628
1.3652774223611284,103.84444044096055
1.3234951658004677,103.88994310124481
1.3409194849839414,103.70050019051646
1.4475132575875582,103.81591120503388
1.320089875786843,103.8590890326658
1.3438646470170403,103.69635168394203
1.3346066154810767,103.85579542497531
1.3352020932052064,103.87247517444834
1.3412687628802922,103.68928465623642
1.3313959120304968,103.93687621562148
1.4156624577949686,103.84144480712133
1.4378319485264879,103.79302337499007
1.2904106762883347,103.80304984346694
1.3661599290802018,103.96370632088633
1.321067659901942,103.90428543620149
1.334807228917254,103.93063400251185
1.3562370523657337,103.7391482131698
1.4336182332385012,103.82911460069748
1.3623276806600024,103.75222047703176
1.3751212402783812,103.83932549495367
1.366713886756305,103.88789002732257
1.316635630331723,103.7639340866243
1.422038216337202,103.8356378861729
1.4217359461546148,103.83556367429425
1.3747214200347264,103.94777703423449
1.3254066424148694,103.88562774975009
1.349357580077691,103.72467912137331
1.3415423615103914,103.70039863555199
1.3055609177069996,103.86356509613701
1.37492372894103,103.88431655206591
1.3753065109886993,103.76502114965108
1.4264925304826912,103.85061825347498
1.366858400138816,103.96312111699464
1.335991466258957,103.84896409604949
1.3540976839819034,103.93086563034974
1.3819988502242306,103.89089099635953
1.4170078266068478,103.836825885685
1.4195941538238979,103.83996781918671
1.3830198752383835,103.84178778728673
1.3939163978355713,103.88449537492578
1.3404503764094375,103.73839923218678
1.4469814662372458,103.80391024808412
1.3551947636050259,103.83628145728915
1.4308158826258137,103.79581475559422
1.3798401696280571,103.7650691336918
1.2978102043543798,103.8026475127559
1.3245368034788054,103.92794639203112
1.3785052059455691,103.75093322781221
1.3689796317089071,103.95221478675889
1.3573709771056248,103.73807043647683
1.3558296239091951,103.73893321677203
1.3365139176066592,103.72076032995297
1.3817643879193748,103.93802978411084
1.3886100526941225,103.87303582049944
1.358175846144241,103.8919438529494
1.3034726728690627,103.91540774037703
1.357460035658512,103.84295888389873
1.378026943669322,103.94105632634106
1.3126497685717877,103.78830844460705
1.3637298739087202,103.74761582150668
1.3267243134530888,103.90179288545146
1.3452292867101274,103.73146981116676
1.3405121933500888,103.68643817273023
1.3402346524749253,103.68591694087024
1.333717078642654,103.91301761391495
1.3306206128616802,103.93852642757112
1.3561863497348772,103.74315775035318
1.317987137710127,103.94634217404044
1.3421789202212828,103.69933149042876
1.3677724312103823,103.9606588678876
1.3382372945195449,103.92189681484507
1.2849446441275547,103.81872670084735
1.3846049429802378,103.90332794657766
1.4157130474232704,103.84362417612482
1.3512711142563503,103.74480538849491
1.4000671267414948,103.91785289028265
1.3586081469532083,103.7300713298205
1.3480841368038528,103.75793596575531
1.3709342382867673,103.87924354618117
1.365602494316298,103.95610487694032
1.3431198297521654,103.75576328903475
1.4245120006076886,103.83446359848669
1.3936344353669399,103.87448333384866
1.3519369507675283,103.93470110613072
1.3040946640120101,103.91728616742684
1.3320121380424306,103.7215471574076
1.4274953153807919,103.84231196548652
1.324294426097292,103.92769364617337
1.3264348980901441,103.94184999806589
1.3049413185471115,103.76187482986626
1.3349019006914302,103.85515296750575
1.4407446024795132,103.80313939135027
1.443287763565318,103.79834829107483
1.3350886151649306,103.87334400082409
1.3298877725240978,103.88811916716212
1.379132532323339,103.73766480622854
1.397350902802126,103.90601143161882
1.3479021029388407,103.93614913667832
1.4462595494847008,103.79748233916528
1.3572178007973394,103.93716470056393
1.36316828314649,103.93651060176397
1.4208006847717627,103.83818073165459
1.3776236168950853,103.9337950465448
1.368109782345602,103.87507214310531
1.3826260708162799,103.90082780826259
1.4047261256526302,103.91400398423659
1.4347317304577534,103.79042177061498
1.3399874616549743,103.74214039738405
1.3680386467908332,103.8947152544151
1.3885098164192864,103.87432045938746
1.4505084545154558,103.81383547918315
1.42143405611537,103.83204121437555
1.4209887377389046,103.83206928025335
1.452481967058785,103.81382646297807
1.321514322202923,103.90107682631034
1.356739280851757,103.84351859209201
1.3971752910088664,103.74446585138936
1.3914179320136972,103.88586410396364
1.3726581031041687,103.89700287597623
1.305413224824284,103.78132022233979
1.3482130516826178,103.87359003163795
1.3198109973190801,103.86336460195525
1.316899880048827,103.84938953823676
1.3246958089828682,103.85778862255914
1.3434995600530006,103.73782337951745
1.4315151982957686,103.77739163188329
1.3427622538926745,103.95889867927131
1.3723565583465527,103.89633958422388
1.353346469358754,103.93040504449797
1.3491012729641105,103.92923958760706
1.3794749774212907,103.87733707435052
1.3782356350673466,103.75195782800789
1.3416240772453683,103.69895658670251
1.3841683565854286,103.76165332677222
1.395263825866372,103.89550029363764
1.3986337086645544,103.9038652440007
1.4129475643523048,103.89927741111865
1.3953677284062465,103.91525670730219
1.4465682258426884,103.83478780003648
1.437646240377123,103.7815552140005
1.3068000570319063,103.88290778540942
1.4291273804329612,103.84584388738497
1.3252997597970875,103.92210559056151
1.3434010463461505,103.75478623311669
1.377066940499896,103.73764109144244
1.4308972723641489,103.83004274691868
1.2730407114009161,103.82470075500719
1.3505963085301627,103.93080590572093
1.3328641268387196,103.91119461671342
1.3411175021607709,103.74479580929228
1.384972002083823,103.76472925363193
1.285781693332835,103.83126420453172
1.362489678900379,103.75055500234191
1.4344717072979807,103.83117064976825
1.440892807732016,103.7950340115864
1.3761712422615802,103.77219462379615
1.3810092484083392,103.94403879409776
1.3347905633281414,103.85416981356965
1.3578185186575296,103.88364551206382
1.3652846401676542,103.84551234361895
1.3736714573535846,103.83557505779777
1.3111619798708734,103.76847991159575
1.3436173361983803,103.70567022291539
1.4519887254122295,103.82354500249701
1.3674204040185145,103.96256451485523
1.3455192651109216,103.7032438643107
1.3709539839293312,103.87447485792501
1.3620955067799791,103.74615651714788
1.34896488502907,103.75202174446376
1.3524989199458084,103.95527482541374
1.3325232834374667,103.90609705669104
1.4422866177343,103.7956579358509
1.3533599338313755,103.96067432150235
1.3517440452132734,103.72036456386535
1.3978953133500573,103.89670060455902
1.4442908538377104,103.80873683692191
1.38453734058473,103.88070280140857
1.3382703150397302,103.7469244211051
1.3456947766533454,103.71138356939284
1.3569994509026575,103.8843250717295
1.400180280296493,103.90353677086365
1.3362598790989313,103.84550534241771
1.3162436408154563,103.7635670064937
1.451159829535352,103.82736228185628
1.3671652858495247,103.95081944048378
1.4365744106157017,103.79637623255736
1.3947676804261842,103.8771169996173
1.361876638012268,103.74520937728815
1.3796079457398163,103.93625658051273
1.2857223281140169,103.83083481552244
1.3316586173600986,103.8504316009282
1.4394328454984477,103.83845852344108
1.3978764540422106,103.74695613601754
1.378303035988384,103.87977409743333
1.3399609824398662,103.87224672700104
1.3324056470153007,103.90882277023779
1.378075209069826,103.83929434778807
1.355484673403841,103.75115765892937
1.3770528575191736,103.94304771081447
1.392277738425404,103.87357151346023
1.3793475554703716,103.76355849954828
1.3582728384344513,103.74872926106016
1.3236971843144423,103.86301129662714
1.4381688578341134,103.77946679039783
1.405249738126215,103.8956305622524
1.3952167332137553,103.90162471151665
1.3762388416914886,103.77489215192243
1.3466592666909671,103.74935701684134
1.3341678771860155,103.84588555891693
1.4333182753106506,103.83619723442422
1.2954596119293924,103.81178839661017
1.2900665673863017,103.82923670569294
1.3470769194399388,103.75504885521003
1.3236315989299534,103.92346479195326
1.3719830701566276,103.87526971474523
1.393608815111509,103.74264208607158
1.3767541134663632,103.88320438478604
1.3151640079936844,103.76750611158936
1.438172038610079,103.79163107275141
1.3217433654960322,103.85954585939248
1.3613802365655556,103.7498397754936
1.3360242404266272,103.93834113797635
1.2837732342296222,103.82908721384987
1.422880087661073,103.84828202700149
1.3832253023104801,103.74718261893624
1.342471124710654,103.95230265030321
1.3569643789597816,103.95863188388414
1.3673019077845885,103.95346325909246
1.3512892402647112,103.95909868561553
1.2746401959728388,103.81257978310771
1.395924095098108,103.74461479138125
1.2968200112032748,103.85391412687818
1.335662671975293,103.85009766571265
1.3512858974462985,103.93795716166593
1.349146834315867,103.93060265121981
1.3465000265577818,103.74548557536069
1.4343501993400143,103.77809271567975
1.4505418888292672,103.82196760345573
1.3820724762810155,103.94358947197406
1.3633278029544036,103.74928724952608
1.3889018931508468,103.87382542616777
1.3364673265751954,103.87277899706798
1.37466886998847,103.87579590449077
1.3482953152910804,103.85141848928882
1.4048613315315222,103.89668948115018
1.2866014481224424,103.82134991087143
1.3740985344676475,103.89068796346682
1.2739046505027067,103.82534974315693
1.373472363687703,103.95756370690798
1.3364836987872049,103.70324389481337
1.4261536574405034,103.83095608875398
1.34463133494626,103.76051362055831
1.3812755918629775,103.77317637537278
1.44901283033459,103.80112225560755
1.378331607250505,103.76937909305019
1.2795593111355534,103.82737615853839
1.3946250595938663,103.8765790649462
1.427372438611087,103.84571194133906
1.4223097576297619,103.84642041029453
1.2802606682181819,103.82575139405024
1.3573056166327147,103.94039861821987
1.4486667947815366,103.83370798634834
1.3042090459795412,103.76788104311676
1.3782028926248107,103.73455227088651
1.2838981822579292,103.83350960464995
1.3924872423921384,103.8976558977389
1.281468355474759,103.80907674158358
1.3507704452292317,103.75606554645447
1.376718200003382,103.73863588054292
1.3762743879192434,103.7388005986716
1.371534830817579,103.96245953159072
1.4514490474707642,103.82401130629502
1.4178198764301362,103.91226062660652
1.3697234807003693,103.84477612414699
1.3698660621410976,103.84360322110209
1.3233182549510532,103.76123967294389
1.3764456503941942,103.89395996862142
1.2923788231708373,103.81433094693871
1.3621321706209235,103.96059048919884
1.4204429769497215,103.83923270747032
1.4215008925706165,103.83925984523435
1.3497252862012046,103.74840875793943
1.3439240598247328,103.75776743883856
1.3169617040999622,103.87602946331513
1.3533689719281117,103.95867372467113
1.3925045953320956,103.74861406858531
1.3336102308181055,103.92416132515955
1.3756188954557032,103.93584176674842
1.3841944545370848,103.74058276217725
1.4544353019317087,103.81324827101999
1.395649945109838,103.91405271970817
1.3123333002037922,103.8520102822595
1.3786433858012663,103.73788951342956
1.353519957277061,103.86701811890624
1.3740323022358008,103.89647050059182
1.436999268694387,103.83929229316429
1.4358901833753175,103.8349144420302
1.39212433757107,103.89854347628174
1.4064103843991425,103.9059513078075
1.2830349458960335,103.82723234196412
1.3447457430358238,103.74701305634986
1.3382710835875264,103.77359527845861
1.3753951425612634,103.77343551465015
1.3828111265298273,103.7459279416857
1.350130630405208,103.93154490760075
1.3666430229829298,103.84786042768033
1.4414031347061014,103.80615822438631
1.4299642155631285,103.84803574379113
1.2843028834558836,103.82189445094536
1.4362655961268376,103.7971408748509
1.3616436361075233,103.74945508073598
1.4440133121403071,103.78979141133804
1.3519629728782647,103.93790324984816
1.363692323615049,103.85097869823016
1.405685674553489,103.90638538384266
1.3681752743243072,103.9636677499129
1.355115359826026,103.84829702823465
1.4209949179820236,103.83605084998352
1.4312273288417345,103.77967917769887
1.3187194024551083,103.87422104250234
1.3753155725959976,103.74303812795662
1.3151346183461199,103.76841894266926
1.3692754818422999,103.89701573495611
1.3762676337677593,103.76445213663004
1.3811585139420104,103.74895252480385
1.3488873410688678,103.74608791346898
1.4337296208766426,103.77537216744771
1.3750447781008746,103.95781301239435
1.3699515392423394,103.84655240366482
1.4031261097088321,103.90168398199093
1.3530791280150576,103.93125533511505
1.3759612338726694,103.9334152103395
1.4315153302755321,103.79601920405194
1.3241648680257039,103.88674425775895
1.3592718390930807,103.8869964618802
1.3279054563349488,103.72332088508752
1.2746214878515636,103.83920493866307
1.344269068111837,103.7058244523771
1.3713241274955668,103.87291772563442
1.3821480215206532,103.90232551562255
1.3242389959214294,103.9243038149084
1.3299794460317984,103.91157466189614
1.2851734716058658,103.83156432195177
1.3009420201750443,103.85402924051678
1.3491373238036939,103.7001651751483
1.4411154656526592,103.79659286499471
1.360671036102755,103.84340370390231
1.2914752113129044,103.80250854235825
1.3776706115862312,103.9363776323434
1.3367765116260824,103.87414605737261
1.3767468123659516,103.76464354320808
1.381468884553059,103.94432280598818
1.4287776035688546,103.79307429412725
1.3618948537923046,103.94077247939188
1.4053475392623243,103.90636103669588
1.376307108441323,103.74570440320949
1.4479919935854728,103.80255189649294
1.352838937351956,103.95224817646691
1.3568681677463486,103.73481736816015
1.3094558916955994,103.88395856098813
1.3153873535721985,103.89605393104705
1.323847009764812,103.90335782313858
1.3338447791935057,103.94205526982859
1.3245520632983665,103.88794579119447
1.4175481251141753,103.90362851723819
1.4075258702734585,103.90323662707893
1.3184206796480364,103.80816411214956
1.4410430486359183,103.79596408286788
1.349626703712304,103.7117016293037
1.3232807544570837,103.73933176834457
1.3342225568783304,103.90622707205979
1.3539361785847674,103.87346551030741
1.3585942319078452,103.87124646755267
1.3921733148686382,103.87661502404006
1.3127138829096485,103.85005658631893
1.392930901835812,103.90184337516241
1.3333189010960438,103.84875175883904
1.3636891808971814,103.95499490491457
1.3760944680402114,103.74122981226724
1.2977725008546679,103.79804165924706
1.375893150442328,103.74176323074315
1.3197621822242402,103.8864203974437
1.3610697502142426,103.84312650913292
1.342994844279723,103.70324449412628
1.3904393153518615,103.89420268162733
1.3989446794976454,103.90291766364514
1.3409203272300043,103.68921479597009
1.2760224068528665,103.81084368259602
1.321979459410799,103.8557530836637
1.3534452246012059,103.95707374795745
1.3536827588300244,103.8651999916587
1.2841974904224114,103.84599816138451
1.3204171510877083,103.8538126866313
1.358651669704264,103.88657512575749
1.3949110311417825,103.88799044159168
1.3283893522750425,103.93067590028376
1.3842426506568426,103.89605471136936
1.3814699513121815,103.74101007620416
1.305714686529756,103.85709976976933
1.4511176027011599,103.8193443024145
1.3746677640814502,103.83972757717157
1.4177200581554594,103.83992020430595
1.381921268294423,103.7640138486941
1.3931402826510149,103.8919092148458
1.3830313214660963,103.89779876183908
1.374810573123926,103.87317636685535
1.3802973293783842,103.74088871847744
1.345592930604061,103.70092405315391
1.3477753069029543,103.70953353843757
1.3759623904944012,103.88848434911691
1.3125162758168896,103.85518133297603
1.3198023171925974,103.94397828174807
1.3641902074771668,103.89410137535151
1.3886228347387815,103.91005046689463
1.4432595106072739,103.80177937319274
1.3707047350279706,103.96241911893732
1.3527950798403143,103.96337789291745
1.3005672475804695,103.76362075702468
1.358163280874418,103.94501115312832
1.331769098142777,103.92454189908159
1.373832846377442,103.95669899353734
1.4260224661880347,103.84463478902357
1.3242471411305003,103.93984989474076
1.381014675564974,103.77401762081962
1.3206447867480682,103.86113711633412
1.3285408570808197,103.85745333522759
1.3570439700229953,103.73827576114688
1.381621005154935,103.89056787790169
1.3616377144491454,103.84381531081198
1.316564197973088,103.84865528793983
1.4400782330786859,103.79106764543765
1.3336852139606115,103.87113678071066
1.2946018775582517,103.8102203613025
1.3286629044540648,103.94201255415447
1.2760581209496582,103.81217307214719
1.3689859225952097,103.85277485937767
1.4512098212995117,103.81695476366076
1.4014759031888153,103.7507897298726
1.3831747497139484,103.73981324833542
1.3452270057886184,103.8547361759917
1.2815530527463186,103.80813842805732
1.3589637461396349,103.73377273138571
1.3584786736897791,103.73328699724718
1.3811541508683702,103.8422677798954
1.345331606376377,103.93777457964944
1.3582552960966414,103.73454243419378
1.3230406040677178,103.90443898374288
1.2984885868582232,103.79857762197787
1.3101419791750373,103.78708980895911
1.3516204325937111,103.93727034191095
1.44754810613663,103.81859277904861
1.3476289038858986,103.94376161314693
1.3459197379498329,103.69711789046544
1.36335156955773,103.73983337981097
1.3637389457155609,103.73944844457125
1.3632865812959594,103.73825110638052
1.3533114701829947,103.86945095281146
1.3938390775271494,103.7442500772662
1.358635415100437,103.84206326572803
1.3769035312400457,103.90413532567871
1.3831288701156899,103.75350045114298
1.3624235066452177,103.93670473025972
1.3929145609267566,103.89739756884572
1.3315489648126708,103.93753538529128
1.4306833121003824,103.79176271058769
1.361888416424479,103.75086410492018
1.3456488192373555,103.74383849121799
1.3098478457081368,103.767221356243
1.3040414663594846,103.91557235350754
1.2920978163623404,103.80351498096466
1.3376282952037768,103.92164467967997
1.303742874232632,103.85052517855266
1.4321387000359431,103.79163000059575
1.3935330403181916,103.87503120744552
1.3358746978091727,103.69483556321342
1.3853577065773683,103.7427043109665
1.4275739665952922,103.78914507603918
1.3424132435165874,103.8731935190078
1.4492746427477314,103.83333824898759
1.3936929660556798,103.90002020738095
1.4325402042382238,103.78108300021482
1.3459845650418443,103.70692823182533
1.2881012026071235,103.82130212174627
1.397417947147399,103.74513937188813
1.3472245887128642,103.75432595911026
1.361347880346052,103.7475111429746
1.3837206058388536,103.89594210712525
1.3658876380999174,103.88861876151505
1.3547290585923457,103.72264011963239
1.3517574547867983,103.72385545990633
1.4406193054538572,103.77572866174918
1.3657583521896473,103.95650381465965
1.2805658010307315,103.82740352549328
1.352641415963627,103.95825331308033
1.3455567572337348,103.69311680144712
1.4316780607267732,103.77442741157923
1.3760094306305681,103.8841442178894
1.3739336279706416,103.85866848657021
1.3345387448282653,103.85202333029203
1.3048501503119276,103.8622276144873
1.3342859309098782,103.906819244963
1.339676789769406,103.69325466657463
1.3791138097962181,103.76813973469142
1.3986317834790536,103.74611081242891
1.4001183992327335,103.90001648378772
1.273505388019547,103.81088073393965
1.4481103486974791,103.79912481617376
1.4308158938384938,103.83060390262644
1.3759615531514682,103.89181642510368
1.3473962977578426,103.9337559429207
1.3080162849509385,103.882688724028
1.3488931523806595,103.74734519743127
1.4297652744258358,103.85120220053636
1.3794078318776362,103.89198099222801
1.3035985288749499,103.88379803737287
1.4300021915125638,103.77225714712006
1.3254809402387868,103.85752348873483
1.3214000013848501,103.76215681162854
1.3684856451791554,103.94759596126269
1.359407528133335,103.73535312151498
1.35883735100971,103.73541178175635
1.3593494661548355,103.73585102979669
1.4391719274636379,103.77961976620489
1.430218775707879,103.85063502581453
1.4292972641053407,103.83347500093694
1.3457423583810202,103.70660953366828
1.3821703973801431,103.84120860007515
1.4495341899191276,103.81720052774894
1.4337187191287755,103.8317619449225
1.345129624051483,103.7056735258526
1.2815145836195057,103.82905321523421
1.3744753847798488,103.83914994703943
1.3359597777534198,103.72388597231888
1.3625584392497048,103.73831758051446
1.3497777331094003,103.74549697134387
1.4227089164823945,103.8464471008922
1.3666433514110934,103.94007781578532
1.38875042514925,103.90685708615766
1.360260538746264,103.95321396921125
1.437922186110809,103.8380026327838
1.4412992222879895,103.80656658834343
1.316028258908719,103.88601922588711
1.3717962242861412,103.89897178378774
1.3724882501050546,103.9543859339937
1.3269681832553057,103.91919305364473
1.3388341255270497,103.74568495560871
1.3561620746399043,103.95028731520199
1.3959628336397516,103.74979628866454
1.3244965564290114,103.77115352592045
1.4037286416405006,103.89740833661187
1.4323584261788167,103.78674929806083
1.3504772909979212,103.8513529050354
1.3418252076682733,103.69840351822484
1.3572492908842524,103.75265382477691
1.344147046860597,103.95642434640479
1.3862306911012012,103.76177102804823
1.3401706650831569,103.6965593051669
1.3360963743832142,103.93639052349668
1.314762241910842,103.76434569154104
1.4416466743666032,103.80775335211055
1.4556508723654678,103.81610740538015
1.3923694881037432,103.887272864271
1.3455139418968796,103.94958653962063
1.3602656173137007,103.89143789562154
1.438370906122702,103.80071976912235
1.3495370059731242,103.94719505493502
1.360488312105665,103.74246637101886
1.3484200780522997,103.8491892091484
1.348602357194621,103.84831458346133
1.348626494506264,103.84934037248964
1.4300780315432216,103.8330850947509
1.302331783133106,103.90834645746389
1.341333020359605,103.87616696848562
1.3706520277823175,103.94807484001704
1.3573664059444426,103.87362424943419
1.3920752101797447,103.89924132528142
1.4373448032803513,103.80256138785451
1.3118967565508204,103.76596471710985
1.3333003647473853,103.84738921478657
1.3582910652888522,103.74755875323372
1.3913162918217117,103.88477870207227
1.3615320458080205,103.95818051612451
1.3192217677715792,103.86311240377447
1.283730146252932,103.81688605388776
1.3408045660962091,103.85076165272007
1.332925133603284,103.92925266895811
1.3593107593397638,103.87183335994368
1.4266014680486632,103.85289434245367
1.3736058116876668,103.87454488671798
1.393238775408121,103.892606647478
1.433161566555814,103.77757595964782
1.3324132299181422,103.84553263915325
1.3172300930131329,103.86025634773279
1.3169253571089363,103.85994771174607
1.3602641223535439,103.73614725026735
1.360201249629563,103.73335145138103
1.4444941290956688,103.79264464363715
1.363275117858941,103.95160218611626
1.2990321497513186,103.85231881672117
1.3700015379284112,103.95573936283304
1.349319564487216,103.84843869931146
1.3638142740989805,103.93988009326348
1.3636485020993485,103.73859962695317
1.4034148351178652,103.89826743491632
1.3309255447357806,103.85593964677355
1.3462836582260325,103.89010633530171
1.4434721603704839,103.77701375030539
1.3357925149167,103.70443908205297
1.4426540265404966,103.8034892528715
1.4020305596302511,103.74491041470773
1.3837058465128518,103.76179244803295
1.3976782929804843,103.89633037531046
1.275942606350941,103.84274560683653
1.38669146218279,103.76977143786709
1.4388778975975598,103.78958923818023
1.3712095423233104,103.8528981336986
1.3524339558495042,103.88646762233351
1.4060953480540805,103.9053859489638
1.3825302733159512,103.9428452641535
1.3810070466852078,103.93629304942
1.3448362809901555,103.95696386943386
1.3891246478801564,103.87715355071136
1.4383267063065728,103.79412947591484
1.349731593964919,103.87453983250843
1.3905269206153092,103.88049705641218
1.3259145322212442,103.85768435508133
1.3917589782917907,103.90816058859917
1.3355972301722285,103.72329397623973
1.4354513373507833,103.79878351664553
1.431218016683234,103.79724167588309
1.3700802401404502,103.93383236226954
1.3551430965224611,103.94085325731297
1.3493079277637996,103.75443958561405
1.304587825308667,103.86472044119265
1.3522774707224208,103.70440239873335
1.3098774347447772,103.78743149240131
1.3834807923061156,103.88199551257658
1.383271627515476,103.88195764873137
1.4267553516850249,103.85081738191202
1.4197455318904655,103.84322463490788
1.3284360622708034,103.72379426254415
1.430457534492415,103.79531909946796
1.2902617573144401,103.8027233932276
1.3424152090641814,103.87131907830128
1.3462597868710406,103.95591983499757
1.3666676046748838,103.95575395212265
1.297483140475118,103.8046753685247
1.375317490045464,103.76967201901581
1.4308819382395008,103.83586338679072
1.4444767814383042,103.82104332137862
1.3323806382648562,103.72183335625678
1.429328672856596,103.85166436208658
1.4474982228417277,103.83180019357731
1.3653196072868292,103.8529542638445
1.2975898532443142,103.8050697768501
1.3571027082366336,103.95988549260395
1.3488710793867427,103.71915500960579
1.3403963703692892,103.71961446169682
1.2853577525185769,103.83128049266604
1.3583232942567764,103.73607432465738
1.345061648132221,103.71188022208938
1.371160319847161,103.8841302994118
1.2815173629589531,103.82767176447588
1.3325685459312697,103.92938668700495
1.3499671474522916,103.69543739921289
1.2777316448835927,103.82183497003092
1.3279465011414773,103.85715489852323
1.3538305360747123,103.947100726935
1.421883232717165,103.83950011535691
1.3336696972816533,103.84567424502718
1.3082078534097945,103.79663534670225
1.4008426724173204,103.91313562747348
1.322803602913808,103.93914139226885
1.3464467709927448,103.94094059248401
1.3776413841946304,103.83803387489247
1.363650254781928,103.95945616542636
1.4142448241937364,103.8339538707917
1.342662335805531,103.73997673491122
1.3013225803421826,103.88400134934645
1.3063214701530763,103.76050734311544
1.3849632907393647,103.89822427454894
1.4396528174973309,103.8034356987875
1.4284858952175086,103.7889115029595
1.359650758196136,103.73530003050428
1.3120535092381713,103.78718018819934
1.381942066237391,103.94318028222034
1.4401889562793762,103.79731815636501
1.3807965468405672,103.75764374853215
1.3785190674154648,103.76877421988613
1.3291342714152357,103.92771941198629
1.3975140020253638,103.89572754160108
1.297133120095576,103.8534284399659
1.3573377325522344,103.73614663175115
1.4280250863801236,103.78875785788622
1.4214500676922708,103.83396512406756
1.3314962149200613,103.90603139205201
1.3259285976292867,103.93249626269943
1.397546641233236,103.88941552502523
1.3771901821544525,103.7528886019841
1.4166126317613374,103.83574050752364
1.2830244431490254,103.81898425780786
1.385397262351074,103.883124838983
1.3858183805855475,103.8837170285899
1.38683097908189,103.77008945170044
1.3177286265145862,103.86277365191441
1.4419735739487416,103.82967720687417
1.3643846083298474,103.93739208831161
1.4213314716906786,103.83630948583438
1.3457151648038623,103.74340864181013
1.3446592977033012,103.71976512997776
1.3347722369475903,103.72324129119642
1.346045242489329,103.73143662465682
1.3286294113751727,103.72173235197047
1.3810802133736928,103.94367606123755
1.336855391286255,103.70241326882433
1.3572434332502261,103.95279800552568
1.3595679097794737,103.95018984308025
1.3319516556240676,103.93865936985992
1.4347182637866447,103.79996454714592
1.4025913133845722,103.89412237853105
1.3939133731608506,103.88905145053091
1.363682294706421,103.93650828711776
1.3375439974079484,103.72376982305467
1.380563862863716,103.94405108235183
1.3996087766672816,103.9097439457829
1.3564377288984255,103.9341865954569
1.420200861828325,103.83615000800702
1.311416863620419,103.87329374394656
1.3070621181277764,103.78356043763632
1.4463619941340966,103.82160358604942
1.3214836961237277,103.9407188258569
1.3740767338075868,103.94503784174039
1.3513059503521956,103.96250109486935
1.4333990843725546,103.78489911491373
1.383138551185146,103.94387034759212
1.3966382638259662,103.9104080777757
1.4508155173776474,103.81652840646977
1.3936238205243678,103.90925784233649
1.4004440747657514,103.74373445416495
1.3257806448450762,103.8587806405053
1.313155796905544,103.87082448657387
1.4201950923688846,103.91083403444199
1.3460553526429297,103.70409444905475
1.334381688863127,103.93060061823186
1.335800787873369,103.91277030024658
1.4374365607258237,103.78098555841851
1.443554138954938,103.79172432394024
1.4164460292184866,103.8309915775796
1.3444917283451998,103.73184326983925
1.4027693639381718,103.90716602282461
1.3901167050269214,103.87005723504497
1.3697814073107568,103.96165374943268
1.3748048404028446,103.89057614855865
1.4339402855257182,103.78585627167175
1.363682930780339,103.93614725759174
1.3641153036835483,103.93577864400876
1.3970312935310782,103.91044106097921
1.389827652384056,103.90785643700255
1.384847321703066,103.90372085769827
1.3553933524349162,103.9582964542383
1.4218795247947456,103.83844130063159
1.3580408146061855,103.7308405637817
1.3894947543769849,103.88792652240085
1.4146403505614895,103.83316721010024
1.398537492457433,103.91609039936075
1.3732728454159118,103.96344270692819
1.426171211078765,103.84729328085166
1.3233086792790634,103.86915484400905
1.418386425530996,103.90577273516062
1.326256134538543,103.88712703624572
1.3826405258678949,103.8971529053052
1.348683198155534,103.700420833257
1.3880234253062071,103.77120873979804
1.4293340981602864,103.84404967735263
1.3417559801241459,103.69288253575503
1.4419042719270205,103.77820347002417
1.3035142720735733,103.76774360437544
1.3287232357067191,103.90933864745145
1.4040168490885043,103.74676615602746
1.3113877099316849,103.76708297090224
1.4284067518550494,103.8498838847938
1.373504816273457,103.8797738028926
1.2912723419222267,103.8274726505579
1.4031960219492488,103.75197812959206
1.3940622985862174,103.90382267037208
1.3525219283438636,103.70380537655512
1.364748429805195,103.95941854372167
1.3525492847069498,103.95867164305466
1.3471140829760873,103.73208282379468
1.3387715371583642,103.73559468046962
1.3944055639888981,103.74929798628511
1.3111979959413729,103.76803653680209
1.4457725920571578,103.7931138598086
1.4189469942439836,103.91049784764539
1.3768355605731946,103.74739450410345
1.3060554637214408,103.85451108211923
1.4429124081346152,103.82884384503431
1.3882202605149063,103.87317365361378
1.3745310304115652,103.73835354338911
1.4038253298837975,103.9089126251056
1.4110179274700658,103.89687805117214
1.3357111957647194,103.84735324767306
1.3979467753993593,103.74604008166057
1.3228433461418605,103.86698485541176
1.3847625181031504,103.88326601849234
1.275317282530943,103.80718993663068
1.3641761424736658,103.96230321354494
1.3237572424598116,103.93992920013854
1.3472216121459604,103.74130607063063
1.34918990152709,103.8750668266212
1.3665811213692136,103.84334410500965
1.2866385283786737,103.8319531261078
1.360196435766866,103.75092052399036
1.4438807896053079,103.7772169524339
1.3823240519593794,103.94389949453124
1.401469386627304,103.9007649316665
1.3398229601996496,103.84637154908529
1.3245458971436177,103.92160958648657
1.4015676353932724,103.902725003179
1.4030498318402282,103.91707971247743
1.3232919164040118,103.86625934493098
1.3925582460446964,103.9037193996394
1.3481075401375184,103.70755772019727
1.287714967834787,103.81239589944055
1.3353242878179994,103.70496739401524
1.3597572617693698,103.95899932957796
1.3240870450287474,103.8885031598984
1.416043294819451,103.84348283130474
1.3087174372512629,103.79262317089123
1.443383822663055,103.80694180469708
1.3444045448322708,103.71149085560846
1.4434822686109516,103.83129443602444
1.3912469368136722,103.89080723112883
1.3444533752682681,103.85236287139108
1.3709430289556965,103.83822639157836
1.3947022559598505,103.87827482510018
1.3949423216409655,103.87797812956366
1.2744767591672816,103.84007985394526
1.4009796910460757,103.74398286333329
1.3041085246119257,103.76550004440558
1.4428649928764616,103.79821428409211
1.284132924293481,103.82320142693428
1.3512961393499678,103.95216345079342
1.3885017236056278,103.89380644810254
1.333677534145489,103.87202063251284
1.3467347105831446,103.75460119229
1.3362599270717859,103.84478656469925
1.4163626913346126,103.8369599184562
1.3189980019494867,103.74672350109194
1.3305950978841043,103.88657688403507
1.421336399548469,103.83742637635544
1.4069903550393632,103.91114872506515
1.3769285661440347,103.94486472501946
1.3976070212272276,103.88990712015384
1.4009308345562526,103.91889370453244
1.3546323021503142,103.93083368289089
1.3516377391770187,103.95614549477705
1.414624097122551,103.84194271654552
1.35607343143299,103.84346708009997
1.3517210773856843,103.88654039948466
1.3689631217372693,103.84329813139361
1.3777705239626052,103.7734976603092
1.3714411074460753,103.8548404604542
1.3885111447300287,103.90669171113858
1.3791133390293984,103.75474295145591
1.3789612326614702,103.75801826404467
1.396374186809786,103.90829872509596
1.3328003403796553,103.85863396152558
1.3402087792773332,103.84379565088575
1.3701790782881278,103.93618442421837
1.4019176979750552,103.91528328042791
1.4037527136946748,103.90988355657404
1.4332485563303654,103.78934107996011
1.3362116311017194,103.69671533193986
1.4348130918290674,103.80089740698233
1.3791074147951408,103.9410647635444
1.3854139809034947,103.77166860074331
1.2979779913604867,103.8017334097511
1.418177957497446,103.83160009081246
1.388254188801961,103.90706107201758
1.402097605936974,103.91413402970738
1.4021979584896507,103.91478745730453
1.3652783522324545,103.96296828155826
1.4388245375798001,103.79929921069397
1.3842225740698315,103.89567276556615
1.3420683853331916,103.73682363434922
1.353361288013733,103.95298885452195
1.2879437914736525,103.8296150718049
1.432111603486304,103.84868269093376
1.371677820521149,103.87406881152741
1.341802357411829,103.73724571914883
1.397235968595296,103.91491662461769
1.3846277172424364,103.74042539173607
1.2735834982466194,103.83405510835605
1.367292614915753,103.96106804257012
1.4299186218173037,103.82882792389243
1.3688214766066942,103.85620987510012
1.3437789399002356,103.71102793144313
1.3761206666444694,103.88924855932329
1.3706817209393467,103.8895157215657
1.2806642241262418,103.82491696975598
1.4037651771446156,103.89645387490572
1.3499021065781756,103.72071621392318
1.3819143566680983,103.87994832537221
1.3510791966273965,103.93291178735313
1.4184236342597534,103.9014824027759
1.3614137915920486,103.93941451515508
1.366140723559143,103.83811953070838
1.3787578180385858,103.75320166256111
1.3549208042094492,103.93858079241717
1.3337932933241285,103.87926798647807
1.380275329446795,103.74620060121609
1.4329884999103113,103.77493506029114
1.4407325256153234,103.80428008820054
1.376633743202479,103.90085966646545
1.389075472046816,103.87364515951175
1.3608451041633496,103.95271365916817
1.30824305550311,103.86088733075519
1.4301093515625771,103.85106578760767
1.2741590178254603,103.8396539208843
1.4381473634900876,103.77464424586461
1.3319001235965808,103.92484323576981
1.374954278432438,103.7714518079344
1.3859253016551643,103.9053991159837
1.3536172125506467,103.74010925422061
1.3948257730506337,103.86966131699366
1.4360003805845614,103.79035790245374
1.4285042714105638,103.77457509769688
1.3550695811513274,103.93804719848937
1.3612717205800013,103.94160483013204
1.3440428185284583,103.75716085935589
1.445499624848543,103.79379409595715
1.4490861806934168,103.81546818187311
1.3339976797198745,103.8704505988717
1.4375623900954926,103.7777455651724
1.3681874782128118,103.940717767686
1.367610529971675,103.95211645284617
1.2985614442851932,103.85185790435321
1.3329633376772856,103.7208167120194
1.277759025826305,103.80722124896272
1.3430850886010315,103.95852694238121
1.3621163014446773,103.96206075882841
1.367219710326835,103.89549595775026
1.4498602220540588,103.83236813668893
1.376186543745277,103.89545654119138
1.3888956544791475,103.74252280515262
1.363694257639469,103.74666010348254
1.3646689981861373,103.96224875312247
1.3872169054344305,103.89551734397888
1.350664023776425,103.72236907946298
1.3602872013393998,103.74967166355084
1.428733724600432,103.77348858098917
1.3660705908348765,103.85416690975651
1.4252187144689858,103.85185878666917
1.4422894676743647,103.77791303005338
1.3817409862758894,103.94354096444006
1.3504103961930647,103.72641692653983
1.3047715290961013,103.76870579032365
1.4173165477599692,103.84098092173399
1.330417650219018,103.88578498066407
1.3618216160342065,103.73652944578483
1.39286435791955,103.74587915172418
1.2855586075032153,103.82682170671819
1.3688903162924422,103.95483875354874
1.4364029026098823,103.78986156060965
1.321304235244579,103.88673450034118
1.3447731584806661,103.69182103378508
1.3472834646176024,103.94873872237754
1.351427170692827,103.72040702812141
1.2864469528131863,103.80415122063641
1.4038207153180546,103.89608176820374
1.4058567382567058,103.91329475709048
1.3707757138000796,103.96338913750303
1.3843488871743936,103.9029550793298
1.3484621658195963,103.7296310172105
1.352670607922908,103.86973307039615
1.336473208924308,103.92342789115139
1.326501930944618,103.93081822819332
1.431419398822852,103.84888929341916
1.397090265826593,103.90795892180105
1.3225252009836446,103.7698569247934
1.3910457985315323,103.88094134577457
1.3222482288982387,103.77014066763215
1.3690492516207304,103.94768648920912
1.4463660918725485,103.83157190385545
1.321058681332252,103.94079328685321
1.3668411649379952,103.93964353665379
1.385736561270142,103.89199074856711
1.3388759162743276,103.7003650306992
1.2896448067322002,103.82234704345514
1.3639749682707996,103.8520116523534
1.3896815354362821,103.7723867005723
1.3529390446303604,103.93873686303019
1.3271258312709886,103.8864220525773
1.33214181439506,103.93372039767114
1.4032422035888041,103.75102703520051
1.432897888807307,103.79276399566383
1.4427044202070178,103.80588546224133
1.3956760248692246,103.90205986095596
1.3809611088707967,103.94431546625019
1.43465609987966,103.77539064365955
1.4464165660842816,103.82263826409815
1.3980514766628709,103.90870232121873
1.3242936731814474,103.90215485133177
1.3571699071658387,103.93877327512136
1.4204116935244675,103.83542259534032
1.4189260148575353,103.83308981649421
1.4191873224233902,103.83355890680009
1.3548173672565642,103.95417240838792
1.3468704183391218,103.88977257955884
1.3473234461669292,103.88957825754021
1.360868680366098,103.84543429993717
1.4145804659214871,103.9003468776697
1.389735727247712,103.77271309330989
1.3237381558933876,103.93498411405803
1.3373709628099857,103.72437562522776
1.43709146388621,103.80095483151334
1.3704601521638256,103.89858168534865
1.3700756854185523,103.89855338706029
1.3625234054919102,103.74587106916579
1.3696384090500202,103.89835124381132
1.3997234632645794,103.74473136625654
1.4199302607661854,103.90507223882146
1.3975714862865714,103.74447052876891
1.3834625795528854,103.9032240729132
1.3048639868077732,103.86076836720993
1.3929415983552182,103.9023405667817
1.4566196345190403,103.8158825543182
1.3455827622114636,103.7454278842818
1.356320176148557,103.93607623533356
1.320492035792864,103.74264929217708
1.4345922255326375,103.83743012252573
1.3637173092795103,103.96229266852016
1.3740741192723713,103.89531272339923
1.3515177906225968,103.93287025564422
1.3016893271162275,103.79673873560144
1.3497902400348452,103.93092237128585
1.3841411501790237,103.89443859285403
1.3925230998796605,103.87871552081951
1.3845298491449252,103.87993848449231
1.4015414078021924,103.91497327596412
1.3241982008514583,103.9248752085931
1.3229268385813302,103.86601572454482
1.4465626660350615,103.82227623540332
1.2753731876434091,103.8206601043476
1.3456501961834,103.85151715162878
1.3710411894856775,103.94811855033234
1.414424369273284,103.9007968113084
1.3840498218134636,103.74125838461106
1.4186932514706274,103.91320841081235
1.4188992003243583,103.91284245030752
1.3164865020659353,103.85966552397505
1.37936690237702,103.77126918538573
1.3984400227357343,103.90584308122874
1.3526620546346926,103.74395274893226
1.4279056550463893,103.77339004693059
1.3166350029791645,103.8489237807885
1.3853753225990115,103.89396316832645
1.3824718908418494,103.94503291830497
1.3794921308310404,103.75119807579233
1.4513730614394036,103.82832331498592
1.2987294563231546,103.7985793753743
1.3644865040409428,103.7448863111735
1.3423389486579684,103.74014607205626
1.3590852596012915,103.94626728235924
1.352617534187382,103.86619759888512
1.3866177073465373,103.90924679088396
1.3202415697278815,103.90037904235109
1.3130611437335824,103.78757121503843
1.4002584301572258,103.91394939693328
1.3364657673010234,103.88034986233644
1.361017893256808,103.73751033000896
1.3912641958959704,103.8983134854715
1.3391678075849536,103.7390078369839
1.3688801043001662,103.85566868337624
1.3328154663264913,103.90908248369067
1.3875822354554916,103.76716595258323
1.3775755333251984,103.83922170142219
1.3706073752994845,103.94748923971196
1.3524063567136977,103.86794465817057
1.3210849839081693,103.90061577120687
1.3438105316521702,103.93669792621358
1.3414886729134055,103.7107102101891
1.3585124161936908,103.73390499576027
1.4402348143643888,103.7753628001814
1.3109014715695624,103.76955878598922
1.4234266942667382,103.84545018301111
1.3787152768177873,103.77069269355336
1.3482630060860592,103.74425161920453
1.3525675725681023,103.96104746689693
1.3662212568624723,103.84789133017765
1.316678249499228,103.76922686416869
1.361925566174351,103.95151044220138
1.3354453116207812,103.86269482280503
1.3952794962764234,103.88878541662369
1.3103593761889967,103.76806640613306
1.3000479973542516,103.76359834824588
1.3594301421423307,103.95312525879787
1.3915759207676903,103.8888615016636
1.4496300730462066,103.81552832043616
1.3137363128534723,103.76777318497615
1.3173705064958214,103.7647973052419
1.442657478240631,103.77776563913639
1.3265464008040264,103.88763828850021
1.3794190963856132,103.88967127682251
1.416871549074503,103.83095559546508
1.3749395989806574,103.77487056397335
1.406715424284539,103.91228796750724
1.3966767088986638,103.74859035980845
1.3496273686686449,103.73266283775786
1.3461660350865794,103.70632298360303
1.3507888619261201,103.71627282238235
1.4269214789824596,103.83065547307922
1.3226757116888908,103.87058472859088
1.3640042137627035,103.73893819826479
1.3161964468186902,103.85938521411283
1.333665494514491,103.85848226259358
1.4026161467720628,103.90560295348912
1.274424843870259,103.8273312677801
1.3823231438840293,103.9439626363402
1.3841690695573068,103.7629329214462
1.3451845493088774,103.71055024178462
1.351860727129798,103.96306962422958
1.3276780837523319,103.90388385152387
1.3625743353638584,103.75209065240259
1.2761173783576205,103.80958667067814
1.3145788959533335,103.87388345762344
1.3715834773189373,103.87523894667666
1.3604715634406261,103.73325459606365
1.3599285747731185,103.7334284795228
1.3494254996446813,103.87730814893646
1.3775229698531202,103.93443162366293
1.372720241429601,103.84572239063608
1.3683228480060188,103.85851008379981
1.3680163511148669,103.85788169620614
1.4338601444582804,103.78752327031432
1.4323244214733093,103.78508353327669
1.4336791297851375,103.79669836612585
1.4340161067142108,103.77477242915664
1.3615895336119674,103.94039735736742
1.437964130047156,103.77398794301223
1.351820350439956,103.93594439058455
1.3015025976033738,103.79753280269505
1.3390401648607486,103.85790387337558
1.3125842201687143,103.76454283944875
1.3512009375586869,103.86794425915109
1.3337030628450213,103.93650782063378
1.3409945675585808,103.87646793557595
1.4026720727237874,103.89351454433643
1.3151466145937682,103.85079725438032
1.3946339165469892,103.90295392559919
1.3579090940521303,103.73033239981206
1.3684493817341783,103.83374218442418
1.3611327370904969,103.73679861450695
1.3612514588992235,103.73612762511989
1.3641098305661528,103.74628049583309
1.3745643148551376,103.94321665828156
1.2740305056614392,103.83664843103223
1.3075129566968353,103.7946791670758
1.3658766902031891,103.75321961154654
1.3983754811769011,103.7439141753491
1.3889971411649829,103.87322429755467
1.3461377053512544,103.85506763611403
1.361132949617503,103.94982479196686
1.3940203416345764,103.9151971120962
1.3368553286985634,103.70047436626183
1.3718145008755032,103.95734747655979
1.3381121701704737,103.71979650159987
1.3463552024513887,103.94756472378758
1.2832943060763777,103.82361389812891
1.3735624855014772,103.74611545853529
1.3740478123137743,103.74616294536419
1.3889447850878776,103.76826345585806
1.4277786222932172,103.79162851845011
1.3680195522792087,103.93437131947287
1.3323347315691236,103.9116551854075
1.366017989445055,103.95930575591267
1.3738467668079475,103.88188225933155
1.3806507477754744,103.7391182464821
1.380238057901113,103.76629071110308
1.4026981541483627,103.90742407006681
1.4427053968091756,103.79412227134145
1.2817643746685057,103.80686339538956
1.3260405031614666,103.90284617062092
1.3665696908391343,103.88910736881516
1.343739273134899,103.7402217623943
1.3326545940545111,103.90834275901226
1.313190529915097,103.8509249863198
1.3280800604640823,103.85943556526624
1.3547850580931653,103.83604607416677
1.3491896455777361,103.88908020626783
1.333502269368736,103.93755073896665
1.4431222855455719,103.79280612537681
1.436824408481309,103.77405996079938
1.2815017078341064,103.82732435234257
1.3175849518787102,103.89854611145681
1.3433584339348992,103.7046883603503
1.3316157795058794,103.9159327908676
1.3178251572203816,103.9468974308332
1.3382715446988738,103.84861490601405
1.3788983535304071,103.73553083043396
1.3649907138812327,103.85405860649244
1.323196469345664,103.888461853391
1.2916290646424948,103.80349998112406
1.2937619617749005,103.80026745359592
1.3729307701652682,103.89952666813464
1.3961504697134628,103.90909564399007
1.374563030091679,103.87456942945099
1.336541706008827,103.9221232069127
1.3410574783825695,103.73609209184443
1.3644930627399152,103.95287433651706
1.319659867460234,103.94602160476715
1.3696476115729832,103.8966994224468
1.373367792960778,103.89674293332499
1.3828486254130261,103.7480102113686
1.3571148184115056,103.74276325549052
1.4170053393653854,103.91116629671784
1.3281257796060961,103.7223677596301
1.351847205214657,103.87950852127722
1.3623513264719895,103.89006520955516
1.3950797734272693,103.90294518369255
1.2853348432421539,103.80338301779406
1.4453461162400003,103.79963003601496
1.4332824188984272,103.84443609465917
1.3757082874728181,103.89479323820028
1.438829284686462,103.80105781879926
1.4304359356234748,103.7899389751211
1.2807089417369768,103.81335852508685
1.2842504151505112,103.83252332073532
1.3243683139384637,103.77204689857568
1.3480788490779008,103.85629809614534
1.4220336874573678,103.84641236245551
1.3823938680231225,103.74149454567403
1.3707603047606456,103.8413829557093
1.373979247152317,103.74507094657943
1.4427541337011778,103.8022768302954
1.4368622488711327,103.83715467240614
1.3756879940112143,103.94453545767502
1.3925532034937391,103.86974396739303
1.3455140264124392,103.70045981978025
1.3613357305648996,103.73201250500676
1.4011665994262588,103.74749805825823
1.380935489064234,103.8407517734998
1.2726746441611312,103.82217265798093
1.3192682100315762,103.94515019695125
1.3532473628239976,103.87147322539552
1.4192812768398335,103.84491907429388
1.3327484547153943,103.84995475632238
1.3901163511204266,103.8765480518779
1.428233803960532,103.83351065598578
1.3810251332890469,103.75696794909504
1.3650034935106106,103.95694253312497
1.4109450534110075,103.90117570543411
1.4101540199037266,103.90181974757297
1.3340222219954379,103.86742595458347
1.3823017967400684,103.9424403198265
1.3366751611220005,103.92821465772393
1.2871095708855858,103.81181869515716
1.3736785952522959,103.87511013531146
1.396497511830677,103.88057549472457
1.355917393305772,103.7425567913313
1.3026248095613582,103.76432922866964
1.4534733740072456,103.81763446606814
1.4473547108108735,103.81499437370536
1.3632928978320444,103.94209722458176
1.4294406563296884,103.77867397681779
1.3936870736419065,103.87397860633163
1.311826386153713,103.75921363323899
1.4335146062384962,103.8270158156231
1.386939228692631,103.76612816416798
1.388668347620878,103.88780685034298
1.324909864865085,103.7718574686705
1.4089244972051156,103.89833648834265
1.3258091314633615,103.90125936984714
1.350132817018276,103.70420785469925
1.3202971991711099,103.90109620880696
1.3937767095002571,103.8887155486834
1.3595347177614134,103.9352848394381
1.3454707623187416,103.96017985745829
1.3299582564915793,103.93756670050563
1.3756261641361014,103.8875246806065
1.3516891061289413,103.74562413065853
1.4429834504980068,103.8079790861095
1.2882088044188393,103.83323190170265
1.359371394744432,103.93282742975966
1.4276398591711121,103.85093901294412
1.3275859536687427,103.85664066726304
1.2879314968893223,103.8321625254364
1.4165364198398647,103.91215342229721
1.349416003315393,103.85245345866578
1.3394610860784553,103.70309231916808
1.4309997312207474,103.83755272345927
1.3310949658237115,103.90390615415399
1.3951235020535115,103.91029028433293
1.3968582474257412,103.88124727462231
1.3764503687323246,103.93354630057719
1.3902629002179945,103.90597640226478
1.3381111071408889,103.72233165482639
1.3395177171579553,103.8579471491843
1.3273891650576901,103.92279745801729
1.438881448673062,103.78031574930836
1.3818083836082529,103.9441073892804
1.3756944140017164,103.9339458775377
1.2863301407180094,103.80450213055845
1.2962139717165226,103.804527386736
1.3325594444977282,103.90778315760802
1.3817927735674098,103.89526365319715
1.422554118179652,103.84744136476654
1.3597732270272755,103.95725009154191
1.3502368931411235,103.87480155156263
1.3923595648964966,103.90625325186365
1.3302146862308026,103.93866949243616
1.345120256076562,103.70427505113027
1.4346208252975858,103.83956752493184
1.4516793816776234,103.83044012282966
1.3475130352007856,103.70791195416669
1.3750036552779819,103.88345581058668
1.3327081988914207,103.85024647178378
1.3501905869766835,103.72992028216454
1.348848023032262,103.70895569986071
1.3734988917007083,103.96139077178927
1.3980871746098151,103.90360998703996
1.376428676265307,103.87746402727969
1.3600328801933916,103.95576386103728
1.3333244567519462,103.91483788657271
1.3506334361048078,103.75655856312135
1.3782940973734517,103.87932027053024
1.3519374296890083,103.70401519456921
1.3703823293841828,103.95068716286002
1.3528121127766346,103.94818308216634
1.3346841814338346,103.84968678055593
1.3409819962655825,103.70615529585197
1.446003044734773,103.80517722839399
1.335960118899502,103.84975950585495
1.3867877069255918,103.904631702463
1.4445872499419758,103.80171317407084
1.3486061063240093,103.8739818930115
1.3439893556531775,103.95500638744524
1.3471441049205979,103.7333212139191
1.3284140100053015,103.72430210601208
1.4297323113689768,103.79329349043307
1.418373826883326,103.83502852631011
1.3301548349299428,103.92534712507319
1.3760229260380759,103.89110224708672
1.3512892509911356,103.96110908645669
1.3426515180111156,103.93572087895285
1.400320762618067,103.91703928641373
1.303969751747015,103.86299158687764
1.3325762321614874,103.9403917706968
1.4346315753417405,103.78965344906689
1.2876382434994647,103.83314376277886
1.3900245872153874,103.90257663047026
1.3763655864964501,103.8420559760985
1.3923536913553411,103.87092609934942
1.4456217630522834,103.80081668809689
1.3754187828134643,103.9420427587029
1.3701839936014784,103.88285217593136
1.440098800860942,103.79478636332236
1.3349967643571223,103.8807102493293
1.3313300126997967,103.92682582130674
1.3397448040894353,103.84724741639516
1.2873566745156555,103.81349787000124
1.359136551291845,103.84658909321612
1.3464018360014485,103.74452337335552
1.3415359253701493,103.84957364526079
1.323259411642054,103.93276679639132
1.3599635754817843,103.73466786561292
1.439501933747495,103.80380814054391
1.3960713321517282,103.87826682378198
1.4493056759145222,103.81595374923464
1.356740032073181,103.75248309074983
1.3578694161711096,103.94491350787334
1.372400234128041,103.8815630648038
1.38740537736382,103.8924238682176
1.3336434206836973,103.91344043780708
1.3804181044285242,103.93715963981653
1.2931479401341233,103.8144065943672
1.3625765367454876,103.89054281556504
1.373332602820223,103.95508819057922
1.3217381132517487,103.86688159120621
1.3341671059092042,103.85270582641012
1.3907961041836634,103.87008175101893
1.3429170704225066,103.93553161483943
1.3723030404766379,103.88815600973113
1.303754363323759,103.9128968928392
1.422758893900122,103.84695848419612
1.2774176365756005,103.83934966151567
1.3930970392827875,103.91455022172296
1.3942308529805727,103.91307671305881
1.446549301979381,103.82002685648342
1.351183197494158,103.9392015634529
1.3715988050655172,103.95564321466671
1.3338735575528153,103.84455380728606
1.3962245574686758,103.90246255077892
1.3751804857871561,103.88201025627072
1.361788169844024,103.84424766819535
1.4435352598191975,103.83075205280888
1.3353944027993008,103.6978429695406
1.3418511481089017,103.70953918644967
1.3789368681295004,103.88528996103341
1.3962992170764295,103.74587603813877
1.436181308447596,103.80276394747474
1.3423559073886628,103.93668469858038
1.3364543046298638,103.85392235438546
1.4446478638317308,103.83389196657055
1.4190010437451663,103.90235320316035
1.3805824334444177,103.74142267138515
1.3947171898166404,103.74577264046773
1.3383879542806116,103.84602550091982
1.3460880245242153,103.70165976576052
1.3425141775222147,103.68936683437731
1.3571521906862847,103.73568837435795
1.358705630388106,103.73648595710272
1.4213634437458689,103.84725206682953
1.4314489819830372,103.79012418685825
1.37783652707932,103.89627559167917
1.3806088714924258,103.9436886393498
1.4347886248299646,103.84143442732258
1.2931373136607325,103.81125204985337
1.390822068734339,103.74353688150886
1.3321789713266448,103.72258286210078
1.3486426409221655,103.72276396840255
1.3899311325569395,103.89843094394294
1.437205368995397,103.79630853717778
1.4171686803966266,103.90094812057174
1.3396808479357614,103.69583358029821
1.3948234613712893,103.8923949932286
1.314236592416849,103.85062158201467
1.4500478722833827,103.8142360956901
1.3810200353143156,103.94436054004963
1.3575085735039951,103.88406047933414
1.3135504313284685,103.76908888812251
1.3881127770306867,103.90787641944243
1.3500480346950094,103.70479263617239
1.3528230539470385,103.86718269234728
1.397534365733939,103.87848994674567
1.377408885092767,103.74439439862051
1.283959958476715,103.82732508618248
1.3855290436832746,103.77212662352139
1.4564445834373867,103.81517902313405
1.3089780254690484,103.78844840424455
1.3555624754065319,103.96232820058519
1.3549797109853179,103.75038948547427
1.3304777401451364,103.90434611688262
1.3369761269912905,103.72457636315868
1.4313834561866536,103.83772095446503
1.3397061745864434,103.68975877416881
1.3708803408862427,103.8901480696714
1.3727641948195048,103.88693309679086
1.3354055975376913,103.86514569808244
1.3920385320087938,103.87041748120204
1.3987885607111101,103.91585369849768
1.3282092043098468,103.85628952714531
1.2864726301649323,103.81854896192448
1.398538873935313,103.91983214496199
1.3381165361827727,103.70170312477804
1.334518631781676,103.87910656364244
1.4264660701276768,103.84497168378203
1.3252872076735451,103.89959571214163
1.3356924265773238,103.72254941662737
1.3890477073913687,103.88740469136188
1.28109043537475,103.81020964067255
1.3208987515918555,103.76639145966898
1.4246400939346733,103.84715102672418
1.3931402420802064,103.90575436565919
1.2873891775326307,103.81949170101949
1.3789902172583697,103.74036245827388
1.3315260707594616,103.93246888586819
1.349750293997588,103.83846355399992
1.4142161664506467,103.84052149687089
1.3786371462022775,103.89347891232363
1.368563754231063,103.85795482115846
1.3539858209613678,103.89014228311154
1.37096046740245,103.83929326027045
1.3815023213304094,103.74025809436985
1.3858547570179196,103.76949097078733
1.3987987329647689,103.90503353969477
1.3778953740056812,103.88699062122215
1.3521049586081686,103.93722876190886
1.328008925232081,103.9234055292194
1.3799107507225312,103.74343858178096
1.304262890826985,103.91117168782723
1.4447786397043947,103.79431477276435
1.374092135691383,103.74275917084465
1.4320042353969462,103.83143093653418
1.3819470309926025,103.94225748366408
1.3626794028428433,103.9399877061394
1.293247326505432,103.80284635038232
1.3699481051142144,103.96101804446084
1.3699307571583155,103.87102188921732
1.348017030497373,103.7533961477656
1.4060034679130688,103.89651166509469
1.445318615571182,103.80174242800241
1.346009747132465,103.94478419897648
1.3617751003704137,103.75050681545477
1.3827993631104796,103.84219997474973
1.3509011814499057,103.86867135722898
1.2980106181797764,103.79857459154718
1.4043087367856335,103.90741409402622
1.4037798642981265,103.90576141101103
1.314078954172292,103.76919901820874
1.4321568843959414,103.78007186608994
1.377417679507275,103.93557377562003
1.3867494806229892,103.90272607948316
1.3642695848050153,103.95886927534693
1.3164620388581776,103.8854661153087
1.3615596613068337,103.95905624638853
1.4381358917316187,103.77728645510587
1.3627393367013365,103.95186323951228
1.445888833457947,103.80123498826681
1.3024048479397432,103.90682890123026
1.356861660460695,103.9377236322499
1.3340283897720016,103.916910830498
1.2774877174981578,103.82041771869991
1.4384878786037063,103.80490815880196
1.3239117701325238,103.92337073395667
1.3980310704388361,103.91944555270649
1.3390327730529479,103.73976295115189
1.3790244837546244,103.9010248680994
1.3437092666685342,103.74733243105449
1.3475479795107546,103.74578868772329
1.4049623708606556,103.91027907891852
1.3953402007995728,103.91599753594349
1.384151524625047,103.89402380016318
1.3525361727226664,103.95905848821091
1.401538702491879,103.89524833883573
1.319317090175589,103.76466706765927
1.3814327503644035,103.9433615902664
1.4136472123300725,103.89821073192637
1.3712657713594274,103.88007038100915
1.403217570637113,103.74564353139462
1.4395405837593942,103.79979019406125
1.3618965283495696,103.95853818252354
1.3324357436051046,103.86803750528588
1.4420534454322276,103.79956646085772
1.3310580863962038,103.92921455885558
1.3676649904127425,103.844198594162
1.322680459161299,103.8611649197396
1.4351612175727573,103.83976930267175
1.370960617590876,103.894581452792
1.4393509918299414,103.78911886295319
1.3071377209746329,103.86067708030966
1.3695851504989838,103.95054484428671
1.3511428428978152,103.72650493807022
1.4171367540555553,103.89991500603178
1.2859598624355415,103.80343927540194
1.3480959887607955,103.70824081049173
1.3097101903663921,103.78910045032718
1.4413557662294039,103.80450825403047
1.3426020123306603,103.7136697142413
1.3658030854424128,103.89173565740893
1.327005358739206,103.90016536983173
1.352518604604231,103.70221467360733
1.401360078956631,103.91009685678192
1.3037570530253886,103.91494726819136
1.3494990121743033,103.72254228329591
1.348578060107111,103.722211779638
1.3341845226559113,103.87116683726235
1.3491808363111548,103.93264816162555
1.3719763093367936,103.95438620128711
1.3663168911408943,103.75228372746618
1.3595777710912156,103.95785892578857
1.3483576501587249,103.74518396843966
1.4042790250483106,103.90827421081511
1.2842820815563003,103.83159332071075
1.3905831369740724,103.8916163502924
1.3754546387151563,103.94244743919292
1.3778060935068743,103.88972475967186
1.3149471032323021,103.87152344961672
1.4201337337353606,103.83912603242345
1.3260271708466151,103.89967228593478
1.3706980743088568,103.88713539582623
1.3709723594006102,103.88655238034762
1.3996288139584965,103.90323417836898
1.3789074593409845,103.93723442720648
1.4364990133569715,103.83704987182799
1.3522348639696875,103.72465895523148
1.4380290198150711,103.78044884729489
1.366981357018023,103.89821878034935
1.36304259133024,103.962031130954
1.3600276593674703,103.93711206976525
1.4309960543487203,103.8310452721412
1.3318384240345909,103.94092845777055
1.3358046036933435,103.6930479955315
1.3258084642730705,103.91986587321065
1.2835556975420168,103.82336451036166
1.3393191998533116,103.68919836300259
1.3503762958218561,103.74387102434982
1.3276934013643906,103.85602609522034
1.4013070807926273,103.746743740607
1.3154675335248707,103.8716198211526
1.4205560247754707,103.83414865771745
1.3829029699162956,103.94427812757394
1.349187108137949,103.70076098477298
1.4471337652655138,103.81872309396172
1.3834477405433678,103.84214564776512
1.330830564965296,103.84281760858488
1.3778556808265146,103.75422933469581
1.3262538142084144,103.93013379117319
1.3545476765171136,103.93374638362002
1.3917416000886678,103.90981242049529
1.3539443605456882,103.86935415838322
1.4429609313217535,103.79685699649859
1.3518876462324727,103.93227876557225
1.3829101111993731,103.76391034387679
1.4270722980766657,103.82770280467908
1.3473399533044863,103.84781085237782
1.3472049872093759,103.84877931983499
1.3492901545168352,103.75594935118453
1.4224785066263534,103.8449056546468
1.422748568004997,103.84502701848794
1.3613994116984987,103.93865251414896
1.3660532412192492,103.94310887726019
1.3299169042566716,103.92557994590685
1.3366487604983834,103.85929982685042
1.345842414567842,103.69165065789261
1.3043136119447112,103.86469522198459
1.3917724164571124,103.87331202798653
1.352509343921087,103.86876503094008
1.4136724901942577,103.83755924031264
1.3267882699718139,103.72134320155943
1.273920526243309,103.84027053590599
1.4179754684466401,103.8353873010438
1.4188040330248333,103.83456441117626
1.3736712014401284,103.7748440400975
1.3282955666995375,103.86123587474883
1.3580766879739115,103.93755435518665
1.3460931441219843,103.74086858102285
1.4443749976835907,103.79384042953406
1.345325221823764,103.73057649089945
1.369279911774583,103.95139220857521
1.3048339652322538,103.7817097105279
1.3433613952833139,103.69982973272171
1.2769288269394763,103.82182191987062
1.3890578244550382,103.76122007229735
1.387363630976715,103.89066042612853
1.3520236284418659,103.93199078072529
1.3379019977831854,103.72019781868607
1.3743158543959837,103.87615322324183
1.2984758414327089,103.80359049233077
1.365850105795218,103.96403415785934
1.352288573611875,103.75464010356977
1.3247411947304064,103.92396432185916
1.3101641122335574,103.88314352446875
1.3752701512015741,103.75040175700157
1.3938035624465048,103.88562353044341
1.2869898422032504,103.83909854943678
1.3930735414698818,103.91427650645944
1.4321017018497153,103.79530073846246
1.3761753866581181,103.74517893761511
1.3649953892658866,103.85311293699638
1.3148269763099765,103.89663584121404
1.2874486619833931,103.83123693881325
1.3520621998354316,103.86968118789254
1.3487307820650767,103.72725010535888
1.365558855982645,103.94326405016905
1.4020434987993786,103.90179104717653
1.4311615820490984,103.77909366586738
1.3487482026816338,103.7186915887762
1.3356040136454765,103.84884413020725
1.4486245599911474,103.80285803254776
1.34930426874814,103.75709571134728
1.3234475675102852,103.90236284228064
1.3353431103183528,103.85695699087319
1.403796848033811,103.74609373011863
1.3820467678195845,103.89539479890564
1.3664083255418968,103.85430933735456
1.354607893964489,103.96216275772579
1.3060551579682385,103.78205427822374
1.3556735422630073,103.9330078760103
1.3533080436316,103.71982797254456
1.3671701561654077,103.95484661004718
1.3961142225704983,103.74424446452953
1.437410039295737,103.83879596965762
1.3293969596015969,103.8880781106117
1.2926952399060216,103.80277377915914
1.4479281322669806,103.81740627514804
1.318053459312312,103.9012413954392
1.3263803129923015,103.85953935221684
1.398329641894594,103.92177447415256
1.3573213083072528,103.94544997620157
1.4299548566764686,103.84712818143997
1.3970560248706279,103.92084866907012
1.3809364876741068,103.9436542758994
1.356512106189861,103.95860010178613
1.3636728368526272,103.93580992760005
1.3821600980195061,103.74953789065113
1.435470802511743,103.82764767045714
1.298268136085073,103.79709737288172
1.3084134571418886,103.88489811641573
1.4255643138151084,103.84735377178845
1.3087839272179713,103.88492184731196
1.3782053024832461,103.73516222375596
1.440482619425728,103.79608593444685
1.4037205516690046,103.90045439961243
1.3653424361197828,103.75212710509045
1.3587025683962384,103.7395543282099
1.3483478835072766,103.72726035426167
1.4504609870955107,103.8321022706913
1.3111660708219854,103.76693701730458
1.3358331939175692,103.85082942104948
1.3634897675340178,103.75217333933577
1.3360869567310396,103.91268338446491
1.345887743759598,103.70826178793324
1.390947835276907,103.89181307853134
1.3752338085404814,103.73802885489935
1.3965337263723183,103.88863274712553
1.3294857681983983,103.88918689389489
1.3203492123638734,103.88426197559576
1.4026537672594623,103.74452374886519
1.3476931251384103,103.70781336942817
1.2828615682805469,103.8303918587832
1.3624388077829115,103.74742539524912
1.451482189887829,103.82139558151235
1.444243213525158,103.79090092374967
1.3591373429605564,103.83062475412908
1.383778261023819,103.76664188110134
1.3360319921286161,103.87255550581989
1.390089101680597,103.89345422015036
1.3190532824100247,103.7656079315157
1.34248261406789,103.69437114188867
1.3865580181224137,103.77055994577253
1.3584384068828963,103.84388400985307
1.377080066945709,103.74193413355414
1.3943225319906454,103.75055467675628
1.3992666766110091,103.88887723962479
1.3631458246956154,103.74759418360203
1.3409785281756796,103.69790547469864
1.360948535247923,103.93867443857282
1.337175975313485,103.72334607710883
1.4367282078691743,103.77480925513053
1.392647508644292,103.8782522009636
1.3795314741217701,103.84061688420891
1.4391793761752991,103.79890627672881
1.3924963743375252,103.89233322490904
1.350103373998586,103.69845628369536
1.2781550309226257,103.8295197072688
1.3760827240151956,103.74884893147731
1.3768506744143105,103.93371461302377
1.334006223557857,103.91221467352969
1.3397145555025227,103.70209711794743
1.3525469023585674,103.88373965605946
1.3659049212198051,103.95514307803568
1.3732459047732333,103.74540056583731
1.3941111344512962,103.89441452201112
1.3183050944542636,103.76757136982071
1.3365047920979565,103.69573032611264
1.3206039500747555,103.86195226252923
1.3721136886003278,103.8892084145455
1.3068501842279006,103.88457070032923
1.305001121004574,103.76634365471429
1.3960812677013315,103.88060754627706
1.3892097457543504,103.76731151630896
1.347089328200187,103.84807899926889
1.3428930756688295,103.87294536760479
1.4263684619017776,103.83646533694512
1.3859231169016921,103.88285524649947
1.370171191952134,103.83577740243415
1.3390888560305736,103.84468303424515
1.3755388814550478,103.88252942600249
1.2787619974164433,103.81843791819654
1.352786065000735,103.74453576744068
1.3385432161525457,103.85791039697638
1.3380438495048743,103.69676969651532
1.3265724145663784,103.9034878704768
1.4342397367735806,103.8290821999936
1.3997422813403229,103.9155058439028
1.3393534592436624,103.69615287859939
1.453724182627291,103.81965619214671
1.302173351859114,103.79658220274747
1.4428652063880965,103.79365942887348
1.3337883725394872,103.87039985667865
1.31233161727696,103.76992624478709
1.3756957476690228,103.83711380052613
1.3487105003283382,103.95447408685015
1.349610860374913,103.9541069721349
1.3969834240965207,103.90572957018342
1.3496454054438711,103.95534190741655
1.2855446353343913,103.84228928742422
1.3757317310149269,103.88816860983255
1.343785106452645,103.69828350700631
1.3585068336928836,103.83011161918023
1.3271010148518791,103.92492239729603
1.3055156460003257,103.91302545756103
1.3187034455677633,103.86297313935555
1.3677055728101908,103.8401758329487
1.391085808715927,103.90540906683927
1.3418266672483445,103.93643750952039
1.4420276427016967,103.79013798890654
1.3501720055516144,103.9326501843248
1.320821328314525,103.94543116167229
1.4431322468727275,103.79507477095486
1.4194333440316913,103.83310478751196
1.4221720918578367,103.83851586059862
1.3799561278045513,103.75168931379787
1.3865706679400547,103.90315822006403
1.3730205661737982,103.96246259181795
1.4293663086971116,103.85068221736196
1.37465570914432,103.8725392909466
1.4035608442544862,103.90058074735583
1.4425858943024337,103.80795824961987
1.3878567252340777,103.9072869375336
1.4516186306020793,103.82779193751577
1.4336318392370828,103.77649829478719
1.286964440124873,103.83030392588694
1.2865977528155852,103.83082290190612
1.4480789112836838,103.80161245490636
1.3934552738351236,103.89900618489246
1.2884795677867538,103.83284151888093
1.2804163556698205,103.81238284208253
1.3895988963728123,103.90965574085465
1.3715710964085377,103.88424496318912
1.3504675366335155,103.72330224871887
1.443808437014576,103.82299327641176
1.4422001407722498,103.82278560192876
1.3515230066455746,103.87944938336936
1.3765009897512348,103.73927134695342
1.382059171048979,103.94440239195214
1.3467328585470049,103.75722030246689
1.4223660832622211,103.83721725899547
1.3706126466333848,103.83462676236778
1.4197060115947224,103.8419047840103
1.4201069608451764,103.84299614366877
1.4314007392513128,103.84961247311303
1.4337531633589349,103.84722839851791
1.3734309254889319,103.84906932137217
1.3740134441962544,103.94760930907972
1.3508042723463156,103.95404528538013
1.333280682283953,103.85561956373343
1.3557396653853373,103.94661705060783
1.3094782398093041,103.88326055397818
1.3858447268825176,103.89308482815012
1.3862240042995566,103.89750105426742
1.449965136955462,103.81656204686574
1.4357953749264192,103.79211720099845
1.40229734811675,103.75043686786016
1.3073063331676318,103.7847094597084
1.3097007684729174,103.88346187557636
1.3453013889009617,103.71550115151292
1.402288008898141,103.90209644707934
1.3229116119852427,103.88531800205062
1.306422556795683,103.79469293991535
1.384189811489272,103.76745102614359
1.3373544903427765,103.85044443003524
1.4358692040207652,103.8286219835686
1.3542616293559018,103.72252976188128
1.3702073435259368,103.852429685403
1.3817626231211986,103.76167973469197
1.3854833575547765,103.89813391436807
1.2968242951037228,103.8533426566681
1.3380616310531463,103.69813648982944
1.386653659290029,103.7578314321474
1.3922405552806854,103.89274146831663
1.3741698073734785,103.95735661062604
1.3779386234220417,103.88825764467788
1.429951963855757,103.79640620193577
1.3582080181497607,103.73919845927495
1.383231523000287,103.94422157626991
1.3899391429384471,103.98879340164483
1.3766652913100996,103.84015172449682
1.3060142101103747,103.8573479799153
1.3529798838830034,103.86598159751347
1.3658277237938032,103.96327852233581
1.383350074339321,103.89455467651582
1.2758756167842222,103.8071967572862
1.364648163407033,103.94202288888695
1.3381376831448797,103.92260214505671
1.3766818230065505,103.878170903766
1.450726181472479,103.82769066943061
1.3630856641338411,103.89461374767113
1.386077669997513,103.8822002962717
1.3523791073770057,103.95250321671898
1.3193972530205196,103.94361899043359
1.3822708982486496,103.88014488432553
1.3983188714914778,103.74579675442757
1.3909106734113263,103.7429015986764
1.348574790844601,103.6994875638088
1.4411305153575642,103.79272093381324
1.3395308266694872,103.84858619561172
1.327720262122188,103.9367012639648
1.3925719107577321,103.7490953366541
1.3947952662888756,103.87022806146858
1.432077530663995,103.79439055254069
1.363759932163803,103.95329892987623
1.3954966318765563,103.91233960695426
1.3967257617861768,103.74973981115157
1.4424945970865108,103.82257549245524
1.442499724028167,103.8233516658476
1.2771268901528419,103.84306601289713
1.3554000316355412,103.93509303380513
1.3445202595199046,103.70579448478395
1.4057602981703035,103.90692712406711
1.443081362375811,103.77338092281111
1.4269342197145682,103.83158718784769
1.3158298796037253,103.89896907207611
1.4335936205250055,103.83015560425142
1.3284582514975745,103.72328595218379
1.3948015010258221,103.90484298299592
1.425318603987091,103.83401622414418
1.4098460511875575,103.90199561922371
1.4102988290520626,103.90213739065726
1.330147080287108,103.91030774645904
1.4404287403182372,103.7939817467992
1.4305024406788616,103.79768291517837
1.3188091970168545,103.74923356517934
1.37464583328942,103.94214845231139
1.3495893730747452,103.72723480289464
1.4289629723350221,103.83243429698794
1.4217238273389352,103.8374649637449
1.4433640553722105,103.80239909005327
1.3158852820007518,103.8983374720737
1.4395887199123343,103.79234034047643
1.418969896106062,103.90301707238548
1.3996027300550506,103.91754114445567
1.3691377523809005,103.88467808452486
1.3633465130070879,103.83484014416108
1.342902919667346,103.87788240544492
1.3089414054746393,103.79405329529354
1.3614195471620831,103.93670078185268
1.3472306244486532,103.85346179934055
1.337828360328838,103.77263331138609
1.3417738634710832,103.70222542691505
1.3429465129631453,103.87729787488946
1.4305527340155701,103.79627042146733
1.3252671018458333,103.88946181050976
1.4174609971935792,103.91062546429312
1.3500716284997352,103.94120371959785
1.2739374556874656,103.82699648628994
1.3711205270349265,103.89415076464311
1.3113432130551168,103.77109390352994
1.3438359449498882,103.68875147350198
1.417011286207722,103.83223000500273
1.296201002648976,103.80926141987908
1.3669280295961619,103.85800937175473
1.366181404833354,103.85718014139024
1.3897830738184267,103.8782583463944
1.3777398369758864,103.87980077750385
1.3534119198034489,103.96318038127238
1.3769993884465075,103.94793480300868
1.3698943946657298,103.83649026430777
1.2907852503098745,103.80192377836015
1.4445643046465306,103.8185610988893
1.4157492722826366,103.90106931293076
1.3902550964240556,103.74238864663027
1.342669681145216,103.85465975350532
1.3623382961929036,103.95811378076264
1.3248346067800594,103.92633956575968
1.4484158989948954,103.80108324182235
1.3978123064797683,103.74453747813114
1.4383876338434425,103.79835806701506
1.3342979124020935,103.87872347723447
1.3608267667124825,103.73232142723604
1.357906230594186,103.73333208838517
1.340971122740126,103.68985658634821
1.367805957276628,103.93466801127457
1.3501892803456566,103.95576182100409
1.3500811268248496,103.95411804754954
1.3504025059745748,103.95489777027608
1.350953974756691,103.95549152023898
1.4131210442681563,103.83804238845397
1.3213321709092203,103.742848407621
1.3513235852431444,103.74952891561628
1.388284491746964,103.9030540957672
1.2877155765325174,103.8187753873665
1.353896772962147,103.75113333962454
1.3402164275712076,103.74378094032106
1.349810117133835,103.75814087110294
1.293802591146675,103.80318241123499
1.3685819602992564,103.83155875737542
1.3564640591538768,103.84919555042919
1.356648318930118,103.73558512045453
1.2746796807251974,103.83527803285791
1.3242765367543197,103.86182109930165
1.3770922713280267,103.73889065511358
1.437445778792102,103.77491607309396
1.4156838322524596,103.84009031556998
1.4155006178004796,103.84044634434159
1.3900267029876165,103.90572306336836
1.3532017507582532,103.95007293522913
1.3129344973410757,103.78684919003992
1.3528171189448313,103.95290524151446
1.3414868161618407,103.71104361945625
1.4198128843448004,103.91088421972893
1.4331584747910795,103.84747952988555
1.4057715700633726,103.90961675914299
1.4061700342029535,103.90892488322974
1.3488479648944873,103.74204010978355
1.3364952172031963,103.93637209074613
1.368194095834434,103.84023531085558
1.3552640991363336,103.93939127826995
1.3837514686712538,103.73998959619377
1.3569485365377407,103.93839249688084
1.3507581514788791,103.95499591999017
1.3879292523557898,103.89348516518773
1.4331659115062727,103.77663542258742
1.3014648208019153,103.88351040839018
1.3566641631787244,103.84933517018828
1.352296854989362,103.71959335841403
1.3519633399184732,103.88854432232723
1.3506824512142386,103.75931810007849
1.438762289142844,103.80367126161613
1.3141883150299578,103.76441718745886
1.3142330978144048,103.87283317019929
1.329621500375722,103.88720243143544
1.346604830198038,103.88836254689032
1.3467367228077396,103.88906062317938
1.3470267989146387,103.88821081124733
1.341706481947159,103.7367174261094
1.3685658745018623,103.84324565713885
1.4508636186630512,103.81879800093101
1.3818153892704272,103.9426161490898
1.4206475020566027,103.84312189627032
1.3611173508938765,103.74793877447357
1.3606360870175538,103.74760352053923
1.432799403461849,103.78738972255226
1.4339660551810423,103.78668536350358
1.382950224095765,103.75286862945528
1.3810807878040672,103.94403020306736
1.3292802152076488,103.9224530489035
1.2986230937517413,103.85229473265154
1.4000069877868073,103.9168170999362
1.3829427506922596,103.76827995269078
1.3626872438622377,103.73900531855006
1.4285006042938884,103.84409203928757
1.3295021111744518,103.94040227934684
1.4559762647552557,103.81540488164751
1.359153649040024,103.8317324162391
1.384521024668309,103.89635096110416
1.4013641981657143,103.9064216611473
1.4131785052893646,103.89841788234723
1.3674570499890657,103.95703778365665
1.4410427671351524,103.79798732847105
1.4344227797713838,103.83517151107168
1.4055353556706458,103.8978154783384
1.369205845228167,103.94983824353753
1.3509439227150415,103.74936820477068
1.2802732645474884,103.82452175987589
1.3396514425021597,103.74459125002045
1.4318959155112305,103.78518751197988
1.2723483479956694,103.8105528722386
1.4394099236483588,103.7764557971537
1.3742401445519874,103.94613777559096
1.2893165514658083,103.82922624586158
1.43520028672049,103.77714846175564
1.4169542697983373,103.9107212538993
1.3482437169559904,103.85390020606589
1.3551253720687806,103.87237365880878
1.3830109885929098,103.94409449295517
1.321002841418959,103.76697723868276
1.438535356583843,103.8369593140583
1.369179402979006,103.94923644666972
1.3430036214726315,103.71470307094198
1.2830846293315032,103.82279937024317
1.3967987701403943,103.88921933661793
1.32883975171668,103.93787283563056
1.3275825449777612,103.72463376143266
1.3688256202256044,103.89795058304642
1.3310360691556653,103.91520088171598
1.3187473990976228,103.94336447606857
1.388952427444704,103.77264434044199
1.4142927022323506,103.83959257824498
1.3902232636204284,103.90494515866729
1.3409671135952559,103.85439837007654
1.3383779748144902,103.74435066044289
1.3466241599815192,103.73482809980682
1.3476409169660304,103.73401707133993
1.3745065741091609,103.95737512386359
1.2830581035376996,103.82864339033362
1.3942467212056757,103.90599314735276
1.3011404641784452,103.76334375317104
1.3129340910415441,103.78804650583868
1.3935300579409358,103.91444506861052
1.357875072386886,103.83223510918683
1.3820484543482832,103.88036555155936
1.4296061798780666,103.82884678971622
1.3825324763481934,103.9427834334142
1.3649162282906042,103.85634183755074
1.4330129232875062,103.8324098240972
1.3794613716012385,103.89126102742634
1.3618555361337863,103.7322354578282
1.3707116096458256,103.8798744243346
1.3953159407843296,103.8910394860882
1.3474718562191734,103.74912012565538
1.4433740534226327,103.80387558263665
1.347494585494174,103.75359358501383
1.3790993289181892,103.8409339332167
1.362374603756688,103.935188227322
1.4342259871661376,103.79868224603028
1.3056995849627755,103.91578557781735
1.3481849008783777,103.87558307469216
1.3569254905204295,103.84515686874636
1.391268100092397,103.87394614197682
1.429445557014057,103.77638675585925
1.4002648979857728,103.89821942764762
1.4192333385869202,103.90281176546456
1.442297490570245,103.82176679081385
1.353111445446639,103.74293944091214
1.3498813635998963,103.95461520414024
1.35000865269612,103.9552305122337
1.3476349767591238,103.94614342528435
1.3512721091029791,103.73100759453821
1.3788460046439985,103.7656611897269
1.3973240516108731,103.87658410004546
1.4174940800912352,103.91123720148565
1.3869953120723755,103.76809911819504
1.3928976403763684,103.87032320837417
1.3922525174096636,103.74349899162227
1.3802560547983185,103.75201849361864
1.3659360735405792,103.93967075772031
1.4140567640412398,103.83778457509301
1.3937785352339984,103.90348852824603
1.4307292685843014,103.83731271924646
1.3550637188434502,103.93573653034922
1.3480622135085796,103.88922804698835
1.401695011073577,103.89993600086413
1.3744563419979812,103.96086679041568
1.4336085689178992,103.83960580898788
1.3405218442653717,103.68922047536991
1.4296110334226317,103.79216484163085
1.3745752437039207,103.74618447771158
1.337067060756737,103.69697139016299
1.3488899797587093,103.87596616001655
1.3767462664945078,103.83720331767508
1.2869501391619378,103.80632756724141
1.4276775730552358,103.8423047001656
1.4305147092749022,103.7968562869303
1.4260298854819515,103.85114715260391
1.3610750985548907,103.95725014204976
1.3784877098494284,103.89580309824979
1.3158153458224808,103.84962627433696
1.3294833725248232,103.90219179072508
1.4307160988521697,103.77225714961587
1.3321533035797937,103.88630733657179
1.4165799423566288,103.840953863674
1.2811184462855585,103.81111539712813
1.3854723286620632,103.77067473197764
1.37685311844214,103.76844031548963
1.3350475210003485,103.7244836143833
1.3760566831397536,103.88149341597637
1.3809932983707516,103.94368009212091
1.4009822654944082,103.91293395046294
1.3409039402583032,103.84431854177485
1.3504679877994235,103.74445841490812
1.3819320658401264,103.74159082945027
1.3660316796833507,103.84225594699545
1.4325790160558396,103.79175733578866
1.3334728785919652,103.91769040517417
1.3468405134670483,103.69903715378037
1.347626020912074,103.69734271159442
1.368652607827652,103.9608581984462
1.3474669048820527,103.93517739425235
1.3428331568719634,103.71420774639971
1.3452656288056437,103.71888082954716
1.3500350487632062,103.74990978516095
1.3953054032598038,103.88802327952604
1.3525347270451682,103.96028402470148
1.3707313712085116,103.93584977059868
1.3479491886651764,103.70905577780992
1.3446163506867268,103.74500165710616
1.4526588978265988,103.8209924726501
1.3954686146810644,103.8949040669134
1.3763386667805544,103.73849958328834
1.3760074000654066,103.73912134897742
1.3511018733392564,103.88913336443831
1.3779241935715811,103.77317522199463
1.361376027498215,103.93726552905859
1.39470010844914,103.74788397157938
1.3231242960767995,103.85400397263898
1.3799744193317436,103.76305732783094
1.3204671383490096,103.90135471278101
1.3698596107032368,103.83414212635593
1.4431049432608152,103.83060033648748
1.3253943358580738,103.88905416192792
1.439644352233852,103.83773643657113
1.3384399509058245,103.74620211273172
1.356985530540979,103.95386084289102
1.3071885664706389,103.88276678918277
1.3284142558899577,103.8568112430601
1.3167938725598416,103.77088056658503
1.383534227480372,103.74338164072492
1.386323811791855,103.91117099682121
1.3003420778070716,103.85346535334402
1.3175423265952557,103.8605111636963
1.286905455188724,103.82890979165545
1.2868694034525945,103.82911205435622
1.286130729782704,103.82945437564062
1.3700446387558327,103.93550324745334
1.3864406705061676,103.88175188551413
1.4439590496479962,103.80248915588199
1.3464885659420516,103.70705848781537
1.3931988975338285,103.90640599160812
1.3819703954316853,103.75283345569669
1.3850443534719203,103.74332693504525
1.3754656065737147,103.89372988671869
1.431755940767732,103.83656005607409
1.3402030207920639,103.93683177388291
1.3234645692992788,103.85391444362169
1.3324064504670707,103.90559697478676
1.4359569592207726,103.77472540455855
1.2735058610263963,103.80721774574498
1.3533350087375942,103.95984796342964
1.3420526536115078,103.8742933319303
1.2841203468306632,103.8207795525431
1.367316006863957,103.87480866383324
1.4192784619114496,103.83532243038819
1.28910270685091,103.81367995613948
1.4021991464174235,103.9110812439592
1.3354140270598562,103.84410000919976
1.3573979170264086,103.95502968105889
1.34542843338608,103.70346890075443
1.2839888447285726,103.83105780472751
1.442687641174072,103.80743895473418
1.4318368431430955,103.83569011656266
1.3634367962682974,103.95889686694974
1.364190641456661,103.8914696290973
1.402844824767897,103.91566099901507
1.3874204581016705,103.75931128350238
1.3384096049814092,103.93897022162336
1.3589485158060617,103.74043345678362
1.3770584720237309,103.89173287532995
1.3731937330420863,103.93840854460657
1.3613094650878477,103.84493907579467
1.3599300371245668,103.74756299035995
1.3352948223288903,103.85516164239232
1.372659835825298,103.83620176263518
1.3387840658760812,103.93731226779973
1.430194766689995,103.79584965393552
1.4327849212302017,103.79669909583504
1.3751511513845633,103.95922193788347
1.3480898443939628,103.73377900623608
1.3577967636909294,103.73635962891126
1.3649536090863368,103.846057497515
1.369649230555766,103.83467320925791
1.3676426983615568,103.83475949747294
1.3395426345636317,103.8448890634145
1.3702297189226293,103.83467885018894
1.3705789964189514,103.83597587387221
1.3399799050017174,103.84523193228347
1.318280698842548,103.85939662306758
1.3382243325339258,103.77196412697718
1.3826555590225347,103.76960966680531
1.366600043165488,103.84523299062917
1.319605450246956,103.94580180264677
1.3215270565463215,103.94158033362321
1.4090882116943453,103.90133197788397
1.3624273605688368,103.85786475016856
1.3523189293959565,103.87863974716664
1.4048019912979899,103.90490964006027
1.4261243794361413,103.84593228732382
1.353335176995403,103.96106622829461
1.4200339472144157,103.84195200970568
1.2827772192528266,103.84274162153565
1.3967015224500015,103.74924242363316
1.4182879172220035,103.90614460892986
1.4180974882194712,103.90584769708572
1.3752085270827075,103.74121099201366
1.3400190803802812,103.69591867781682
1.3675801854590182,103.9526192375004
1.3608493344597759,103.74998386560807
1.351512971888616,103.88930881220101
1.389129160728729,103.771717270382
1.4023070892605956,103.89103851922918
1.344526682074584,103.75529416995852
1.3328358474861688,103.85924336711365
1.342124306539888,103.87220236705325
1.3561977979016706,103.7349104717604
1.3790352677430004,103.74160011939368
1.323314186799748,103.92358921958731
1.3706673992964102,103.88147389559346
1.345558810072204,103.93687088000536
1.3281698585462973,103.93889403335027
1.4471328021598435,103.7721695361939
1.3939237607735466,103.87760718055307
1.4257392249134861,103.8340216968268
1.2871631636053316,103.81880405573578
1.3214090794968196,103.90062834739595
1.397585838249968,103.87874695340118
1.3628702126988554,103.889827714876
1.4174595210063152,103.83137244291929
1.390383115831448,103.8981214832729
1.3227151787649045,103.93542717780231
1.3418226473933437,103.85511593402609
1.4459714026048915,103.77358800745164
1.3793041657794787,103.74223943762306
1.3073916308412104,103.8604736415553
1.3414175559078274,103.73582407586112
1.327738994971648,103.72239882600232
1.3727331979203494,103.8875849121521
1.339807194567462,103.68656582882538
1.3734221482132558,103.8936685779112
1.4180520872510411,103.83779390311949
1.2918078152331784,103.8265713740332
1.3613625931533193,103.85170792580429
1.3441514406282786,103.70286941801368
1.4505362827760415,103.81913254892868
1.4197257678703274,103.84272235526304
1.3716412936403783,103.94960761249423
1.4297773973902503,103.79260682382392
1.4164283474969734,103.83217097758181
1.3677120910151643,103.85424504009362
1.3277841245515873,103.85963099623996
1.3419513412345712,103.74503691565205
1.3636475649077795,103.94165452954712
1.45016549761128,103.82705883314443
1.4141059607357886,103.83588399776313
1.428147756388369,103.77281807688293
1.3628863757204541,103.8355481678255
1.3903978894784594,103.88636728833148
1.3683843202505932,103.95305820658315
1.3372210353187988,103.70075234881944
1.4499612236168298,103.82037980298342
1.3901166396033346,103.89776393307748
1.3541413954524784,103.71760435803294
1.3610940877319875,103.73222282254706
1.3312498846687006,103.7223704514924
1.3780061455168824,103.75518852401078
1.3111295237305458,103.78754616338979
1.3651801505324095,103.88946459685823
1.360837899452884,103.95054746275629
1.358044975638085,103.93942262021106
1.351948847190207,103.75496458115315
1.4066324438152886,103.90844649901611
1.33631306927597,103.87440514300312
1.3034877304904822,103.76833696481829
1.33684892177874,103.87452445735815
1.3977951052331705,103.89790671395224
1.3742944240904047,103.77064829616901
1.3836299693500238,103.7719869602475
1.428353760344721,103.83411792482428
1.4373100673490373,103.790214786018
1.3592219953481548,103.95643926634786
1.3504691773265842,103.7572674377209
1.4434067640830406,103.8073035416094
1.3582147597808978,103.88877320926537
1.4196366523267734,103.83252439992438
1.4196419227173316,103.83347886025774
1.2868483827747166,103.83281936017941
1.3710784814996846,103.8418020876029
1.436200860006583,103.7951928258354
1.364475768671431,103.84949443664091
1.4481497483624228,103.83006630424813
1.3715534986962028,103.95966862822779
1.380444519079509,103.83881518589834
1.327159429997888,103.72240100886091
1.375850941456976,103.94044542709052
1.3043872008312158,103.76651826643752
1.392859430562519,103.90328318460944
1.3819802965146815,103.74021172146328
1.3851336680498616,103.74296506655097
1.4496265649009703,103.81889058319446
1.3534486785768702,103.88751173383592
1.380424727313861,103.76823699627502
1.4270446187240806,103.84713028469731
1.4408486405432703,103.7987013750156
1.4305615759302233,103.79840438363235
1.3170378022806033,103.87935924211048
1.3717588635469644,103.83597326030497
1.3906759749712505,103.87140018692881
1.3256656928444162,103.88944760245622
1.4449671500959798,103.77348721191697
1.4189569772459882,103.91139702562664
1.2959830323359782,103.80717118274738
1.2971454487422887,103.80664335524895
1.3418418601258633,103.68681014117483
1.3237835894340981,103.76272432820953
1.3415068898418623,103.69980206183789
1.3889075878738688,103.90427820512603
1.3803237600200835,103.7353323461784
1.3489618269927885,103.8480447961947
1.372146584206444,103.8995607898363
1.3689545996135632,103.89867862942543
1.2946437403690956,103.80971045788283
1.3525536015231117,103.75492568901576
1.3763960821542482,103.90141093098359
1.3804164789474627,103.74252657913895
1.3479977486221795,103.74359240821367
1.3501735882129395,103.83791042644421
1.357395900482736,103.95384750205739
1.3576267768960317,103.95450568532519
1.3899128939712175,103.88049874436962
1.3170946102950367,103.85260784866014
1.3567582047913247,103.88875184361864
1.3636844017291816,103.89406868280656
1.341322149831729,103.70135665961052
1.3383736659968994,103.74378468561197
1.3410213939505682,103.69953483162449
1.3201797694814337,103.74118036364952
1.312121250051999,103.76667054717352
1.34248284065678,103.85417373850838
1.3684938968325875,103.8983900034474
1.3494802631519154,103.84956823419138
1.3084234796854197,103.88733576688843
1.4328623593275336,103.79201799563889
1.390199803848581,103.89157754778117
1.439160842504224,103.78001245277183
1.4361127492895427,103.79899417496006
1.3173453682339775,103.90137708843294
1.3899082445528828,103.77297889180711
1.3831489884146422,103.90009110609395
1.3406853562051217,103.85429853416981
1.2717081213059989,103.80986063759524
1.3827284127366626,103.90131171923052
1.352294429849288,103.95637762075117
1.3467694780097357,103.69550030127016
1.3170344785303312,103.89775252867955
1.3004681914354916,103.7641118720958
1.3199302547822152,103.9005715570289
1.3444035539003456,103.95414158859505
1.2725266360718341,103.82562110812606
1.3670994986323342,103.84698494517143
1.349087169125912,103.87389309932419
1.4166815108062132,103.84037549010853
1.4222368124979972,103.84954201903875
1.3249614031992492,103.86302713655756
1.3487807780176089,103.94369361797257
1.3797198651369802,103.75653203366356
1.346825016723642,103.73099660300734
1.3792830955664732,103.75295745107988
1.34607736057933,103.69439879016194
1.3463188661657124,103.69333980844367
1.3450038612842676,103.69471207502255
1.3054143416424069,103.86322110600065
1.3754850155571747,103.84892722382774
1.3740644559042257,103.96005766385198
1.4307681425576797,103.84959581275622
1.4196576782705213,103.84062843538386
1.4278972825755178,103.79529146116812
1.351782384642521,103.95356189418212
1.3343202078875787,103.86591383538006
1.3432642013569265,103.7001208358298
1.4060886376793882,103.91214047511846
1.3171322166256088,103.76540561550459
1.3353210162015403,103.84925360611331
1.3218072225860849,103.9044180807325
1.3221997111693689,103.90416721577763
1.2757378330287612,103.80918609163867
1.3813279218010117,103.76156147965777
1.3818205450054322,103.94254852696345
1.3444164401137986,103.73916831795924
1.365197117508069,103.940521751585
1.3403746314355043,103.73792501444467
1.3741897048023082,103.77623970193507
1.4278340392231859,103.79376058056515
1.3701078603611152,103.87322552200644
1.3782277989377814,103.90177754312509
1.3554202911004416,103.93869091020231
1.3906098511241247,103.87092437916381
1.3562511854734818,103.93483832451386
1.4008349585478632,103.9008966209109
1.3714056541080966,103.84657861172374
1.3780761080484996,103.94070113154855
1.3010843979168427,103.90673988632449
1.422076813495325,103.84541716572554
1.3525527508637887,103.93504645335712
1.3807554941572506,103.88910983077643
1.4465103656410765,103.82052497944368
1.3343723349945826,103.90721671117473
1.43729815210583,103.78221805148742
1.3891382471764617,103.74207154456036
1.3774630485030532,103.90421025709804
1.3394115936159923,103.69990803054037
1.4264696974310593,103.82896773358449
1.3956862668241217,103.88977714835441
1.363247881536628,103.94016162979727
1.397299049096049,103.90531691003186
1.3407190891665934,103.7405521207326
1.3453269299247357,103.71288008479453
1.3444657411848773,103.69816228774732
1.3459412498433294,103.8566836768023
1.3859637587763318,103.89266007695369
1.385443827452078,103.8917022812588
1.40356931600525,103.75032354449236
1.3569632972766328,103.84209572073871
1.371094957501855,103.95491198391382
1.3578184652201697,103.74792434578023
1.3335336784393645,103.93041589682998
1.3623504941832683,103.9561544488168
1.3475323148115417,103.75762779638079
1.3215606972502205,103.85566024772982
1.3284854436872224,103.9046917087106
1.3930168884272225,103.88692315601108
1.3861413055898093,103.90406853253542
1.3358850868907326,103.93733577085511
1.3508596212785529,103.71194356180442
1.3505740874909151,103.93942068695745
1.384811225005903,103.76786097376834
1.3449388286997586,103.71946326700922
1.4191750330454784,103.83491822583815
1.375698447026365,103.77364421716058
1.3874628194073844,103.91152338469713
1.3316840537312602,103.85905282984274
1.3966818292887446,103.90665165334727
1.3388720015036155,103.73484007247903
1.3932171233086694,103.87693319255825
1.3119232806274903,103.76699261991115
1.4357550337946623,103.7951591603804
1.3047129004143383,103.78523907524279
1.4427887406941606,103.79540108540382
1.4054200769236271,103.91391864194719
1.3950415522967619,103.91564955941624
1.3484211209266785,103.71945134906818
1.4394716928347024,103.79401054359187
1.347689390767831,103.93244820165299
1.4352102323254032,103.79520172459252
1.3896797852268237,103.88861447265941
1.2910140466234759,103.82869834326532
1.3757563739724024,103.74268531057766
1.363219087018587,103.85071409347039
1.365530896999653,103.74514119299835
1.4156966988430189,103.83529439691021
1.3808795799863394,103.74462017586245
1.3627965680210887,103.85800057475132
1.4469583535962756,103.80050030870603
1.405245044909585,103.89641688425152
1.422365033909377,103.8389114935355
1.422650689315899,103.83957827196315
1.4205516481332645,103.83610036219683
1.4325579767991083,103.83084139838444
1.433556939243544,103.7825031827115
1.3444178566860656,103.75998024995467
1.3522549775928006,103.7030757818932
1.283483204093294,103.83247200495643
1.4001329220779113,103.91205177006198
1.3697091747254793,103.84688597723445
1.389724829375283,103.87796159907839
1.4404692515083215,103.79105204148999
1.3962866797466529,103.90629534952748
1.3662003232510136,103.85008602007584
1.3684185359519214,103.85552353699225
1.3205245084348771,103.9368679742237
1.375378050197579,103.88416739059232
1.3423283035666025,103.70500726147971
1.3784863349702587,103.88285974468621
1.3420687533221882,103.69427224176341
1.394869782997118,103.91256802493061
1.2917445404451207,103.8280302546725
1.3806181948286074,103.94407733112574
1.3677396677330973,103.95841375564554
1.31466695717981,103.77057606272713
1.346280762777562,103.749383629143
1.3879086661436233,103.7725724381664
1.356377234323088,103.93925956916364
1.4046710661503123,103.74632407734359
1.3319070814683935,103.92772998128943
1.2770945226837058,103.8207606780246
1.3813854799541703,103.8965432143492
1.3739923413588335,103.77430492655098
1.3821759110042775,103.94273286694612
1.3940988498188918,103.9094066087051
1.3405381506243776,103.72020502721612
1.3171567226123804,103.89831840812273
1.3283704588095893,103.85153107776453
1.327588502763218,103.92336772527226
1.3771796362984807,103.77308272679171
1.3710486669102626,103.85250612600788
1.3962790720115703,103.91043317272664
1.3796443206721296,103.83651803669605
1.362419741740782,103.93572226245207
1.3210203739749478,103.9398106001407
1.3058690871157594,103.91631649612285
1.351135729840488,103.75965525323483
1.439158711875296,103.78059467562245
1.431018778632439,103.79275550401384
1.3549977616971824,103.73384483881239
1.3828043522080775,103.94443908991383
1.420225959394942,103.83860094783758
1.4219529841354368,103.83178132492094
1.3555038728764615,103.93591723308363
1.2773857177950028,103.84002369876588
1.3596686876286417,103.88817835683325
1.4029431252348916,103.90773898832207
1.2884993458443121,103.81426822809782
1.352263570646526,103.71841262582433
1.3265029198059128,103.9222499546584
1.3501881922122185,103.74645288866391
1.3055015453492196,103.85690563673208
1.3335848431668174,103.91229603668735
1.3038268246242124,103.80036045268707
1.4298231877429324,103.82943501461845
1.3456221759150713,103.94461536914423
1.3932524272317308,103.87201834597836
1.4288333054768794,103.8484016782424
1.3607724875510236,103.73568664202021
1.363102213316354,103.73876040171601
1.4209859586219815,103.83741588587472
1.3223181480224617,103.76243116885536
1.322000904295749,103.76245134251003
1.3422606221103222,103.68872641074273
1.34829337317455,103.87319337492475
1.3048329796503197,103.91861958242595
1.2783637030468988,103.81937978764265
1.3789991200932217,103.77120506354274
1.3703241259350032,103.84720190114473
1.4436540067473882,103.80305376779324
1.3876516200588982,103.90814984332735
1.3299506546556883,103.91244758046086
1.4279815993645775,103.85038817472577
1.4303627400211685,103.84789454268987
1.3067376368645571,103.86089643333295
1.4504856419167917,103.82573817116818
1.4440153010595052,103.79799268844461
1.3702767805924578,103.93434677853355
1.3503255962836918,103.72089990534997
1.350558475230004,103.71990309329112
1.4505429170011215,103.82062212813885
1.4431105161706672,103.80318109899063
1.351074496367942,103.94601751791902
1.387063893869799,103.7669108662932
1.3626887358882454,103.95783531908278
1.4026168558395837,103.74755801050752
1.309368847286537,103.88248435940676
1.3902427403348858,103.88016543853612
1.4062426045509075,103.91157721394156
1.3546374378010428,103.94710404090848
1.3506081009077442,103.93290715543964
1.350512436973997,103.87621481907178
1.4218115234923623,103.83250426531035
1.3978624030423397,103.90852143228807
1.3224512884919704,103.8682299241976
1.3762957531988615,103.84121955495104
1.3999816144200097,103.89863969335272
1.431966596275872,103.79266699713794
1.3222588307692131,103.85527246510946
1.3794215329012909,103.90388539207751
1.370238207967426,103.83948449005703
1.370256726004838,103.89799884193636
1.3312986557344944,103.91379014639313
1.3801147681510844,103.75809925758568
1.3863109458999385,103.89406157713097
1.4160657827204863,103.90126806457404
1.3235706355419756,103.93641263507583
1.330946204181416,103.84511806521256
1.3534360113408717,103.95752665871554
1.3470697088248347,103.75736873978042
1.4202782153178577,103.84666790688583
1.4183334732224293,103.91132365201469
1.3110562518596638,103.79188919244146
1.3588722049296722,103.95633115005823
1.3568100582541571,103.74020704860799
1.282250791911543,103.8428631946861
1.2873965074960574,103.82043812480325
1.4017026535198969,103.89114292124094
1.4466111634382806,103.82912465552785
1.358214496045717,103.95230296383356
1.34220485184324,103.8748223313864
1.4525977634852651,103.81874215622403
1.308155771978656,103.85514646162824
1.4036476251675234,103.89245434215627
1.387572245251411,103.90863295785876
1.3564147867608676,103.93139441539759
1.4515485356994915,103.83176834961856
1.3509186268628146,103.95242659688262
1.4295970297070748,103.83087139860048
1.43226047687125,103.840569283564
1.4460319873800773,103.83096317185527
1.3649035744964437,103.75193816066067
1.4392234014729175,103.79939842523807
1.3548514573850456,103.95791090445348
1.4332720260454874,103.79132292199345
1.327194085811758,103.9368326058599
1.3622572482161492,103.73704108597032
1.360430678425397,103.73388812540533
1.3337358859892836,103.87083769397177
1.3221918348013912,103.86798275391996
1.416673364446358,103.90142388028885
1.3284568370048566,103.90982040447639
1.445003198570438,103.83313789397347
1.4411106931471875,103.77925827116584
1.3374645795406186,103.84318345212709
1.3191300738320022,103.76908690630793
1.356995204159439,103.93424375083292
1.3601889959369942,103.95830413101824
1.3512568826928508,103.88642086773538
1.4253537514770165,103.83450356821629
1.35062108516055,103.93759241045929
1.3476800371454905,103.84934319012484
1.4306870093711797,103.84432499378842
1.3407394917624766,103.74689611599531
1.3179937392353769,103.89740800431315
1.3926808670239332,103.89986708124998
1.334652168715978,103.85240899593057
1.4040907856935085,103.89739667906068
1.3362731776031649,103.72456448086248
1.3792653155085028,103.76752534668697
1.4281338826823482,103.85208309405802
1.3998150181190676,103.92083646905932
1.3505916413081371,103.74568883810801
1.4174136129034305,103.9007839227583
1.4377221852722981,103.83965843918934
1.4027386780704318,103.9023421299234
1.2827613166807112,103.82259030450123
1.3238986969133504,103.86234061973961
1.3827272595748274,103.90310151703926
1.3952778111934054,103.9009888651586
1.3924051286920744,103.7473988707703
1.3199446679943534,103.86841165788655
1.2842617428278922,103.83345545949857
1.3034136772416058,103.9097263347792
1.436009799648411,103.79142388417591
1.364615702960121,103.94097483216018
1.4339188831157446,103.84114962029128
1.3634176281676145,103.96321151852725
1.374737040683859,103.7738127003302
1.3908764030917926,103.90784576930166
1.3550988195767275,103.8691259867104
1.3485934370428196,103.93257324473764
1.3222826656831719,103.76923811280695
1.3552808722822887,103.94047145584246
1.3057361469210558,103.76213431635016
1.3358833458111496,103.84843849329408
1.3213740841995951,103.8872263278026
1.3620936901649747,103.75062546093042
1.352883232999835,103.95029605001993
1.316989141821455,103.80764197802763
1.400387487941903,103.90101642249579
1.3461426633189528,103.7206293865346
1.3393690622056238,103.70075800064896
1.3552336014673654,103.95873289198666
1.3812836604808385,103.94401533642926
1.3822032876337087,103.74223921232687
1.2841307209535038,103.81454045122732
1.4182662024669979,103.91335063387686
1.3094945773731976,103.88524532509588
1.3098127017497996,103.88586640981124
1.3884113688263888,103.76348943080207
1.2818294296530548,103.82773948520303
1.3356079941215189,103.88003296295959
1.3222601456571326,103.86022334127377
1.3445403212948348,103.73111693854432
1.349301307686192,103.74384535600811
1.3472018513336539,103.72478177875998
1.3249837964254563,103.88642601176802
1.4446893818329312,103.80888998742684
1.333092018357816,103.92477482784034
1.3551901137151494,103.73835589384419
1.3229475766799128,103.86962146550903
1.4427904333106114,103.79275624743705
1.3318453146182279,103.9394154374696
1.4159710581076232,103.90083120100665
1.3678894247710787,103.9471328612287
1.3857955835953686,103.76462711535436
1.365729326767625,103.7454884212089
1.3709297824638509,103.8842594143915
1.4463435221000096,103.80042645511125
1.3470133342406674,103.74485913247146
1.3602180607126912,103.95626145363178
1.4425875954502438,103.77240289549192
1.3581212252511812,103.96098777470255
1.3859913706588984,103.89472988676178
1.3755542842867179,103.74051008611184
1.4037730483267181,103.89853964635354
1.287526720572924,103.81166989355319
1.4182826203361045,103.83274841183547
1.3944609190640844,103.87350271982449
1.4538871098962503,103.81563911911454
1.3192107165955798,103.76388696879947
1.3079730388867374,103.79996132135813
1.3900651377056628,103.90069216698477
1.3876081954692947,103.76457779283467
1.3821797833702294,103.74353085675598
1.3697849890152265,103.89753637700615
1.3181675146883263,103.88474828414475
1.4505287439410643,103.82207626310785
1.3750779328229021,103.7460779433841
1.3092290487037321,103.7692131407178
1.323308427413969,103.85888880581474
1.360366539073485,103.89220665483592
1.356157707971102,103.95146856651859
1.407688429215505,103.90015090363802
1.441112926777862,103.77838440944622
1.306657323244273,103.78351441854582
1.4471064474266255,103.79898953240452
1.3877058216346574,103.76673352750639
1.3469920668163997,103.94931434890883
1.3918558046081346,103.87284999728735
1.4404897289234673,103.7966602596917
1.3144476601936306,103.76956117950114
1.344958611646838,103.70340216322076
1.2722527776783448,103.82221197782825
1.4190676960724322,103.8465642177301
1.381510424095103,103.94312729651278
1.306359046947237,103.79510624873188
1.3982050215197321,103.90915921578853
1.3647819119274838,103.89439774040474
1.4225153860558417,103.83218762695556
1.3820749281341267,103.75355867699606
1.390540495108427,103.9098240355562
1.3487826326645538,103.7288699951524
1.3531184771521858,103.8877277089971
1.444756709496166,103.79656020881366
1.363078747563276,103.73937204580913
1.3723183715875062,103.83759216516695
1.33689994159236,103.73890174109722
1.310231353415494,103.78860200664823
1.3860916140663249,103.90101184758934
1.289125903102486,103.82615290233696
1.3197015704777417,103.76460683158774
1.4166819572617202,103.83157922995734
1.362678288230021,103.89489786716456
1.3973308420938517,103.90009894749464
1.3495749707479077,103.83914276810063
1.3238011259086455,103.86683178258001
1.3118467384645986,103.87312115448742
1.3343179455791598,103.91319222069298
1.4019984459655108,103.75007664944842
1.2804855213179223,103.8120970883297
1.4413231281967702,103.78671442170851
1.3451347226342505,103.69310871577372
1.3595048222262773,103.73223932699482
1.338832429510169,103.74330235073303
1.3317486888910621,103.91238680303037
1.3586679589351998,103.7314207195209
1.3573187740724,103.73051079785684
1.4222542617784462,103.83933772704573
1.3343858241675195,103.73956659434934
1.4341237516407797,103.79083771894871
1.3035949672588074,103.86450410062098
1.3519507479302773,103.74254204487333
1.3681104801550126,103.96018656513917
1.3652355425340308,103.74584789343159
1.3314606905135753,103.9043322925178
1.398116149297839,103.87807072214984
1.403029999421332,103.74778772728077
1.4040568391600872,103.90529925932599
1.3331480376080538,103.91172479662885
1.3866792006299686,103.89669795915732
1.3636293512083617,103.95627137085596
1.375108930818586,103.88701274013673
1.3257772751096615,103.88570759645155
1.3263144164524843,103.8850101483814
1.3272260257580377,103.88692817443042
1.3451128994119754,103.71807251068547
1.3319457779982884,103.90638254721767
1.3855536934142791,103.89666822137382
1.3806104153326995,103.88807183508322
1.3489579597652896,103.75175337519389
1.3885352323073772,103.76877939789438
1.311831274246582,103.75981090654082
1.2874699056923615,103.83901353434379
1.2954698584198896,103.80462905685086
1.41188793200935,103.83323182963854
1.3203014427732827,103.74184786706272
1.3451656710272841,103.95723911033373
1.3610634934563548,103.74333507853781
1.3603262833954028,103.75069973833318
1.3701935010777562,103.87230896718447
1.4468351000203488,103.82065025955956
1.4319839640306429,103.84816988997045
1.3484393580792187,103.7575422185237
1.3390942212982189,103.7403811560933
1.3792891426275924,103.8870121885108
1.3631258244854398,103.8932080233091
1.4307467085605579,103.83661263432184
1.3121943356714318,103.75993060730919
1.4031293685337354,103.89326433048483
1.3866833452761032,103.90676563115318
1.4035804008688397,103.90925446388384
1.350960611331909,103.72719224539733
1.379777936299085,103.83923943862995
1.2725784753331089,103.82466279172807
1.3826703045693822,103.94339459536394
1.3437048364295985,103.75663151617529
1.3606277113184169,103.74706691355846
1.325478672394747,103.9311013863659
1.3315220710859605,103.90658504833445
1.316566141174469,103.86044029778817
1.307872103536072,103.79928703247015
1.2966209056919842,103.80363156523235
1.314226716250981,103.87009365122998
1.3892747794347324,103.87644084602651
1.4357709999724986,103.83849746261427
1.3726578804729281,103.95549335184168
1.383280837511835,103.76891640663031
1.3032193469534306,103.91180843171833
1.4065690358229297,103.91197762171359
1.437651140655806,103.77677248045826
1.3618433293277605,103.93692674104656
1.364545679812224,103.94489620010604
1.3902369723491004,103.87026866620174
1.3661100700554416,103.94439336569847
1.3705128387683163,103.93399570062608
1.4053181959873329,103.91340017619376
1.3235847577870274,103.91143085664963
1.280992175924748,103.82444362398053
1.351101171999604,103.74608526555043
1.4346648472867467,103.84110793616667
1.3754816385519981,103.88131564989962
1.3589590800371834,103.93889315000608
1.3625688834554326,103.9509000735553
1.3958720265601974,103.91191358140263
1.4519777689895392,103.81828164337743
1.3034752364406992,103.91435588098464
1.350077027020679,103.7105542869298
1.3634289437511264,103.95585414624473
1.3641827747764652,103.93976208473092
1.3589135285129927,103.83272656747684
1.2826535704121902,103.82817396042414
1.367175671363433,103.95133233314998
1.3419439413556102,103.70455462488495
1.4438549048242693,103.79329553472535
1.382791997166542,103.89090518925134
1.3611253022200993,103.93741178366074
1.3318379771827125,103.86021476075024
1.3981629758039842,103.908153110258
1.3175315190254129,103.90175940493349
1.3575401397510944,103.84205239744271
1.3577189950370088,103.87048686686312
1.4470407981166875,103.81729292049056
1.333076921466711,103.91652564727336
1.331904190105331,103.84340898432333
1.3491697303065195,103.8866828414447
1.3469245603328766,103.69372320687361
1.4298049421367138,103.77658166679527
1.4006470767387424,103.90588096541897
1.3703193327375742,103.88107514489909
1.3795139076933134,103.73604886716079
1.393050010527339,103.74734504357453
1.3939126428458075,103.8782352837767
1.3774774299738104,103.7677452794977
1.3066442870493302,103.76089288519077
1.2867856038412333,103.83134945844854
1.2866593876917503,103.83324821811742
1.3537576657960424,103.86629365967447
1.3720607885345366,103.96160438455355
1.4029345169179919,103.91076453982905
1.4177747952963191,103.90573714304807
1.4024721797006339,103.9167585902799
1.3560141429502588,103.84566557132713
1.3836294099578967,103.89707832156539
1.3072664104594303,103.79352209504665
1.296517977757649,103.80350784343946
1.3359853221103155,103.87304127914987
1.3522321520381295,103.95708561983741
1.3889209274322758,103.74182379307337
1.315263509280219,103.77079750042084
1.3579981122567237,103.72948135807981
1.3173895435844856,103.89767528297035
1.3438307598107062,103.74145718537352
1.3213584747834595,103.8863781498751
1.392332968245888,103.74697191774743
1.3720046004664035,103.95882751841914
1.400385499091064,103.90064592734996
1.440076424631723,103.8393055034302
1.3747346656696162,103.7429686796228
1.3769864195712105,103.8906188947348
1.3940362818851582,103.74225989776424
1.3885244655978015,103.87504491284774
1.3290582456358968,103.88694267939164
1.375534506893904,103.94279296393286
1.3933735155123603,103.88914660068521
1.4342378155684472,103.78768921465534
1.3426420739669769,103.95869651336575
1.4331876092915543,103.79178727747274
1.305106718349275,103.91264077657681
1.3239252491676017,103.73798797855311
1.4426085463106681,103.82894445852891
1.3784299385745982,103.89394353610878
1.3572820106607644,103.95230871187326
1.382653289847309,103.88033921004401
1.3076278081422272,103.85888381987608
1.34767353254925,103.71705606211621
1.323574880920279,103.8570336009579
1.3949553593564659,103.88847764990983
1.3817333177308881,103.94361204526587
1.4003009681428769,103.75040733509927
1.3250350689393884,103.93414451508112
1.357866470315222,103.84404897484087
1.3491667334776016,103.76011269007557
1.3847425030683798,103.76948240319494
1.2967897469633147,103.79838040458294
1.279994286441894,103.82597694025205
1.3803332238138142,103.76524918363701
1.3890769920261994,103.90964202075013
1.3196070643074307,103.86011579654435
1.364643858050322,103.96413942404979
1.3061645900786694,103.80122272556558
1.4279846289481333,103.82717800439976
1.3160560497883855,103.76911458365984
1.2777777553535863,103.83000329297779
1.3718531329809942,103.88072535293234
1.44070464078044,103.79752929585773
1.387164366801646,103.90653866532284
1.3219668214038782,103.9331851362252
1.4178163115844498,103.90174252378273
1.3311833314035808,103.85775161484077
1.3950453698182599,103.900614887941
1.2880408550323703,103.80888482580309
1.3824396588957637,103.9429460639159
1.4419229945831957,103.78946496877622
1.364459507123088,103.9361164135613
1.3434408693036948,103.69937966120762
1.3282544714994828,103.8607981493398
1.288129327474935,103.82709880023873
1.4287919180398794,103.77256306200367
1.325161123525492,103.91088731671357
1.325926233140412,103.93162852923372
1.382903041433268,103.76136626426491
1.322168507399621,103.77024250303631
1.3771040599919848,103.7382766596302
1.3875726744764851,103.8948232852927
1.3488475793797121,103.84972239403615
1.3252837262243755,103.9303619626163
1.342342973658211,103.74223052440485
1.3838072530956933,103.89881981422788
1.4335840888794247,103.79880979282508
1.3379744586921813,103.74591412929522
1.3785987783635947,103.75215611540152
1.431542011464171,103.77884315965157
1.3271380007422382,103.86056986214794
1.354862465370424,103.84752371337004
1.3674396503214046,103.9418029060881
1.38432608582107,103.89947012632558
1.3720461843279486,103.88517472777878
1.3576020243924722,103.73095656590986
1.3981014189194623,103.8964069854449
1.3947526256908107,103.90240870707696
1.3846105662791397,103.7595946003677
1.3765335017685791,103.88302006140711
1.2956897438926633,103.80440136248572
1.2892510851425836,103.81546176663693
1.3459296669288323,103.70038843982903
1.3938380875851182,103.88961889281616
1.3396017147063461,103.70047911835756
1.3279971560406758,103.72174195388885
1.2848903141734092,103.82642214380583
1.3372180685071056,103.87446532515115
1.3422615125236164,103.7106614099254
1.3472099140233196,103.9416125884062
1.3503763705007237,103.74671841630955
1.331086151259546,103.85857248600003
1.3609156366053738,103.84371900316509
1.3989293084451684,103.92140895072826
1.2867250059787996,103.80689050336517
1.3904701350217268,103.89054517689402
1.2899662707171573,103.80371047784567
1.3368630448024332,103.8709821630181
1.3827417206463117,103.74242368709766
1.3812533970615213,103.73999882536688
1.3588008247011143,103.84426858009454
1.3873926736596376,103.8969084968518
1.4310398667551716,103.79054704934626
1.4020504636706457,103.89213755486134
1.4015264831096539,103.89223037056252
1.4210475916086265,103.83878681310208
1.4432936531037976,103.80816743848023
1.3046736114535655,103.8652109389737
1.3613721016067062,103.74316619056735
1.4090336790289453,103.89792226147887
1.432450967593754,103.8333389050896
1.3901766879435662,103.8759555152179
1.3931670073534577,103.87116202000279
1.3766034828215823,103.93986180622107
1.3952863567211975,103.90927666690142
1.3853406373137298,103.90198147650382
1.3542487197454165,103.93589329383505
1.358468206142818,103.93840029980885
1.3101449436302317,103.88394489945215
1.3327698700608699,103.84718961289707
1.349784340476948,103.72438465747227
1.4039405134657061,103.90103711729125
1.4276293435952172,103.85013165408803
1.4297647063688306,103.78004472566995
1.3465276307799678,103.85048061142098
1.412530042322529,103.90010700134266
1.3501616015267355,103.757534710993
1.4416552183553115,103.82950935343956
1.440480405190475,103.82922477631502
1.3859919137593193,103.90041440217313
1.3088449897686316,103.78914406083207
1.3364101861884339,103.92100896716215
1.337174913054239,103.69541592007943
1.3339813221543153,103.91560635365998
1.378750796280582,103.73606081587799
1.3734676609149212,103.95715011497437
1.4455711428370164,103.81844394079624
1.3805405083942448,103.94370120746919
1.3093833532232964,103.79268715160049
1.3509141444010486,103.72544994237157
1.3747644579764817,103.87417258408689
1.3660876311471386,103.93585128221932
1.3501391008377388,103.83874449892079
1.3842259091201774,103.90063003272766
1.337997841942492,103.84425997709911
1.3483072447316604,103.94490736441851
1.3531979643694492,103.71899798192578
1.3085805563438986,103.79241105051182
1.3870170162652802,103.90106020411169
1.3889957780018554,103.77346738917166
1.4059601320601236,103.9102965891629
1.3924822520670481,103.90721912906021
1.4221976765170588,103.83229213316082
1.4031496971071744,103.91605703443447
1.3973793505186503,103.904532433287
1.4227796596873186,103.845611460257
1.381384967887236,103.74529322950086
1.3155893804893284,103.85079707258315
1.3789880042788865,103.8435401427263
1.448758768803124,103.81391128715858
1.3765951984027722,103.83831954048057
1.3525374445640694,103.96063470008109
1.388657414800491,103.77138821144065
1.4321316177919126,103.79116682975109
1.3416361078364036,103.87237830664321
1.3584375315859751,103.75014556680483
1.3514713062548935,103.7227399479883
1.3665123161436339,103.84158777539042
1.3447871918389716,103.69572044838017
1.3482575244527408,103.69616247398727
1.3873748239265067,103.91193414323664
1.3353803871094683,103.91190483090597
1.334607729088328,103.85719435156827
1.3347441124998327,103.85652253913445
1.4369068731331018,103.79322423594513
1.3303187801746041,103.84247848512034
1.3219824617302134,103.86293937811328
1.376494563760165,103.94090957314943
1.4010042420324522,103.9006268893743
1.3559134289006252,103.95721112265791
1.346389837521239,103.87329826338994
1.3628013460550539,103.95433794161366
1.3356425629823723,103.69244737805238
1.288240247386787,103.82615142829256
1.282511721797415,103.83080661753318
1.3530066162748664,103.86652566723193
1.3365718411915368,103.73763988785716
1.3752508834728505,103.89653192480306
1.4412160319547034,103.80336067063979
1.3371178244027428,103.72187258833064
1.3385548219224006,103.69956436784999
1.377243007942925,103.88020253191276
1.3212461369344521,103.8683570866853
1.3820080506026562,103.89027128319665
1.3350203655966102,103.86623482767351
1.362930638026323,103.75219330318765
1.3340423992696124,103.87990555707708
1.3734656771348992,103.88357757225549
1.4179345526649547,103.8392573950179
1.38120072096755,103.88016893879036
1.4221125406593276,103.84735562279695
1.3843514359060247,103.75912436719844
1.3834770233496492,103.74561705817918
1.4223790832363636,103.84709663224288
1.4211029913153668,103.84814010776488
1.4342672641772938,103.78883934124934
1.3510366253755346,103.72483139245593
1.34645282489245,103.71666197409085
1.4418076901864576,103.78624792234122
1.3502942573848475,103.72231077295235
1.3752695937720079,103.74492450860839
1.4056505469988063,103.90877949172697
1.306983840121271,103.78462665624669
1.4024107297385258,103.8906262426598
1.3154067630434856,103.8737997280034
1.365128901934608,103.84174086970914
1.4449875612605614,103.80099775497136
1.44760285226078,103.80035145338276
1.3717812572145545,103.85394876967291
1.4416789379948745,103.77678550745354
1.385957472617549,103.76131207997696
1.4459285531293131,103.82174683841527
1.3257769562026578,103.90055907198963
1.3209877717046195,103.73743450605524
1.335982818499454,103.9236965276555
1.3728405685184608,103.74315311724867
1.3814717853885186,103.74134519134603
1.379129524777939,103.93831120305879
1.3989738233839175,103.90093806620348
1.3049701114631835,103.78580379291274
1.3750584923462952,103.93732431046159
1.3567865119589524,103.87304033267542
1.2890103532713377,103.81629389281278
1.3906808189720905,103.90026783139592
1.3464716181664502,103.85356248745613
1.393075154968377,103.89693450305415
1.3352098184294663,103.84616978086191
1.35657391195069,103.84371223983025
1.3961271480458124,103.88810626684432
1.2766960014912292,103.81886616521489
1.3528144387100267,103.70392619635555
1.388099959266102,103.90283328298186
1.3457972498316768,103.95724703348947
1.3937147992566234,103.88693409860376
1.3937370854010604,103.88641177804402
1.3827833394997937,103.94500866733381
1.4326597239911671,103.79366067416846
1.4362713824516198,103.7756672184846
1.4269987918946272,103.85306757284653
1.3439907478272601,103.70394648471698
1.3049173477511997,103.78219920723895
1.4314573416327223,103.79180066086543
1.3377538378296525,103.74198948055749
1.2875038468645483,103.80701506156757
1.32557837478336,103.93434700530655
1.4246575117920652,103.8339833061913
1.3638966080973671,103.84872505086514
1.3210128449569316,103.8610085664377
1.3460371862341012,103.699558439079
1.3923056935644444,103.74661850077688
1.2796019939699548,103.81777656753114
1.3840383597194195,103.74634074494207
1.3806822970713124,103.94369457325585
1.3302734767934645,103.85653608305826
1.3407007246961962,103.69895622394665
1.3904701192949482,103.90764391353137
1.375146654324169,103.94414063748776
1.4405700584018597,103.77859846986776
1.3858748309519837,103.77040019306096
1.3972688532894135,103.90921313847568
1.3504570474396862,103.85247527094958
1.3109657653422833,103.79154827249062
1.3416834592868303,103.74624581139304
1.4056561762581747,103.8987197481626
1.3947088645231103,103.91524075636397
1.4048866408085883,103.91386591822938
1.289064229044422,103.8034920555802
1.2815022115626176,103.82562486981216
1.2717399370299147,103.82251424400532
1.3505782943091629,103.87560144826243
1.3727924550954342,103.84690740399537
1.2845821114476992,103.84567372153693
1.2833654626980857,103.83100329856966
1.3503362295327124,103.70466151373925
1.3676019957716934,103.85638972120034
1.365192797832137,103.95738932486388
1.3053662818142056,103.79937045845746
1.3957630083509083,103.91377033684292
1.3487065879358495,103.94484445196308
1.3163690188603987,103.88595169981363
1.3238383127932134,103.73865097156036
1.341897948712196,103.70628929683025
1.3224350264409797,103.93621203591739
1.3887001024197614,103.74292511038203
1.359642215445912,103.84221387483191
1.3957504366698337,103.7457014730026
1.3381466753818778,103.72191635313236
1.3057518875411784,103.88469979636923
1.3719876425345732,103.83750367677827
1.3775679464686752,103.7491326177877
1.316360718769565,103.76395174459313
1.3232872075614666,103.8551901736776
1.3887835543153721,103.7699075704432
1.3383134763169775,103.70313181135026
1.3876129192768478,103.8928362307028
1.3555490379204056,103.9526702641225
1.382746349474714,103.76901803329326
1.3426540033639336,103.68834445408555
1.3798830018659909,103.7747631352123
1.3715614226287767,103.89354027273367
1.4282427536655953,103.84126147782312
1.3332262529793912,103.7243589295383
1.3847376103729878,103.759218266709
1.3725607436729843,103.88408174185295
1.36516578136976,103.84839579159568
1.334288124389144,103.9388009427452
1.3991787179066795,103.92175344829033
1.3426878010261705,103.70492309790106
1.4317881957261025,103.83251094877242
1.330449413254433,103.90522657899945
1.3533348179362499,103.72611137331445
1.3428386394279006,103.93708007430902
1.4449818458052146,103.79500773470846
1.378085713141713,103.76680071616087
1.3679825585971488,103.95476105160698
1.3420555116501944,103.70328955769757
1.290152492538507,103.82853905417457
1.3237464154666445,103.86264867812667
1.3041027420797295,103.91773718962189
1.3548513391762251,103.95909142146978
1.3638786278779735,103.93723617568226
1.3894624759405787,103.74311291012201
1.3092631844731741,103.85248745764461
1.4007577179682742,103.74491862852716
1.283236304904082,103.82786206743464
1.3847462159600938,103.89375443443457
1.3939017418060706,103.9137771991015
1.3226859086933132,103.88576143442941
1.3360068731935066,103.7230494423055
1.3779098042195996,103.76739532622562
1.3977788609996582,103.91597798524226
1.3777854560837823,103.87780930493147
1.363673108518719,103.93519131249867
1.288219760326198,103.81415014810601
1.3914159678944678,103.88804187461848
1.3294243306412474,103.9353929396866
1.3813951305992398,103.74258110992322
1.3270369518338954,103.92384907927568
1.3451387510657182,103.85566735067721
1.307655293330539,103.78288461888307
1.3212966641686632,103.86058155184391
1.4223850754860494,103.84836423012409
1.3209400701166154,103.86050176404824
1.4334168912038572,103.83532064079365
1.3381458764239966,103.7226063937714
1.3564968609680694,103.73208611119584
1.4055743061195527,103.89547197646343
1.3675940529678594,103.89864300369081
1.3473157414271084,103.72395894295354
1.3337338357063,103.9270550107386
1.324372918602917,103.86640508664021
1.345838521625224,103.70365742676708
1.2977547029937877,103.80495758623773
1.4394573960756478,103.79304111121874
1.411235479184525,103.90076076441079
1.400450379386707,103.90621977423281
1.2865841896683705,103.80488894276014
1.3553153164869365,103.95748182009712
1.3507689831832859,103.71146342260626
1.405321763623361,103.91025531107432
1.3342517959107973,103.87256994745249
1.2916691379010248,103.8273289666953
1.3506352612284038,103.86853864622064
1.4322366450057873,103.83925355912842
1.341481174833506,103.85093071017202
1.341457193352047,103.70340333492688
1.3993726430036972,103.9070683025795
1.2929631587024704,103.80442320086097
1.3139761585275795,103.8724744301186
1.3484904009363583,103.74335793477506
1.3308071464432554,103.92561850685685
1.320645066585349,103.86690581327596
1.4396021595913369,103.79513642532365
1.357328211611139,103.84807674947376
1.28441741865836,103.83104441182405
1.3246438707473958,103.91072580225479
1.316793544759124,103.88679073643247
1.35230560810403,103.94838911331952
1.4463132186902814,103.79468467881789
1.285386481723129,103.83216014970388
1.3755295006138848,103.73836574197716
1.3448198290156372,103.75411078091703
1.393388594407254,103.89755952290868
1.4373814737438473,103.83999305153728
1.3551911212432874,103.73772525405509
1.3892182045667787,103.87863108543293
1.3892592751079909,103.87340619976773
1.2703377285198652,103.82322784885856
1.3426764178213515,103.70729278172135
1.3824405213421807,103.94424995306314
1.3829952653014055,103.94453342292023
1.3427958954943717,103.69147863013116
1.3428030426560837,103.87456741473027
1.3715950666452255,103.95465766809933
1.3504201972856986,103.88791447985929
1.3667611830967323,103.95170419269827
1.3481136146061836,103.85548122206006
1.3092167577488483,103.79673532927798
1.3572347660093225,103.88924525972948
1.334545902001333,103.84508327900828
1.4262214790921655,103.84845002055602
1.3434531041944309,103.75757488404577
1.3501510792599627,103.75996506888286
1.3138122166207877,103.8729969913476
1.3631252091161186,103.95270435342357
1.346029685970718,103.74449680913705
1.3382154436863336,103.70096303137608
1.3270270523627619,103.85706137805414
1.4314689164627703,103.83633383562719
1.3497181657833655,103.7573412468465
1.3702057363982836,103.8702368914786
1.3479134677871496,103.94856558115679
1.3402887463240962,103.72101406456909
1.3770398560009443,103.7694735245087
1.382377613806671,103.7688110470011
1.3434145707981338,103.95422194732264
1.380493441056889,103.94405885818767
1.3136604623171484,103.89516406130987
1.3346343809659664,103.84856198982155
1.442566601232575,103.80630936325501
1.322176533216069,103.93704758835642
1.3431957204260396,103.70440083253125
1.3245615886522593,103.8855597959738
1.2831184205711068,103.81667429158877
1.3378054278455132,103.72116912851357
1.327728867851637,103.92884481777591
1.3703040409662093,103.88513423473717
1.395099179005354,103.74905026583711
1.3826237381891566,103.943928300764
1.405346821882098,103.89822987828113
1.27727741566686,103.80691139650303
1.3203259990391203,103.74939876048893
1.303100276235664,103.76340568691651
1.384253014115038,103.89659057590791
1.2929724720976878,103.80369855516685
1.3778623683071884,103.76979699377368
1.4565267475930765,103.81664302904
1.3251890669309492,103.93517718197248
1.3471883261727147,103.708005742739
1.3886642944881444,103.90452860881699
1.3338868627036617,103.72336248346373
1.3581949757024179,103.8319459680565
1.3663725272958216,103.94403496959283
1.3173838237064133,103.89874347918175
1.390545257653817,103.87690321305514
1.3081419787294957,103.79425415665044
1.3386587403408288,103.8558065785307
1.3623292553941717,103.95145599382496
1.4123176859095448,103.90005084979514
1.3474597219774826,103.75466842876044
1.3748345607162609,103.9364386659626
1.407373758937871,103.90063658413837
1.4343021680317125,103.80056380157347
1.382761648854751,103.94451994191783
1.2830741155713192,103.81769925134681
1.422338558407661,103.84909592827601
1.3544206224555433,103.74004401334744
1.354248212796179,103.9378954675435
1.3234086204442055,103.92466476029615
1.377983058639124,103.75293092570757
1.351504598601907,103.92894843034404
1.2879303268749087,103.81402219812395
1.3857124396900138,103.77121660796763
1.427783885795785,103.84571413292109
1.4379137326290972,103.79969800739678
1.4312310468051128,103.83182626338487
1.3953920188406475,103.90338084984204
1.357521055146765,103.84888256434418
1.3052978497075258,103.80005967733187
1.3464414986110915,103.94629074213779
1.3558395161284282,103.94591829953991
1.3980683689022404,103.92054924440842
1.302685368795283,103.88315269571204
1.3681404386766485,103.85112679404304
1.3498969746468872,103.74535771238453
1.3795407676057203,103.87995321828484
1.4457240421825748,103.8136295123143
1.2717694716987646,103.81059221397204
1.3464704607711027,103.93661429399795
1.3429622555290872,103.75526519667196
1.348390205466432,103.93441894165251
1.436822563369703,103.80275494115527
1.4202914709355954,103.84205372298528
1.3675544817010534,103.83678327985712
1.3505024670291117,103.69546486563057
1.3883275434955407,103.90997197250711
1.369750257141913,103.898893825302
1.3072785351027707,103.86213115797865
1.3813143899386673,103.73755790230322
1.3404173393609116,103.74741107854176
1.3511630505269903,103.93710276919624
1.389961496347541,103.90350409633916
1.4366234428348224,103.80225729541618
1.3774125377567557,103.87744042007253
1.390136725366644,103.89204483552318
1.3628213724678842,103.83347024910599
1.401560317146211,103.89359458971619
1.3541966465109851,103.8668582939245
1.3766291505729662,103.77176347423428
1.3627941181401353,103.95127645566662
1.335357620635894,103.6935320090041
1.3699341025048681,103.88477564984689
1.343774298076803,103.70093782019289
1.3804945606476382,103.7570630361213
1.3431651936784381,103.95956711479138
1.3880538282079564,103.76973274774153
1.3463311628555288,103.9396398078742
1.3440031602476497,103.70539216214418
1.3823083043703974,103.94317488888748
1.3114954529980953,103.87387868315385
1.336618420104549,103.69509528489478
1.2765689249792551,103.80741294397507
1.4024406112168055,103.74991908144861
1.3782265913322587,103.73709335117334
1.3928874910291718,103.88896558846128
1.3550904798947048,103.93409051433888
1.4487596433983867,103.81520025116623
1.333799814909722,103.85182368481757
1.3528733471585168,103.88666363581484
1.4247658247021515,103.85180372919451
1.3987185668004303,103.91111723770358
1.4007554292850775,103.91078634395991
1.432529743493951,103.79324825431029
1.378269804768987,103.84371190691103
1.321049872434536,103.8658474852301
1.3453602381778735,103.70693154785533
1.3883523064784309,103.88971483267274
1.3029154761441337,103.88395533740737
1.3294622784160424,103.92124259158108
1.4334729654395957,103.83132493752719
1.3243130385652238,103.94242961205468
1.4344539490360886,103.82799535279138
1.4381631846665177,103.78014143045674
1.322769392900826,103.8881663722516
1.3505454058093915,103.72715029846695
1.350263380548913,103.72720447181891
1.4016343016857826,103.74533016372678
1.3940305403762903,103.87323744584066
1.4469100549437666,103.81637508522351
1.3514314754510515,103.74755135583172
1.3537430769861907,103.72521659868028
1.3179556810826532,103.76782985477057
1.2922265880194226,103.81455703766458
1.3725014432343194,103.87004726585714
1.3744979958420516,103.96035014753977
1.3997296694978938,103.91143796293841
1.3729869461433533,103.7443517457613
1.3540109356701566,103.75154442684422
1.3196389966573054,103.74706807620436
1.3518005638510167,103.95276053757303
1.3208121491664309,103.86968142767446
1.3418277691122218,103.85438037994562
1.3541872911943802,103.87240600721529
1.3373574003879578,103.85944409011861
1.3218111129628562,103.86846291819968
1.3101679925750525,103.77011264174295
1.344853284552911,103.71571619197917
1.4029629277915039,103.89516057422101
1.399964421130425,103.89910544685458
1.362853105443864,103.83473904439127
1.4183972554012083,103.84372167172792
1.2933379560763023,103.80765017737707
1.3651522602040431,103.84737711774721
1.396681360342206,103.90197131975131
1.437840426245891,103.79253600531014
1.3373955830528164,103.74177586709415
1.3403917474091211,103.87231500633467
1.418801114897098,103.84135814577286
1.366817628416427,103.83647973892712
1.348058297902715,103.72116441703604
1.4150053881548377,103.83410225277493
1.344181456114207,103.69504813876794
1.34426358143853,103.69469581902365
1.4258560548378685,103.82818052987233
1.345271542279083,103.69408223008001
1.3453124988220944,103.69358992709142
1.3591745496461902,103.95687845006312
1.3867435131163468,103.90563856487317
1.4384337540988013,103.77952424106005
1.3644572930465106,103.93544741667229
1.3663022061512082,103.96285521925063
1.377051322430775,103.89599606084886
1.3034357097041191,103.9118334123556
1.3555562421662424,103.95399961560769
1.3878708452837412,103.77326317724605
1.3710980016402983,103.84622782198021
1.3180705235090884,103.94761231702982
1.3313593603860436,103.84264422298145
1.3592283035019905,103.933225237705
1.3576144968533923,103.93681927857337
1.381704699107267,103.75382676409185
1.3654935342714947,103.84408137274824
1.3818184379592136,103.9424873040794
1.2742794075631492,103.82154548241236
1.283716224461255,103.83269860139814
1.398792300669606,103.89752049571084
1.4153431528962848,103.84271177221257
1.2876407313339084,103.8388326270385
1.398763559029659,103.90973619406127
1.344238033182609,103.85410356203629
1.4229090488567624,103.84603145647475
1.3692732153621736,103.89394407669049
1.4281952323659823,103.79462573231699
1.3758994534591678,103.76621197645122
1.3760215676219816,103.76683830791089
1.293894200025575,103.81007373189715
1.3758965500479667,103.89998212110582
1.3983329028824125,103.91637164744255
1.400010889172728,103.91922277679079
1.4139490991539612,103.83372067505265
1.389012535223625,103.76785916474925
1.4153012951259019,103.84130908339941
1.3364757756074361,103.93520522989066
1.3694058930738735,103.88363701377033
1.3490121345536392,103.71529203478123
1.3563109920154774,103.73125030652841
1.3729893960144934,103.88570227345389
1.3525133802859617,103.93605894274897
1.3631566922062233,103.8895540233665
1.3413262119121032,103.74683959480777
1.3856319878941832,103.76036275049853
1.362263028749044,103.85456378958756
1.3971029274661269,103.89908477489041
1.4017908346162975,103.89005787738952
1.3076236870072475,103.79340312556697
1.3866520351657468,103.76883380780785
1.3492257765847837,103.70942206483409
1.4426746741929786,103.78813460924349
1.3380832841287111,103.84472342837134
1.3263182054800318,103.92590037992335
1.3506071269824542,103.88897593249332
1.4330577336627495,103.84222993801514
1.4256181921799518,103.85026937867922
1.3083544971299725,103.8608451223414
1.366313257151132,103.84503406093512
1.3477384754178545,103.73083718446826
1.4396347854842027,103.8054108701278
1.31626945524647,103.85018509114826
1.421561684406192,103.84232117645668
1.4347077019780357,103.7910542480155
1.3598722686565454,103.84275979985107
1.4490184311770606,103.81609387049271
1.3155546805668399,103.84991973285734
1.3675037782856794,103.84689034844916
1.425574725800842,103.85280329176676
1.3815415814329628,103.843254529136
1.3593491823874677,103.9585808810216
1.346783039271773,103.73322373905991
1.3205578226164547,103.73786266640771
1.4300355904225739,103.84238232887395
1.3429694759555935,103.7048618388495
1.3421116918634772,103.74552907327048
1.348753571559288,103.70973597868856
1.2852619451915779,103.82675894227219
1.3878410517461133,103.90586215931626
1.4318026256687257,103.79220290868969
1.388419570487311,103.87377994458885
1.3384562994106877,103.69807788573976
1.3793807396669993,103.74084473883202
1.3742649484842893,103.88094322973946
1.3701756735903219,103.87909106912252
1.3235160632402196,103.94127676711918
1.361437538097132,103.95269880945176
1.377629447192775,103.75559606766211
1.3249051498549687,103.93176902776112
1.3588367211759218,103.95908323887895
1.3778088127494599,103.7430849855059
1.281478130071549,103.84226922852145
1.307656417630116,103.8548589154423
1.3858543050006515,103.76175413274733
1.3363666861202457,103.8811354347218
1.3082225275363202,103.78634002665126
1.3680180162978004,103.8492557817346
1.346206840516342,103.85165422105568
1.3178968258497468,103.77090945080437
1.437053396694659,103.7739401237368
1.431355085122799,103.84098664200047
1.3634353681234634,103.85668616885945
1.354990392765769,103.95002605253535
1.4310143911412623,103.78159636074541
1.4025372885108565,103.90368487236235
1.4008452085041772,103.91726468790054
1.3787920686990351,103.89513411622224
1.3547741350979703,103.94662337185142
1.3810103692956086,103.93680650883385
1.3760675879325772,103.89481214625721
1.4220490033596755,103.84467749680046
1.3794045483607242,103.87778101257882
1.3571949921558453,103.93343409293027
1.3503375521212755,103.71815385847692
1.332599577769139,103.85736559763322
1.379752070604397,103.74147111313845
1.3840728907438336,103.89909525422217
1.3951376160095557,103.74767720731408
1.340494486328342,103.68525468312102
1.3507590439523691,103.75745834502918
1.3605360169169922,103.95993333547781
1.3248852980378791,103.88939019418675
1.3074051373097573,103.78362578631506
1.2728731144093255,103.82208857543631
1.3865333657433647,103.75927974396231
1.3817815250164698,103.94347448417477
1.385038367002968,103.74164643589309
1.3487130224889858,103.75932212998342
1.3260674921351563,103.84286479385227
1.3047588556988476,103.76311134167142
1.380301229719503,103.88940305581276
1.3512556985673514,103.75887720481938
1.3370032977807422,103.6945175365322
1.3533011762908873,103.96027371267348
1.3532460450502373,103.95108738625557
1.4327475966992578,103.83147611053609
1.3649416630097457,103.84539726440622
1.3525033327641465,103.75369622254718
1.3512429318569954,103.7159931841256
1.327237348952638,103.92217725149506
1.3645185569311653,103.74571193948073
1.4018536169765017,103.74421722798817
1.36718753731736,103.94364030187523
1.3723434794454348,103.84715708609278
1.4444341304463943,103.79145043331012
1.364308013672125,103.96472493800589
1.377831679199479,103.76817755450429
1.351190246477693,103.83871536450985
1.2836493582080089,103.81540639328972
1.3981498861248527,103.91578081712453
1.334457325585337,103.93796275292623
1.2766169837314019,103.82090394683617
1.3139370975810565,103.85225230258041
1.2930201182975745,103.81189309023922
1.3898138060058172,103.77125786126402
1.344678115869945,103.94520945855496
1.309556622185751,103.88447379396459
1.3718767042707563,103.95631632332166
1.3217502733306445,103.88684667471429
1.3761322493927208,103.88292222696491
1.33293858606405,103.93996132607305
1.3094918416449883,103.77023643519101
1.4009803407960184,103.91959444731026
1.3842666295150132,103.76375907693577
1.30699361297489,103.85564511605759
1.2834947422472063,103.82703951155054
1.3513816919625958,103.94588573211699
1.32300114624495,103.87113248889014
1.306615444820139,103.80025268789223
1.3735844840704379,103.85819800377134
1.3828949259742285,103.74474780170638
1.3391613340753084,103.71979987580829
1.444984088404274,103.83403353111949
1.339284595286015,103.70028996381372
1.4310411094994915,103.83633219845862
1.4149555935932872,103.84266856384411
1.3322870964346192,103.91591380606842
1.4508553998117937,103.82623349267773
1.3897792235550714,103.87857947042295
1.3399072841418864,103.74078668500354
1.4022520008839172,103.90140693212074
1.3939250168265778,103.74937319174562
1.4263493608005773,103.8275898913745
1.376031405929891,103.76819260725989
1.2892892622542007,103.80907223474861
1.3750115575256674,103.94729735906495
1.3509132898156417,103.70472806052847
1.3470848430301974,103.75363671646073
1.3805941972788245,103.74351011123697
1.3685499774541614,103.8375286454367
1.3367135422062406,103.8455904516357
1.388743405667796,103.90081776191019
1.2884614025025556,103.81314822627736
1.3785508205074901,103.83853029926348
1.3612083346180517,103.95750909465107
1.3725977099504723,103.95811604803039
1.397841828249158,103.90467882023901
1.3587709562436947,103.89145701137097
1.364123449238932,103.95449057812019
1.3560860556586587,103.74235275297006
1.282481094492065,103.81649960777439
1.3486485079073143,103.93957057958762
1.335227484495292,103.69508055735652
1.3789651342277145,103.9407188967246
1.3664860683695075,103.94040952844549
1.318619731286577,103.89863150969217
1.414827568756853,103.83625029656281
1.389564369266397,103.76868430852547
1.4268284312768347,103.79176486218253
1.4271691452727011,103.79188357918525
1.429320127712271,103.84161892721681
1.322805109952179,103.85639538220627
1.2836594430547776,103.82594338120262
1.3536144113395183,103.88812956020442
1.375070067576646,103.8874129103991
1.3764893580109803,103.74914041629383
1.378942570466556,103.76490354062449
1.3348941217264343,103.87976308892283
1.3729318692604418,103.85451478132893
1.3038104345870256,103.91649007568704
1.3939005233939659,103.90079204115126
1.3774049504542025,103.74962616974852
1.3684696275403903,103.84458641603729
1.4105876161170114,103.90169724359852
1.3877471875327438,103.76414567971345
1.3544002518740164,103.93455665737686
1.350254947887316,103.73077225399345
1.3829058361037025,103.743258904669
1.3458592647669045,103.74634241732973
1.3560870472059774,103.95103273112981
1.4381037560340164,103.80445058350384
1.3855145591047409,103.9035814084312
1.3997398870754896,103.75138279745207
1.3643894857702077,103.85182165929254
1.3586928729742311,103.847509902304
1.3449260878885534,103.75878930930607
1.3359820862662404,103.69996532625719
1.2774176856598172,103.81936822694553
1.3641552248530766,103.9602494194603
1.3238009137980964,103.77145062483075
1.354032762445978,103.87133409600753
1.3293921219351545,103.89992187968441
1.3551278510483955,103.93232302696447
1.3347985334043184,103.86584264008874
1.344382668034081,103.70249868216042
1.3393084275588787,103.73585315613786
1.3592711637805228,103.94896010402545
1.3546501847618,103.73977342047174
1.382674298830566,103.8408601073157
