outlet_name,postal_code,outlet_type,group1_wins,group2_wins,combined_wins,source,latitude,longitude,onemap_address,planning_area,region,geocode_status,res_area_500m,com_area_500m,mixed_area_500m,inst_area_500m,open_area_500m,hdb_blocks_500m,rc_ratio_500m,res_area_1000m,com_area_1000m,mixed_area_1000m,inst_area_1000m,open_area_1000m,hdb_blocks_1000m,rc_ratio_1000m,res_area_1500m,com_area_1500m,mixed_area_1500m,inst_area_1500m,open_area_1500m,hdb_blocks_1500m,rc_ratio_1500m,neighborhood_type,dominant_landuse_1000m,landuse_diversity_1000m,win_rate_hdb_1000m
Delisia Agency Pte Ltd,188425,Authorised Retailer,26,100,126,matched,1.30151258571919,103.854497235401,149 ROCHOR ROAD FU LU SHOU COMPLEX SINGAPORE 188425,ROCHOR,CENTRAL REGION,OK,81316,178487,84465,102716,21802,14,0.3589,424508,922805,155246,316134,162489,69,0.3342,1029553,1416488,239885,993625,652690,114,0.428,commercial,commercial,5,1.826087
Tong Aik Huat,530685,Authorised Retailer,23,143,166,matched,1.37518092664617,103.886022660348,685 HOUGANG STREET 61 HOUGANG SPRING SINGAPORE 530685,HOUGANG,NORTH-EAST REGION,OK,519059,0,0,101110,18847,120,1.0,1738647,24019,72424,471914,172893,355,0.9672,3574011,353627,160767,846480,413277,625,0.8938,residential,residential,5,0.467606
NTUC FairPrice NEX,556083,Authorised Retailer (FairPrice),18,82,100,matched,1.35067551435975,103.871861623874,23 SERANGOON AVENUE 2 CS MONTESSORI KINDERGARTEN @ SERANGOON SINGAPORE 556083,SERANGOON,NORTH-EAST REGION,OK,492073,19983,83592,60658,17617,81,0.8963,1931025,19983,109843,183555,129935,171,0.9637,4178321,59759,146503,508814,331179,219,0.9697,residential,residential,5,0.584795
Tan Wee Fong Trading,330024,Authorised Retailer,16,72,88,matched,1.31862347782977,103.862324355167,24 BENDEMEER ROAD BENDEMEER VILLE SINGAPORE 330024,KALLANG,CENTRAL REGION,OK,360903,153163,5486,34562,12692,72,0.6999,1314326,511253,16062,168596,194889,193,0.718,2649674,941614,122501,472312,340717,372,0.73,residential,residential,5,0.455959
Singapore Pools King George's Ave Branch,200803,Branch,16,40,56,matched,1.30811749102335,103.861188606169,803 KING GEORGE'S AVENUE SINGAPORE 200803,KALLANG,CENTRAL REGION,OK,196619,154578,57365,66015,59302,39,0.5515,593140,856977,102623,158830,181347,96,0.415,1554345,1295205,197017,310988,405898,223,0.5425,mixed,commercial,5,0.583333
NTUC FairPrice AMK Hub,569933,Authorised Retailer (FairPrice),16,59,75,matched,1.36923561405404,103.848693181185,53 ANG MO KIO AVENUE 3 ABUNDANT LIFE FAMILY CHURCH SINGAPORE 569933,ANG MO KIO,NORTH-EAST REGION,OK,347455,19300,108154,61603,28657,86,0.8455,1502032,19300,210764,131393,555769,271,0.928,3055447,525211,345948,930950,833967,486,0.8222,residential,residential,5,0.276753
Fatt Chye Heng Trading,530007,Authorised Retailer,16,58,74,matched,1.36232721881747,103.893510807642,7 HOUGANG AVENUE 3 SINGAPORE 530007,HOUGANG,NORTH-EAST REGION,OK,467558,43414,17819,39005,9619,50,0.9011,1263841,951063,117997,156384,66152,145,0.567,2601534,1823593,158435,302165,268162,307,0.5849,mixed,residential,5,0.510345
PFG Framing & Trading,640960,Authorised Retailer,14,54,68,matched,1.34138531163603,103.691459639611,960 JURONG WEST STREET 92 SINGAPORE 640960,JURONG WEST,WEST REGION,OK,494287,0,30125,71758,65460,99,0.9713,1211432,118298,40280,179533,110616,275,0.899,2031681,853034,40280,2073480,224124,424,0.7015,residential,residential,5,0.247273
Ng Teo Guan Self Service,400301,Authorised Retailer,14,80,94,matched,1.33068802490987,103.901953040703,301 UBI AVENUE 1 SINGAPORE 400301,GEYLANG,CENTRAL REGION,OK,325812,228605,0,49938,14570,62,0.5877,919001,1221914,0,126304,43229,149,0.4293,2143071,2159462,38230,297593,100037,263,0.4981,mixed,commercial,4,0.630872
Mee Lee Cheong Pte. Ltd.,521139,Authorised Retailer,14,54,68,matched,1.34607675043696,103.944284625086,139 TAMPINES STREET 11 ANIMAL ARK TCM SINGAPORE 521139,TAMPINES,EAST REGION,OK,293057,46631,51735,66840,55662,48,0.8148,1453689,374339,75631,283880,205045,203,0.7835,3230022,618461,202783,839612,420690,575,0.8223,residential,residential,5,0.334975
Laura's Gifts,510442,Authorised Retailer,14,32,46,matched,1.36893288711175,103.957951722203,442 PASIR RIS DRIVE 6 SINGAPORE 510442,PASIR RIS,EAST REGION,OK,554637,0,33122,82924,50149,129,0.9718,1599188,123767,48784,256272,243009,374,0.9164,3288324,559678,97322,365840,969313,535,0.8458,residential,residential,5,0.122995
Singapore Pools Suntec City Branch,038983,Branch,13,38,51,matched,1.29485990186642,103.860333693777,3 TEMASEK BOULEVARD GOLDEN VILLAGE (GV SUNTEC CITY) SINGAPORE 038983,DOWNTOWN CORE,CENTRAL REGION,OK,0,373629,0,0,193,0,0.0,94967,738316,80098,118496,299022,12,0.1478,479320,1086039,169284,444541,1604228,74,0.3251,commercial,commercial,5,4.25
Singapore Pools People's Park Centre (Chinatown) Branch,058357,Branch,13,83,96,matched,1.28549527021288,103.843851997218,101 UPPER CROSS STREET CHINATOWN POST OFFICE SINGAPORE 058357,OUTRAM,CENTRAL REGION,OK,53183,219908,76120,49405,107312,22,0.2613,302133,811859,163042,280192,255724,45,0.3004,1106837,1218079,210207,745682,844879,158,0.4781,commercial,commercial,5,2.133333
NTUC FairPrice Tampines Mall,529510,Authorised Retailer (FairPrice),13,65,78,matched,1.35250468330971,103.944682574769,4 TAMPINES CENTRAL 5 GOLDEN VILLAGE (GV TAMPINES) SINGAPORE 529510,TAMPINES,EAST REGION,OK,265893,169877,35313,40700,117067,56,0.6019,1593682,169877,129050,284780,317109,310,0.8761,3646360,352505,251320,526070,570224,760,0.8875,residential,residential,5,0.251613
7-Eleven Store Eunos Crescent,401001,Authorised Retailer (7-Eleven),13,35,48,matched,1.32129030482793,103.902727807563,1A EUNOS CRESCENT SINGAPORE 401001,GEYLANG,CENTRAL REGION,OK,424557,10132,0,68275,16519,51,0.9767,1557122,298903,65336,152382,53556,139,0.8274,3344984,1159884,77753,301653,136096,231,0.7384,residential,residential,5,0.345324
Singapore Pools Toa Payoh Lorong 1 Branch,310111,Branch,12,49,61,matched,1.34123713837195,103.845306137194,111 LORONG 1 TOA PAYOH TOA PAYOH NORTH SINGAPORE 310111,TOA PAYOH,CENTRAL REGION,OK,467695,57587,0,105788,6127,67,0.8904,1569535,202067,621,506008,115265,230,0.8858,3180066,504346,64953,874619,423014,417,0.8568,residential,residential,5,0.265217
Singapore Pools Hougang N1 Branch,530106,Branch,12,47,59,matched,1.3537029714401,103.890680792553,106 HOUGANG AVENUE 1 SINGAPORE 530106,HOUGANG,NORTH-EAST REGION,OK,261690,387136,6463,31050,19622,47,0.4043,1015901,1054033,83797,180993,88410,118,0.4911,2371483,2063370,138037,341266,124856,177,0.5337,mixed,commercial,5,0.5
Singapore Pools Clementi N7 Branch,120722,Branch,12,37,49,matched,1.30297959881951,103.76371403028,722 CLEMENTI WEST STREET 2 SINGAPORE 120722,CLEMENTI,WEST REGION,OK,386354,86084,51438,63795,29336,36,0.7866,839460,392942,51438,255898,492648,67,0.6739,1547433,1003621,144370,561016,664519,155,0.6009,residential,residential,5,0.731343
NTUC FairPrice Toa Payoh HDB Centre,310500,Authorised Retailer (FairPrice),12,34,46,matched,1.33285542884681,103.847092284316,500 LORONG 6 TOA PAYOH HDB HUB SINGAPORE 310500,TOA PAYOH,CENTRAL REGION,OK,327310,71451,45015,42587,76291,83,0.7883,1486870,230950,106269,250073,227697,229,0.8443,3151712,365160,149301,817048,408225,419,0.88,residential,residential,5,0.200873
NTUC FairPrice Clementi Avenue 3,120451,Authorised Retailer (FairPrice),12,36,48,matched,1.31274380194655,103.76584669599,451 CLEMENTI AVENUE 3 NATIONAL UNIVERSITY POLYCLINICS (CLEMENTI POLYCLINIC) SINGAPORE 120451,CLEMENTI,WEST REGION,OK,465534,3788,57538,59347,100814,77,0.9382,1673724,3788,127428,498060,178049,196,0.9626,2884700,572225,202558,1020973,389072,256,0.816,residential,residential,5,0.244898
Singapore Pools Yishun N1 Branch,760101,Branch,11,58,69,matched,1.4305357538408,103.827667722074,101 YISHUN AVENUE 5 SINGAPORE 760101,YISHUN,NORTH REGION,OK,391837,2044,50385,53281,22401,64,0.9387,1120570,39548,50440,194404,110071,167,0.9465,1845813,239558,192080,356958,227658,330,0.8526,residential,residential,5,0.413174
Singapore Pools Whampoa Drive Branch,320088,Branch,11,54,65,matched,1.32324726968904,103.855171553668,88 WHAMPOA DRIVE SINGAPORE 320088,NOVENA,CENTRAL REGION,OK,439475,38363,42818,61971,27351,63,0.8852,1627513,68751,70154,300164,227197,217,0.9412,2989496,672288,167922,757400,398307,400,0.8025,residential,residential,5,0.299539
Singapore Pools Teck Whye Branch,680141,Branch,11,48,59,matched,1.38041161319004,103.75257991701,141 TECK WHYE LANE SINGAPORE 680141,CHOA CHU KANG,WEST REGION,OK,440268,0,39224,95245,21578,96,0.9591,1341046,24169,81634,349117,174558,206,0.9551,2998090,49670,158144,542807,472560,477,0.9598,residential,residential,5,0.286408
Singapore Pools Tanjong Pagar Branch,082001,Branch,11,61,72,matched,1.27568847511494,103.842433449984,1 TANJONG PAGAR PLAZA MULTI STOREY CAR PARK SINGAPORE 082001,OUTRAM,CENTRAL REGION,OK,154759,198299,30056,44450,24786,37,0.4432,317319,547882,65804,336325,164509,55,0.3762,757621,901212,123894,456011,307326,121,0.4597,mixed,commercial,5,1.309091
Singapore Pools Jurong West N5 Branch,640508,Branch,11,64,75,matched,1.34872718063365,103.718715391434,508 JURONG WEST STREET 52 HONG KAH POINT SINGAPORE 640508,JURONG WEST,WEST REGION,OK,649973,0,46859,81056,25440,87,0.9664,1532549,134820,129792,322581,171821,229,0.8889,2327384,1014169,196125,612717,395796,379,0.6856,residential,residential,5,0.327511
Singapore Pools IMM Branch,609601,Branch,11,45,56,matched,1.33487526118006,103.746894773008,2 JURONG EAST STREET 21 IMM BUILDING SINGAPORE 609601,JURONG EAST,WEST REGION,OK,553,292975,0,63528,40347,14,0.0019,398597,868603,55941,122930,75291,87,0.3224,1350286,1561972,99906,250659,279924,221,0.4649,commercial,commercial,5,0.643678
Singapore Pools Hougang N2 Branch,530211,Branch,11,56,67,matched,1.35962289225618,103.887717332865,211 HOUGANG STREET 21 KOVAN CITY SINGAPORE 530211,HOUGANG,NORTH-EAST REGION,OK,468390,0,94892,48720,21025,41,0.9158,1813159,509915,113837,176596,99945,133,0.7674,3413360,1501585,185811,362320,272795,280,0.6874,residential,residential,5,0.503759
NTUC FairPrice Yishun MRT Station,769093,Authorised Retailer (FairPrice),11,49,60,matched,1.42944308477331,103.835005047246,301 YISHUN AVENUE 2 YISHUN MRT STATION (NS13) SINGAPORE 769093,YISHUN,NORTH REGION,OK,353806,14894,79431,56657,61080,88,0.8781,1348952,16937,172486,324985,225175,322,0.9329,2942168,489309,279932,511800,461219,592,0.8304,residential,residential,5,0.186335
NTUC FairPrice Jurong Gateway Road,600135,Authorised Retailer (FairPrice),11,46,57,matched,1.33375343883095,103.739371388475,135 JURONG GATEWAY ROAD KLCII JURONG CAMPUS SINGAPORE 600135,JURONG EAST,WEST REGION,OK,197274,40431,55941,18742,21201,15,0.7671,617347,308247,55941,118983,243754,102,0.6575,1855004,879297,129702,193360,666926,217,0.6703,residential,residential,5,0.558824
Jake Merchandise Associates,520503,Authorised Retailer,11,42,53,matched,1.3558033565401,103.945102946956,503 TAMPINES CENTRAL 1 TAMPINES HEART SINGAPORE 520503,TAMPINES,EAST REGION,OK,352018,161736,35313,58464,107524,61,0.6733,1573949,169877,77315,175488,435723,335,0.8855,3558802,192220,251260,570492,590004,772,0.9206,residential,residential,5,0.158209
7-Eleven Store Yishun Ring Road,760103,Authorised Retailer (7-Eleven),11,51,62,matched,1.43136934951878,103.828892847163,103 YISHUN RING ROAD SINGAPORE 760103,YISHUN,NORTH REGION,OK,523226,2044,50385,61710,20701,83,0.9527,1281057,39548,91239,238871,132145,185,0.9397,2185151,320033,201084,404206,240643,376,0.8446,residential,residential,5,0.335135
Wanrise,380047,Authorised Retailer,10,41,51,matched,1.31794121263529,103.879025382959,47 SIMS PLACE SIMS VISTA SINGAPORE 380047,GEYLANG,CENTRAL REGION,OK,207641,167670,0,57513,8765,24,0.5533,1253370,755141,3412,250094,74766,111,0.6238,2673301,1390029,11290,373181,290299,286,0.6575,mixed,residential,5,0.459459
Tay Sui Lan Agency,049317,Authorised Retailer,10,45,55,matched,1.283619583733,103.852068945868,11 COLLYER QUAY THE ARCADE SINGAPORE 049317,DOWNTOWN CORE,CENTRAL REGION,OK,4716,210061,0,21839,103962,0,0.022,39471,609192,40030,168689,371974,11,0.0864,234408,1398690,153075,309499,1282639,47,0.1741,commercial,commercial,5,5.0
Tampines Trading - 828,520828,Authorised Retailer,10,53,63,matched,1.34893084103853,103.934588111014,828 TAMPINES STREET 81 SINGAPORE 520828,TAMPINES,EAST REGION,OK,411848,0,49837,397865,12053,105,0.946,1516843,29689,73733,466421,198049,300,0.9589,2599927,771020,160781,667892,858416,486,0.7589,residential,residential,5,0.21
Singapore Pools Woodlands 888 Branch,730888,Branch,10,51,61,matched,1.43712301500434,103.795314383823,888 WOODLANDS DRIVE 50 888 PLAZA SINGAPORE 730888,WOODLANDS,NORTH REGION,OK,495512,0,15397,40025,60262,126,0.9849,1892446,90419,64941,225325,169231,446,0.94,2936589,793005,79474,774037,307206,623,0.7814,residential,residential,5,0.136771
Singapore Pools Tampines Mart Branch,529287,Branch,10,24,34,matched,1.35454944260132,103.959900189012,11 TAMPINES STREET 32 PLAYFACTO SCHOOL @ TAMPINES SINGAPORE 529287,TAMPINES,EAST REGION,OK,491558,0,16743,129054,28656,102,0.9835,1955002,156830,58745,224361,66711,267,0.9142,3816418,609166,107282,989556,183809,582,0.8538,residential,residential,5,0.127341
Singapore Pools Clementi N3 Branch,120325,Branch,10,46,56,matched,1.315096685325,103.766817400667,325 CLEMENTI AVENUE 5 SINGAPORE 120325,CLEMENTI,WEST REGION,OK,504801,3788,57538,41245,10107,96,0.9425,1507523,3788,151120,273569,168708,199,0.9523,3313731,332565,202558,928936,346522,252,0.8873,residential,residential,5,0.281407
Singapore Pools Bencoolen Branch,189646,Branch,10,58,68,matched,1.30166188823652,103.853356123694,180 BENCOOLEN STREET THE BENCOOLEN SINGAPORE 189646,ROCHOR,CENTRAL REGION,OK,48844,197468,85158,109821,22119,15,0.2758,477376,960035,155507,279661,146874,54,0.3485,1096438,1390208,256936,1011360,671291,114,0.4465,commercial,commercial,5,1.259259
Rangoon Provision Shop,210681,Authorised Retailer,10,38,48,matched,1.3137206738217,103.855272733514,681 RACE COURSE ROAD SINGAPORE 210681,KALLANG,CENTRAL REGION,OK,303413,93069,2995,21327,77370,18,0.7633,1327401,442329,58398,218136,145829,149,0.7421,2412710,1107984,216794,629236,284744,283,0.6745,residential,residential,5,0.322148
NTUC FairPrice Bukit Batok MRT Station,659958,Authorised Retailer (FairPrice),10,30,40,matched,1.34903331201636,103.749566478309,10 BUKIT BATOK CENTRAL BUKIT BATOK MRT STATION (NS2) SINGAPORE 659958,BUKIT BATOK,WEST REGION,OK,410406,54661,0,13062,87345,83,0.8825,1503213,290949,80299,210390,319636,289,0.8234,2944136,621579,176665,518438,995544,520,0.8103,residential,residential,5,0.138408
Livewire Singapore Pools,188994,Lottery Lobby,10,48,58,matched,1.30117342723628,103.851274599853,210 MIDDLE ROAD SINGAPORE POOLS BUILDING SINGAPORE 188994,ROCHOR,CENTRAL REGION,OK,134929,158572,76015,107698,16779,15,0.468,419117,728385,153369,716422,341989,48,0.3811,1179093,1438491,282153,1046893,656857,104,0.4553,mixed,commercial,5,1.208333
Livewire Marina Bay Sands,018972,Livewire,10,40,50,matched,1.28332249857386,103.857629111139,2 BAYFRONT AVENUE CRYSTAL PAVILION SOUTH SINGAPORE 018972,DOWNTOWN CORE,CENTRAL REGION,OK,0,9560,0,14705,75919,0,0.0,45495,387748,0,99375,838889,0,0.105,106992,1057128,34547,179975,1059652,8,0.1037,commercial,open,4,0.0
Lee Eng Trading Store,522201,Authorised Retailer,10,44,54,matched,1.35345315769813,103.953009918868,201B TAMPINES STREET 21 SINGAPORE 522201,TAMPINES,EAST REGION,OK,595817,0,42002,94712,26009,113,0.9671,2135063,42520,142595,287174,113455,383,0.9509,3505406,254946,194330,520615,501979,631,0.911,residential,residential,5,0.140992
Cheers Harbourfront Centre,099253,Authorised Retailer,10,35,45,matched,1.26401293230767,103.82005101011,1 MARITIME SQUARE CONSULATE-GENERAL OF THE REPUBLIC OF COTE D'IVOIRE SINGAPORE 099253,BUKIT MERAH,CENTRAL REGION,OK,58761,173210,1338,0,3542,0,0.2547,304352,218765,14323,20159,800511,9,0.5796,1119893,422419,14323,152323,1323774,66,0.724,mixed,open,5,5.0
Singapore Pools Woodlands N5 Branch,730548,Branch,9,39,48,matched,1.43044361849124,103.793804884379,548 WOODLANDS DRIVE 44 FC SINGAPORE 730548,WOODLANDS,NORTH REGION,OK,443382,0,15190,85204,63991,110,0.9834,1293808,113618,30587,368878,144971,250,0.9104,2336016,256195,74941,473392,257575,464,0.8899,residential,residential,5,0.192
Singapore Pools Toa Payoh Lorong 8 Branch,310212,Branch,9,34,43,matched,1.34064293639026,103.85433449712,212 LORONG 8 TOA PAYOH SINGAPORE 310212,TOA PAYOH,CENTRAL REGION,OK,358835,49296,0,92206,29064,62,0.8792,1568073,258157,20559,241238,106253,298,0.8546,3245345,534730,64953,734382,337993,500,0.8525,residential,residential,5,0.144295
Singapore Pools New Upper Changi Branch,462026,Branch,9,28,37,matched,1.3233383625591,103.934207271148,26 NEW UPPER CHANGI ROAD SINGAPORE 462026,BEDOK,EAST REGION,OK,260046,75980,117386,18402,79633,76,0.703,1666252,387331,198149,163215,157974,212,0.784,4299277,477148,344552,404028,249835,407,0.8732,residential,residential,5,0.174528
Singapore Pools Lorong 25A Geylang Branch,388251,Branch,9,47,56,matched,1.31549499038814,103.883256085887,62 LORONG 25A GEYLANG SINGAPORE 388251,GEYLANG,CENTRAL REGION,OK,376906,129308,3408,62504,7925,22,0.7429,1366174,505268,9329,218281,73368,137,0.7289,2776955,1196935,29514,417720,266162,266,0.6973,residential,residential,5,0.408759
Singapore Pools Jurong West N4 Branch,640498,Branch,9,53,62,matched,1.34833335760515,103.724307319237,498 JURONG WEST STREET 41 SINGAPORE 640498,JURONG WEST,WEST REGION,OK,374619,0,40924,108569,86612,72,0.9508,1407192,0,130874,287248,240592,218,0.9575,2756676,272676,201480,619524,1301935,404,0.8844,residential,residential,4,0.284404
Singapore Pools Clementi Town Centre Branch,120446,Branch,9,68,77,matched,1.31251305732378,103.764927758669,446 CLEMENTI AVENUE 3 SINGAPORE 120446,CLEMENTI,WEST REGION,OK,432508,3788,57538,37188,94113,70,0.9341,1666160,33782,144008,277695,201284,200,0.9426,2916488,692514,202558,1020973,393700,254,0.7917,residential,residential,5,0.385
Singapore Pools Bedok Town Centre Branch,460204,Branch,9,54,63,matched,1.32635909520616,103.929995919076,204 BEDOK NORTH STREET 1 BEDOK TOWN CENTRE SINGAPORE 460204,BEDOK,EAST REGION,OK,355098,116078,143484,26411,45564,73,0.6944,1755102,417566,277003,156456,142202,264,0.773,3723386,590850,344552,413581,363364,421,0.8362,residential,residential,5,0.238636
NTUC FairPrice Lot 1 Shoppers' Mall,689812,Authorised Retailer (FairPrice),9,30,39,matched,1.38493874036122,103.745022476677,21 CHOA CHU KANG AVENUE 4 CHOA CHU KANG LIBRARY SINGAPORE 689812,CHOA CHU KANG,WEST REGION,OK,405645,17623,0,20208,130652,62,0.9584,1259567,48764,39224,179594,243694,285,0.9493,2732545,67371,47724,533903,409848,538,0.968,residential,residential,5,0.136842
Nan Huat Wine Store,570513,Authorised Retailer,9,40,49,matched,1.34946633905282,103.849467349041,513 BISHAN STREET 13 SINGAPORE 570513,BISHAN,CENTRAL REGION,OK,445950,107064,0,147620,14644,74,0.8064,1164150,284256,22747,361620,165444,191,0.799,2756071,537965,57191,873313,591594,388,0.8309,residential,residential,5,0.256545
Evercool Engineering,310095,Authorised Retailer,9,34,43,matched,1.33889072150034,103.848993316875,95 LORONG 4 TOA PAYOH TOA PAYOH PALM SPRING SINGAPORE 310095,TOA PAYOH,CENTRAL REGION,OK,587803,55049,0,40733,14369,109,0.9144,1582354,255633,63447,316499,223354,311,0.8489,3109994,614233,101627,813206,332862,480,0.8262,residential,residential,5,0.138264
Tan Boon Tin Agency,440056,,8,23,31,scraped,1.30560569433107,103.91537607851,56 MARINE TERRACE MARINE TERRACE HAVEN SINGAPORE 440056,MARINE PARADE,CENTRAL REGION,OK,375645,6545,0,185487,0,50,0.9829,1328736,13713,5165,224495,580296,71,0.9879,2705038,161380,27649,371899,679300,78,0.9395,residential,residential,5,0.43662
Singapore Pools Pasir Ris N2 Branch,510259,Branch,8,45,53,matched,1.36645364010349,103.964598499523,259 PASIR RIS STREET 21 LOYANG POINT SINGAPORE 510259,PASIR RIS,EAST REGION,OK,369248,163490,15662,62774,35115,71,0.6876,1603717,451979,48784,137355,102923,225,0.7736,3005274,912317,114064,952380,166525,432,0.7596,residential,residential,5,0.235556
Singapore Pools Ang Mo Kio N7 Branch,560726,Branch,8,46,54,matched,1.37278358482637,103.84644830631,726 ANG MO KIO AVENUE 6 SINGAPORE 560726,ANG MO KIO,NORTH-EAST REGION,OK,314202,19300,108154,10684,215938,59,0.8339,1421997,19300,249858,550566,278737,250,0.9147,3272248,84558,343112,931084,898622,463,0.9308,residential,residential,5,0.216
Singapore Pools Ang Mo Kio N2 Branch,560202,Branch,8,43,51,matched,1.36844644010937,103.844516260527,202 ANG MO KIO AVENUE 3 ANG MO KIO VIEW SINGAPORE 560202,ANG MO KIO,NORTH-EAST REGION,OK,607928,19300,108154,33719,28069,101,0.9002,1303532,19300,210960,200730,735595,257,0.9186,3523215,198400,380365,904260,886373,529,0.9053,residential,residential,5,0.198444
Seah Geok Eng Agency - Rivervale Plaza,540118,Authorised Retailer,8,42,50,matched,1.3849334568541,103.901558018707,118 RIVERVALE DRIVE FC/MARKET RIVERVALE PLAZA SINGAPORE 540118,SENGKANG,NORTH-EAST REGION,OK,334600,0,15351,63536,58944,111,0.9781,1504806,72745,37888,184815,140070,356,0.9432,3066605,821492,102230,450944,400808,735,0.7813,residential,residential,5,0.140449
NTUC FairPrice White Sands,518457,Authorised Retailer (FairPrice),8,39,47,matched,1.3724564071358,103.949763493981,1 PASIR RIS CENTRAL STREET 3 PASIR RIS LIBRARY SINGAPORE 518457,PASIR RIS,EAST REGION,OK,324746,11525,0,0,20806,70,0.9657,1407122,11525,33122,122565,531475,245,0.9807,2818585,27786,101624,401704,1290713,659,0.9733,residential,residential,5,0.191837
NTUC FairPrice Sun Plaza,757713,Authorised Retailer (FairPrice),8,34,42,matched,1.44819666623789,103.819498634275,30 SEMBAWANG DRIVE SEMBAWANG LIBRARY SINGAPORE 757713,SEMBAWANG,NORTH REGION,OK,366454,0,8564,51604,91875,120,0.9886,1403712,314067,8564,162739,254069,260,0.8156,3204002,862580,44544,365067,291186,379,0.7848,residential,residential,5,0.161538
NTUC FairPrice Jurong Point,648331,Authorised Retailer (FairPrice),8,64,72,matched,1.33931504032005,103.705350996191,63 JURONG WEST CENTRAL 3 BOON LAY BUS INTERCHANGE SINGAPORE 648331,JURONG WEST,WEST REGION,OK,311033,45940,60340,7689,123142,84,0.8176,1158829,859843,70494,191109,182711,276,0.5716,2481524,2191069,142628,386374,334005,512,0.5302,mixed,residential,5,0.26087
NTUC FairPrice Bedok North Street 4,460089,Authorised Retailer (FairPrice),8,23,31,matched,1.33233468349262,103.938051284737,89 BEDOK NORTH STREET 4 SINGAPORE 460089,BEDOK,EAST REGION,OK,527741,0,37141,104485,20342,85,0.9671,1548656,127570,160495,225321,98943,225,0.8869,3240259,546148,306304,319581,400588,398,0.8291,residential,residential,5,0.137778
Giant Sunshine Place,680475,Authorised Retailer,8,25,33,matched,1.37805614752086,103.738931794069,475 CHOA CHU KANG AVENUE 3 KINDERLAND KINDERGARTEN (CHOA CHU KANG) SINGAPORE 680475,CHOA CHU KANG,WEST REGION,OK,530921,11337,0,64545,27140,129,0.9791,1403253,29656,0,234875,278994,255,0.9793,2300984,59030,57555,442904,558602,345,0.9637,residential,residential,4,0.129412
Cheers Hougang Central,530810,Authorised Retailer,8,45,53,matched,1.37160444105564,103.893647271883,810 HOUGANG CENTRAL ALJUNIED-HOUGANG TOWN COUNCIL (MAIN OFFICE) SINGAPORE 530810,HOUGANG,NORTH-EAST REGION,OK,379645,24019,45723,31369,18176,87,0.8957,1677332,24019,45723,204892,322086,294,0.9732,3281809,1134538,129158,683632,431675,528,0.7362,residential,residential,5,0.180272
Vitatron & Medical Co,058963,Authorised Retailer,7,28,35,matched,1.28294362945788,103.8433288831,60 SMITH STREET KRETA AYER CONSERVATION AREA SINGAPORE 058963,OUTRAM,CENTRAL REGION,OK,63193,240311,67324,45469,89775,20,0.2612,371485,834828,145362,253396,219515,66,0.3286,1141075,1221787,191117,620892,780196,172,0.4842,commercial,commercial,5,0.530303
Teo Sook Cheng Agency,760293,Authorised Retailer,7,65,72,matched,1.43611425409216,103.837605235958,293 YISHUN STREET 22 SINGAPORE 760293,YISHUN,NORTH REGION,OK,438840,31707,33665,115007,24455,85,0.9037,1053516,550424,42669,198397,84650,233,0.6528,2519163,557385,201084,422625,249958,485,0.7993,residential,residential,5,0.309013
Soh Choo Trading,730019,Authorised Retailer,7,37,44,matched,1.44328204285332,103.777294228046,19 MARSILING LANE SINGAPORE 730019,WOODLANDS,NORTH REGION,OK,322367,146713,28001,55691,73934,47,0.6767,1085026,275067,28001,302541,460965,148,0.7918,1805224,712068,69198,680106,577711,273,0.7113,residential,residential,5,0.297297
Singapore Pools Tampines N4 Branch,520481,Branch,7,20,27,matched,1.36162956418494,103.953251115722,481 TAMPINES STREET 44 SINGAPORE 520481,TAMPINES,EAST REGION,OK,467905,0,48538,44221,27740,124,0.953,1498106,0,123661,292104,183645,395,0.9619,3725557,153594,191379,517418,513776,758,0.9388,residential,residential,4,0.068354
Singapore Pools Serangoon Central Branch,550254,Branch,7,41,48,matched,1.35406229913885,103.871216925982,254 SERANGOON CENTRAL DRIVE SINGAPORE 550254,SERANGOON,NORTH-EAST REGION,OK,489632,0,83592,11685,73202,85,0.9271,1938751,19983,107199,233348,112832,144,0.9644,4491553,81356,110969,411788,254081,204,0.9708,residential,residential,5,0.333333
Singapore Pools Potong Pasir Branch,350148,Branch,7,17,24,matched,1.3323543597317,103.86777426102,148 POTONG PASIR AVENUE 1 SINGAPORE 350148,TOA PAYOH,CENTRAL REGION,OK,389539,0,36968,137857,15096,46,0.9567,1131357,264558,68225,333350,85770,122,0.796,3014163,756603,70513,767890,300316,398,0.7939,residential,residential,5,0.196721
Singapore Pools Lucky Plaza Branch,238863,Branch,7,67,74,matched,1.30450604646634,103.833962339817,304 ORCHARD ROAD LUCKY PLAZA SINGAPORE 238863,ORCHARD,CENTRAL REGION,OK,190944,259655,29829,15202,8739,0,0.4285,1308759,469272,75524,139916,55643,0,0.7265,3252781,632509,158648,761879,111408,0,0.824,mixed,residential,5,0.0
Singapore Pools Holland Drive Branch,270046,Branch,7,56,63,matched,1.30878949399241,103.792695569227,46 HOLLAND DRIVE SINGAPORE 270046,QUEENSTOWN,CENTRAL REGION,OK,290562,99992,36967,15740,72988,44,0.7229,1569490,368362,57215,154703,145070,130,0.801,3934725,545378,63284,484688,297923,191,0.873,residential,residential,5,0.484615
Singapore Pools Bukit Panjang Branch,670257,Branch,7,46,53,matched,1.37850873559017,103.773212348159,257 BANGKIT ROAD BUKIT PANJANG NEIGHBOURHOOD CENTRE SINGAPORE 670257,BUKIT PANJANG,WEST REGION,OK,388738,3232,30420,55940,103748,80,0.9563,1284674,3232,43309,116866,1091945,231,0.9813,2333586,14731,117139,388545,1320600,380,0.9703,residential,residential,5,0.229437
Singapore Pools Bishan N2 Branch,570279,Branch,7,36,43,matched,1.35722283118337,103.843785252615,279 BISHAN STREET 24 SINGAPORE 570279,BISHAN,CENTRAL REGION,OK,480550,51671,37254,102806,18175,82,0.8766,1159545,363218,70633,265441,584999,159,0.7499,2862300,664920,123394,823791,684358,380,0.801,residential,residential,5,0.27044
Singapore Pools Ang Mo Kio N4 Branch,560447,Branch,7,45,52,matched,1.36750371103856,103.855897952833,447 ANG MO KIO AVENUE 10 LITTLE CHAMPS SCHOOLHOUSE (MONTESSORI) PTE. LTD. SINGAPORE 560447,ANG MO KIO,NORTH-EAST REGION,OK,418517,0,32646,68130,38241,82,0.9638,1611995,199591,128801,249215,101581,209,0.8639,3040520,711429,236955,464649,577171,324,0.7919,residential,residential,5,0.248804
Singapore Pools Anchorvale Road Branch,540308,Branch,7,25,32,matched,1.38955848510235,103.886426650492,308 ANCHORVALE ROAD MULTI STOREY CAR PARK SINGAPORE 540308,SENGKANG,NORTH-EAST REGION,OK,358930,0,0,45906,19745,75,1.0,1051196,164079,38299,427100,197219,296,0.8538,3048134,185090,119166,897132,516729,725,0.927,residential,residential,5,0.108108
Seah Koon Huat - Bukit Merah View,151116,Authorised Retailer,7,29,36,matched,1.28513427067055,103.821532226321,116 BUKIT MERAH VIEW SINGAPORE 151116,BUKIT MERAH,CENTRAL REGION,OK,361396,94923,67739,37985,63730,60,0.7542,1470278,205181,95317,255412,159693,256,0.8572,3060644,592252,174454,622892,699780,453,0.8225,residential,residential,5,0.140625
Prime Punggol Field,820108,Authorised Retailer,7,26,33,matched,1.39649861628108,103.908866307025,108 PUNGGOL FIELD SINGAPORE 820108,PUNGGOL,NORTH-EAST REGION,OK,544185,0,0,75622,38424,148,1.0,1847169,21180,49128,310550,149155,494,0.9761,3501639,25687,138148,516789,549866,829,0.9741,residential,residential,5,0.066802
NTUC FairPrice Tanjong Pagar Plaza,081005,Authorised Retailer (FairPrice),7,22,29,matched,1.27624052001347,103.843006115698,5 TANJONG PAGAR PLAZA SINGAPORE 081005,OUTRAM,CENTRAL REGION,OK,152531,218874,30056,29815,25252,36,0.4174,322035,578995,95367,214961,182957,60,0.3711,755213,942532,123894,456868,345083,118,0.4486,mixed,commercial,5,0.483333
NTUC FairPrice Bukit Merah Central,150166,Authorised Retailer (FairPrice),7,33,40,matched,1.28309262574973,103.817667202598,166 BUKIT MERAH CENTRAL SINGAPORE 150166,BUKIT MERAH,CENTRAL REGION,OK,139250,129793,42491,96793,24339,39,0.5152,1060553,320018,82995,304577,588884,192,0.753,2685344,676165,160394,552278,1430031,466,0.7852,residential,residential,5,0.208333
Metro Woodlands,738099,Authorised Retailer,7,29,36,matched,1.4360700650803,103.785981524253,1 WOODLANDS SQUARE CAUSEWAY POINT SINGAPORE 738099,WOODLANDS,NORTH REGION,OK,190041,102399,0,18587,14762,54,0.6498,1408656,230595,21560,381896,302296,296,0.8547,3121656,532226,121345,759403,546941,595,0.843,residential,residential,5,0.121622
Livewire (Resorts World Sentosa),098138,,7,35,42,scraped,1.2570386446855,103.822038714405,26 SENTOSA GATEWAY SHOWPLACE (RESORTS WORLD SENTOSA) SINGAPORE 098138,SOUTHERN ISLANDS,CENTRAL REGION,OK,0,0,0,0,17489,0,0.5,0,513140,0,8504,741475,0,0.0,259112,726567,1338,102564,1031059,1,0.2632,commercial,open,3,0.0
Kis Store,500004,Authorised Retailer,7,23,30,matched,1.38909635615366,103.98746284567,4 CHANGI VILLAGE ROAD SINGAPORE 500004,CHANGI,EAST REGION,OK,48051,7044,48160,28350,151097,7,0.6986,119287,7044,48160,28350,813694,7,0.8216,119287,73374,48160,28350,836124,7,0.5953,residential,open,5,4.285714
Clifford Gift Shop,560532,Authorised Retailer,7,48,55,matched,1.37380851539559,103.854594160601,532 ANG MO KIO AVENUE 10 CHENG SAN CENTRE SINGAPORE 560532,ANG MO KIO,NORTH-EAST REGION,OK,756508,0,38897,160862,11062,70,0.9755,1394848,317150,179697,532123,102974,178,0.7848,2849905,690104,236955,850019,553774,305,0.7859,residential,residential,5,0.308989
Cheers Changi Village Road,500004,Authorised Retailer,7,39,46,matched,1.38909635615366,103.98746284567,4 CHANGI VILLAGE ROAD SINGAPORE 500004,CHANGI,EAST REGION,OK,48051,7044,48160,28350,151097,7,0.6986,119287,7044,48160,28350,813694,7,0.8216,119287,73374,48160,28350,836124,7,0.5953,residential,open,5,6.571429
7-Eleven Store Owen Road,210045,Authorised Retailer (7-Eleven),7,16,23,matched,1.31559567579803,103.850825476141,45 OWEN ROAD SINGAPORE 210045,KALLANG,CENTRAL REGION,OK,395740,5264,0,58042,12316,30,0.9869,1334648,258096,34814,368795,112256,79,0.8307,2844715,676804,162642,737136,270785,250,0.7942,residential,residential,5,0.291139
Xie Sheng Departmental Service Company,470632,Authorised Retailer,6,27,33,matched,1.33205094618817,103.914145075793,632 BEDOK RESERVOIR ROAD EUNOS GROVE SINGAPORE 470632,BEDOK,EAST REGION,OK,452339,66334,38230,32225,60071,73,0.8466,1649917,482044,38230,231762,85407,168,0.7691,2962798,1023577,152954,332658,314872,321,0.7342,residential,residential,5,0.196429
Singapore Pools Woodlands N3 Branch,730305,Branch,6,47,53,matched,1.43036145835565,103.774102414119,305 WOODLANDS STREET 31 FUCHUN NEIGHBOURHOOD CENTRE SINGAPORE 730305,WOODLANDS,NORTH REGION,OK,392236,0,41197,218181,49567,75,0.9525,1007039,369922,51197,256992,347007,168,0.7231,1856580,772637,51197,330569,1681690,270,0.7022,residential,residential,5,0.315476
Singapore Pools LOT One Branch,689812,Authorised Retailer (FairPrice),6,21,27,matched,1.38493874036122,103.745022476677,21 CHOA CHU KANG AVENUE 4 CHOA CHU KANG LIBRARY SINGAPORE 689812,CHOA CHU KANG,WEST REGION,OK,405645,17623,0,20208,130652,62,0.9584,1259567,48764,39224,179594,243694,285,0.9493,2732545,67371,47724,533903,409848,538,0.968,residential,residential,5,0.094737
Singapore Pools Jurong West N2 Branch,640276,Branch,6,16,22,matched,1.35360972722828,103.703730685947,276 JURONG WEST STREET 25 MULTI STOREY CAR PARK SINGAPORE 640276,JURONG WEST,WEST REGION,OK,178020,316323,0,71583,39074,30,0.3601,728781,1325587,0,186811,65106,134,0.3547,1792744,1848477,42009,418647,1802032,350,0.4924,mixed,commercial,4,0.164179
Singapore Pools Jurong East Branch,600351,Branch,6,45,51,matched,1.34483235593159,103.730778253202,351 JURONG EAST STREET 31 YUHUA PLACE SINGAPORE 600351,JURONG EAST,WEST REGION,OK,363418,0,43091,65516,225945,43,0.947,933896,0,128848,238686,543934,142,0.9394,2836159,2365,243477,611497,1412485,449,0.9597,residential,residential,4,0.359155
Singapore Pools Hougang N3 Branch,530322,Branch,6,23,29,matched,1.36709855359263,103.89697867894,322 HOUGANG AVENUE 5 SINGAPORE 530322,HOUGANG,NORTH-EAST REGION,OK,404200,136577,5286,30400,28772,59,0.745,1112772,840461,63542,136903,220228,166,0.5675,2177150,1742675,151972,350458,358398,338,0.5534,mixed,residential,5,0.174699
Singapore Pools Gek Poh Shopping Centre (Jurong West N7) Branch,640762,,6,43,49,scraped,1.34874357136408,103.697732091001,762 JURONG WEST STREET 75 GEK POH SHOPPING CENTRE SINGAPORE 640762,JURONG WEST,WEST REGION,OK,432555,13751,0,81047,14157,84,0.9692,1292992,760665,10155,237182,83313,285,0.629,2336684,1271025,74189,402233,269338,517,0.6447,mixed,residential,5,0.17193
Singapore Pools Funan Branch,179105,Branch,6,12,18,matched,1.29134759697794,103.849989790085,107 NORTH BRIDGE ROAD FUNAN SINGAPORE 179105,DOWNTOWN CORE,CENTRAL REGION,OK,0,182734,0,134099,355828,0,0.0,42379,883797,121869,362571,530293,16,0.0986,723072,1593321,305897,502540,794878,54,0.3341,commercial,commercial,5,1.125
Singapore Pools Circuit Road 64 Branch,370064,Branch,6,14,20,matched,1.32698404492367,103.887148432844,64 CIRCUIT ROAD SINGAPORE 370064,GEYLANG,CENTRAL REGION,OK,490596,56078,0,35773,12620,101,0.8974,1069743,872720,0,173347,53032,144,0.5507,1953301,2501201,5917,337819,87916,213,0.4386,mixed,residential,4,0.138889
Singapore Pools Bukit Batok Central Branch,650642,Branch,6,50,56,matched,1.34900647948549,103.751706683374,642 BUKIT BATOK CENTRAL SINGAPORE 650642,BUKIT BATOK,WEST REGION,OK,408675,58521,0,64738,46091,81,0.8747,1479649,300663,80299,155241,654272,282,0.8168,2921062,661903,131832,420217,940833,481,0.8041,residential,residential,5,0.198582
Singapore Pools Ang Mo Kio N6 Branch,560630,Branch,6,38,44,matched,1.38054138917049,103.841068277331,630 ANG MO KIO AVENUE 4 YIO CHU KANG VIEW SINGAPORE 560630,ANG MO KIO,NORTH-EAST REGION,OK,517575,0,34418,107402,27782,55,0.9688,1259102,107319,88747,588702,371407,91,0.8958,2669416,437226,214311,749438,518315,215,0.8361,residential,residential,5,0.483516
NTUC FairPrice Yishun Ring Road,760849,Authorised Retailer (FairPrice),6,30,36,matched,1.4169831658118,103.835218177871,849 YISHUN RING ROAD MLC (YISHUN) PTE. LTD. SINGAPORE 760849,YISHUN,NORTH REGION,OK,491485,0,46251,83114,83410,110,0.957,1905053,0,56322,278875,274872,251,0.9856,2646905,19812,135753,375692,568533,389,0.9687,residential,residential,4,0.143426
NTUC FairPrice Serangoon North Avenue 1,552152,Authorised Retailer (FairPrice),6,32,38,matched,1.36979940374161,103.87303579046,152B SERANGOON NORTH AVENUE 1 SINGAPORE 552152,SERANGOON,NORTH-EAST REGION,OK,533701,2480,47464,57679,40082,99,0.9551,1410210,484587,62925,184545,91083,169,0.7364,3607942,786913,67066,391517,384603,314,0.8161,residential,residential,5,0.224852
NTUC FairPrice Havelock Road,160050,Authorised Retailer (FairPrice),6,10,16,matched,1.28977813992267,103.826793758887,50 HAVELOCK ROAD MY FIRST SKOOL SINGAPORE 160050,BUKIT MERAH,CENTRAL REGION,OK,414723,15386,19898,89928,31474,56,0.9437,1770417,97270,104139,235010,91554,235,0.9243,3554913,407235,151307,559637,221635,356,0.8826,residential,residential,5,0.068085
NTUC FairPrice Changi Business Park,486018,Authorised Retailer (FairPrice),6,23,29,matched,1.33491977663975,103.963653900382,8 CHANGI BUSINESS PARK AVENUE 1 CHANGI LINK @ ESR BIZPARK @ CHANGI SINGAPORE 486018,TAMPINES,EAST REGION,OK,0,398524,0,0,0,0,0.0,252548,1431224,0,316194,21182,0,0.15,1004687,1856281,0,474380,1450523,52,0.3512,commercial,commercial,4,0.0
Ng Nam Thye Trading - Taman Jurong,610399,Authorised Retailer,6,27,33,matched,1.3350420286067,103.72026802061,399 YUNG SHENG ROAD IMAN CHILDCARE (JURONG) PTE. LTD. SINGAPORE 610399,JURONG WEST,WEST REGION,OK,468899,167353,28317,48093,18555,82,0.7269,870348,744276,28317,121576,583531,132,0.5384,1532275,2154556,90897,262794,1196015,204,0.4176,mixed,residential,5,0.25
Li Thoe Trading,380119,Authorised Retailer,6,32,38,matched,1.32012887290025,103.886058091225,119 ALJUNIED AVENUE 2 SINGAPORE 380119,GEYLANG,CENTRAL REGION,OK,440343,67766,0,85311,26382,64,0.8666,1418575,527520,7601,248583,44467,138,0.728,2544899,1730070,71589,411016,142138,269,0.5937,residential,residential,5,0.275362
Li Li Cheng Supermarket (Punggol) Pte Ltd,823273,Authorised Retailer,6,23,29,matched,1.40230301367166,103.901262391698,273C PUNGGOL PLACE PUNGGOL REGALIA SINGAPORE 823273,PUNGGOL,NORTH-EAST REGION,OK,433082,0,0,43149,41184,112,1.0,1440059,0,73668,291995,270344,416,0.9757,3067787,38725,123291,845587,518243,764,0.9689,residential,residential,4,0.069712
Cold Storage Compass One,545078,Authorised Retailer,6,39,45,matched,1.39193355469474,103.895026387256,1 SENGKANG SQUARE SENGKANG LIBRARY SINGAPORE 545078,SENGKANG,NORTH-EAST REGION,OK,314635,17465,27086,100310,39003,107,0.9137,1567650,42614,36764,383653,111304,442,0.963,3451451,183826,111908,623406,445487,870,0.936,residential,residential,5,0.10181
Chua Yan Kee,142049,,6,8,14,scraped,1.3004269308691,103.797359760167,49 TANGLIN HALT ROAD SINGAPORE 142049,QUEENSTOWN,CENTRAL REGION,OK,517325,74762,0,32368,40248,45,0.8737,1358483,464939,36202,180258,262756,155,0.7402,3132040,910044,53321,436405,372946,244,0.7713,residential,residential,5,0.090323
Chng Siow Eng Agency,510625,Authorised Retailer,6,26,32,matched,1.37860239032585,103.941978177673,625 ELIAS ROAD CHERIE HEARTS KIDZ CAMPUS PTE. LTD. SINGAPORE 510625,PASIR RIS,EAST REGION,OK,342639,0,19965,78575,15959,178,0.9725,1426811,110922,32965,183915,728036,326,0.9189,2067335,979277,56801,233057,947821,427,0.6753,residential,residential,5,0.09816
Cheng Tai Boon Beng,238841,Authorised Retailer,6,21,27,matched,1.30125729409965,103.841150144584,150 ORCHARD ROAD ORCHARD PLAZA SINGAPORE 238841,ORCHARD,CENTRAL REGION,OK,155039,164928,36066,412804,24117,0,0.4861,1070374,387588,91857,586135,279349,0,0.7203,2000506,986971,269606,916750,471335,27,0.6556,mixed,residential,5,0.0
Cheng Chew Wah Agency - Marine Terrace,440058,Authorised Retailer,6,26,32,matched,1.30611781253448,103.914026029355,58 MARINE TERRACE MARINE TERRACE HAVEN SINGAPORE 440058,MARINE PARADE,CENTRAL REGION,OK,440625,6545,0,131218,2047,49,0.9854,1457536,73145,5165,227381,376984,77,0.9507,2924406,172737,35703,405402,688756,78,0.9392,residential,residential,5,0.415584
7-Eleven Store McCallum Street,069044,Authorised Retailer (7-Eleven),6,37,43,matched,1.27968475844532,103.847576349037,3 MCCALLUM STREET TELOK AYER CONSERVATION AREA SINGAPORE 069044,OUTRAM,CENTRAL REGION,OK,39471,334232,6062,29232,24673,1,0.1119,166466,786697,100288,133838,294998,42,0.2056,471553,999072,135644,556880,549922,80,0.3358,commercial,commercial,5,1.02381
Wong Teck Chow Enterprise (Private) Limited,188061,Authorised Retailer,5,5,10,matched,1.30197196437956,103.857804288546,390 VICTORIA STREET THE GOLDEN LANDMARK SINGAPORE 188061,ROCHOR,CENTRAL REGION,OK,95284,246040,60183,49415,33143,15,0.3123,373194,829664,197300,229230,136961,93,0.337,1043939,1611784,202315,525906,728758,113,0.4007,commercial,commercial,5,0.107527
U Stars Sumang Walk,820218,,5,2,7,scraped,1.40322712524584,103.89538702242,218 SUMANG WALK MATILDA PORTICO SINGAPORE 820218,PUNGGOL,NORTH-EAST REGION,OK,394774,0,0,101285,31224,92,1.0,1238607,12497,29989,338280,227155,261,0.9785,2364387,25455,110433,587423,624229,584,0.9677,residential,residential,5,0.02682
Tuck Lee Long,560159,Authorised Retailer,5,23,28,matched,1.37479893193043,103.839858129785,159 ANG MO KIO AVENUE 4 SINGAPORE 560159,ANG MO KIO,NORTH-EAST REGION,OK,323029,0,54330,45338,223116,60,0.928,1635982,0,214311,292779,311195,207,0.9421,3250210,84974,214311,829109,738650,319,0.9459,residential,residential,4,0.135266
Tay Ah Tho Trading,730768,Authorised Retailer,5,25,30,matched,1.44571784134906,103.798166316676,768 WOODLANDS AVENUE 6 CENTRAL 24-HR CLINIC (WOODLANDS) SINGAPORE 730768,WOODLANDS,NORTH REGION,OK,446975,83871,14533,75829,22582,114,0.8329,1357372,742925,64283,145087,95631,312,0.6419,2101703,2114405,64283,589709,234476,506,0.4985,mixed,residential,5,0.096154
Tan Kai Huat Provision Shop,530123,Authorised Retailer,5,17,22,matched,1.35338313924634,103.88625894527,123 HOUGANG AVENUE 1 SINGAPORE 530123,HOUGANG,NORTH-EAST REGION,OK,453621,3462,6463,54362,59091,60,0.9856,1598482,439355,115374,215798,96882,123,0.7692,2989319,1441841,150181,404200,205881,205,0.6689,residential,residential,5,0.178862
Singapore Pools Sim Lim Square Branch,188504,Branch,5,28,33,matched,1.3030242605718,103.853037814067,1 ROCHOR CANAL ROAD SIM LIM SQUARE SINGAPORE 188504,ROCHOR,CENTRAL REGION,OK,99107,193316,90083,81527,20626,22,0.3769,536067,782349,148825,286044,104524,62,0.4161,1261523,1440445,245296,991525,627096,122,0.4696,mixed,commercial,5,0.532258
Singapore Pools Silat Avenue Branch,160150,Branch,5,13,18,matched,1.27707706824333,103.831425856916,150 SILAT AVENUE SINGAPORE 160150,BUKIT MERAH,CENTRAL REGION,OK,273116,71021,0,182076,34739,22,0.7936,1291786,154077,10688,411645,112584,194,0.8905,2250107,585688,115379,587246,285001,369,0.782,residential,residential,5,0.092784
Singapore Pools Siglap Branch,459060,Branch,5,19,24,matched,1.31205682541822,103.922171053658,697D EAST COAST ROAD FRANKEL ESTATE SINGAPORE 459060,BEDOK,EAST REGION,OK,541383,0,2624,7948,15078,0,0.9976,1888382,2133,2624,308342,256477,6,0.9982,3258582,436936,43599,424788,496159,75,0.8773,residential,residential,5,4.0
Singapore Pools Chinatown Point Branch,059413,Branch,5,77,82,matched,1.28533894878838,103.845015574621,133 NEW BRIDGE ROAD CHINATOWN LIBRARY SINGAPORE 059413,OUTRAM,CENTRAL REGION,OK,39322,279763,76120,43471,47242,21,0.1958,258628,845753,161064,191752,286300,43,0.268,964772,1230513,198099,737216,846845,127,0.4445,commercial,commercial,5,1.906977
Singapore Pools Chin Swee Branch,160052,Branch,5,19,24,matched,1.28708278284998,103.841580109275,52 CHIN SWEE ROAD SINGAPORE 160052,OUTRAM,CENTRAL REGION,OK,131890,166770,47010,53864,105557,23,0.4495,518084,638607,158154,250395,237307,59,0.4542,1507554,1282622,268290,737367,733721,199,0.5368,mixed,commercial,5,0.40678
Singapore Pools Cheong Chin Nam Road Branch,599730,Branch,5,26,31,matched,1.34248911530733,103.775237429914,5 CHEONG CHIN NAM ROAD SINGAPORE 599730,BUKIT TIMAH,CENTRAL REGION,OK,433475,23006,69877,39844,23429,11,0.8899,1420468,23006,92816,395014,219603,21,0.9548,2446608,36093,92816,494861,2419744,21,0.968,residential,residential,5,1.47619
Singapore Pools Beo Crescent Branch,160036,Branch,5,25,30,matched,1.28835977080873,103.827056911096,36 BEO CRESCENT CS MONTESSORI KINDERGARTEN @ TIONG BAHRU SINGAPORE 160036,BUKIT MERAH,CENTRAL REGION,OK,454463,15386,1634,85270,32916,69,0.9656,1773764,164127,111037,176900,91338,265,0.8928,3455096,418829,151307,686030,301226,375,0.8772,residential,residential,5,0.113208
Sheng Siong Junction 9,768897,Authorised Retailer,5,15,20,matched,1.4331228398318,103.84166098599,18 YISHUN AVENUE 9 JUNCTION NINE SINGAPORE 768897,YISHUN,NORTH REGION,OK,454049,40898,9004,77355,23314,104,0.9099,1275794,268477,122100,205383,98145,276,0.8022,2518974,555342,173225,459078,429144,542,0.8023,residential,residential,5,0.072464
Prime Chai Chee Road,461025,Authorised Retailer,5,16,21,matched,1.32328959946584,103.924149636877,25A CHAI CHEE ROAD SINGAPORE 461025,BEDOK,EAST REGION,OK,417883,107127,37039,51592,19369,53,0.7764,1646955,471615,222520,151374,79759,131,0.751,4057081,616593,282828,332112,353626,306,0.8471,residential,residential,5,0.160305
Overseas Emporium (Private) Limited,059108,Authorised Retailer,5,30,35,matched,1.28413397178419,103.842519972666,1 PARK ROAD PEOPLE'S PARK COMPLEX SINGAPORE 059108,OUTRAM,CENTRAL REGION,OK,79403,193374,83344,46958,84855,24,0.34,386732,798267,149389,267658,228903,67,0.3458,1325682,1224779,201490,649865,762011,187,0.5183,commercial,commercial,5,0.522388
OCN (Singapore) Pte Ltd,120501,Authorised Retailer,5,34,39,matched,1.31231254760543,103.759312529215,501 WEST COAST DRIVE SINGAPORE 120501,CLEMENTI,WEST REGION,OK,364790,82943,34305,86103,58576,23,0.7924,1379914,586902,91842,176389,162111,104,0.6926,2405055,1217942,178865,351309,252357,246,0.6561,residential,residential,5,0.375
NTUC FairPrice Xpress Macpherson Road,348501,Authorised Retailer (FairPrice),5,26,31,matched,1.32869206523005,103.872188869956,110 MACPHERSON ROAD ESSO MACPHERSON SINGAPORE 348501,GEYLANG,CENTRAL REGION,OK,228234,249539,0,52165,219,0,0.4777,1169931,685558,44340,282613,77686,120,0.6275,2630358,1000580,70513,798606,279296,280,0.7202,mixed,residential,5,0.258333
NTUC FairPrice Marsiling MRT Station,739044,Authorised Retailer (FairPrice),5,24,29,matched,1.43252114855026,103.774074641403,71 WOODLANDS AVENUE 3 MARSILING MRT STATION (NS8) SINGAPORE 739044,WOODLANDS,NORTH REGION,OK,501649,0,41197,74148,28321,88,0.9621,1230180,376934,51197,294024,373210,202,0.7573,1861475,912656,79197,524943,1656134,285,0.6663,residential,residential,5,0.143564
NTUC FairPrice Lorong 4 Toa Payoh,310192,Authorised Retailer (FairPrice),5,20,25,matched,1.33166814812852,103.850487239503,192 LORONG 4 TOA PAYOH SINGAPORE 310192,TOA PAYOH,CENTRAL REGION,OK,241673,117007,45015,10695,170562,50,0.6544,1511838,225417,112241,234612,217867,289,0.8478,3261210,478488,149318,853916,367110,466,0.8578,residential,residential,5,0.086505
NTUC FairPrice Joo Koon,629117,Authorised Retailer (FairPrice),5,23,28,matched,1.32561767765205,103.678409741897,1 JOO KOON CIRCLE FAIRPRICE HUB SINGAPORE 629117,PIONEER,WEST REGION,OK,0,469641,0,0,0,0,0.0,0,1851998,0,20719,0,0,0.0,0,3488434,0,20719,0,0,0.0,commercial,commercial,2,0.0
NTUC FairPrice Jem,608549,Authorised Retailer (FairPrice),5,52,57,matched,1.33329334473462,103.743278742341,50 JURONG GATEWAY ROAD JEM SINGAPORE 608549,JURONG EAST,WEST REGION,OK,13549,183642,55941,63528,18161,11,0.164,691834,659594,55941,124208,90875,92,0.5115,1257459,1300898,126313,240593,395991,217,0.4919,mixed,residential,5,0.619565
NTUC FairPrice Boon Lay Place,640221,Authorised Retailer (FairPrice),5,46,51,matched,1.34633552457315,103.712430373455,221 BOON LAY PLACE BOON LAY SHOPPING CENTRE SINGAPORE 640221,JURONG WEST,WEST REGION,OK,371480,0,42009,81113,25357,76,0.9492,1393918,643236,88868,257165,91160,236,0.6765,2633309,1469986,190131,492653,403144,478,0.6355,residential,residential,5,0.216102
Nel's Store,470741,Authorised Retailer,5,14,19,matched,1.33773088769346,103.922272109998,741 BEDOK RESERVOIR ROAD RESERVOIR VILLAGE SINGAPORE 470741,BEDOK,EAST REGION,OK,237275,0,33122,27609,27356,40,0.9388,1103384,207481,77684,137326,676400,115,0.8226,2049745,574407,175748,639630,742464,272,0.7635,residential,residential,5,0.165217
Nalayanee Trading Enterprise,534839,Authorised Retailer,5,17,22,matched,1.33843759646141,103.886437101573,127 UPPER PAYA LEBAR ROAD SINGAPORE 534839,TOA PAYOH,CENTRAL REGION,OK,45054,405445,0,12232,3431,0,0.1,528562,1063681,10093,388559,54217,59,0.333,1927045,2130760,12737,732841,206309,184,0.475,commercial,commercial,5,0.372881
Lucky Hill,090112,,5,14,19,scraped,1.27446978398017,103.825878114028,112 BUKIT PURMEI ROAD P.A.W.(PEOPLE ANIMAL WELLNESS) VETERINARY SINGAPORE 090112,BUKIT MERAH,CENTRAL REGION,OK,488457,0,12985,103602,47833,34,0.9871,1178868,155507,29062,157590,108910,142,0.8753,1853061,525614,79873,546547,900756,295,0.77,residential,residential,5,0.133803
Kim Chwee Trading,600256,Authorised Retailer,5,23,28,matched,1.34416527251747,103.738263367232,256 JURONG EAST STREET 24 SINGAPORE 600256,JURONG EAST,WEST REGION,OK,489107,0,44833,78674,59929,62,0.958,1424941,0,122919,288477,414523,248,0.9603,2675956,339170,193558,551665,896592,452,0.8641,residential,residential,4,0.112903
Hin Teck Leong Trading Company - Rowell Road,200640,,5,18,23,scraped,1.30743547948389,103.854713903431,640 ROWELL ROAD SINGAPORE 200640,ROCHOR,CENTRAL REGION,OK,177962,250704,37590,39297,24793,31,0.422,877589,593345,157670,262976,150216,96,0.5873,1541909,1416775,207887,978202,422025,177,0.5198,mixed,residential,5,0.239583
Giant Parkway Parade,449269,Authorised Retailer (FairPrice),5,16,21,matched,1.301041960873,103.905505005847,80 MARINE PARADE ROAD MARINE PARADE POST OFFICE SINGAPORE 449269,MARINE PARADE,CENTRAL REGION,OK,258680,110610,14136,5616,14876,23,0.6931,1107774,155182,28577,80470,437881,46,0.8688,2433852,188743,32444,220720,489596,79,0.9228,residential,residential,5,0.456522
Everstream Trading,650283,Authorised Retailer,5,49,54,matched,1.34694365753899,103.757539380939,283 BUKIT BATOK EAST AVENUE 3 GOMBAK PLACE SINGAPORE 650283,BUKIT BATOK,WEST REGION,OK,522250,0,45304,77950,15445,108,0.9601,958365,343673,45304,185531,526388,160,0.7281,2596491,728235,82297,254119,1266120,275,0.7742,residential,residential,5,0.3375
Dawn Florist,538719,Authorised Retailer,5,23,28,matched,1.37924528796406,103.887832026893,21 HOUGANG STREET 51 MONTE KIDZ WORLD (HOUGANG) SINGAPORE 538719,HOUGANG,NORTH-EAST REGION,OK,414070,0,16525,245811,23311,95,0.9808,1187038,158371,122839,499011,125843,363,0.8503,3438379,264917,143587,807794,416703,739,0.9125,residential,residential,5,0.077135
Cold Storage Northpoint,769098,Branch,5,25,30,matched,1.42969848626288,103.835776491468,930 YISHUN AVENUE 2 NORTHPOINT CITY SINGAPORE 769098,YISHUN,NORTH REGION,OK,351355,14894,79431,51094,61080,77,0.8775,1381402,16937,172486,357443,214726,348,0.9343,2981205,508015,235256,524027,470758,610,0.832,residential,residential,5,0.086207
Chuan Hao Departmental Store,131019,Authorised Retailer,5,8,13,matched,1.30735380231593,103.78454843987,19A DOVER CRESCENT MULTI STOREY CAR PARK SINGAPORE 131019,QUEENSTOWN,CENTRAL REGION,OK,321348,13350,0,31766,10789,49,0.9601,959406,166029,40861,693285,117730,87,0.8401,2242959,556100,46930,2617405,255508,116,0.7964,residential,residential,5,0.149425
Cheers New Upper Changi Road,462026,Branch,5,21,26,matched,1.3233383625591,103.934207271148,26 NEW UPPER CHANGI ROAD SINGAPORE 462026,BEDOK,EAST REGION,OK,260046,75980,117386,18402,79633,76,0.703,1666252,387331,198149,163215,157974,212,0.784,4299277,477148,344552,404028,249835,407,0.8732,residential,residential,5,0.122642
Cheers Haig Road,430012,,5,16,21,scraped,1.31561468089698,103.896129520656,12 HAIG ROAD HAIG VIEW SINGAPORE 430012,GEYLANG,CENTRAL REGION,OK,279188,178622,64768,19455,18676,34,0.5962,1237435,384434,70685,175622,54088,66,0.752,3564301,812580,85515,469216,118836,230,0.8083,residential,residential,5,0.318182
Afro Asia Co Pte Ltd,760604,Authorised Retailer,5,19,24,matched,1.42171348124463,103.83554529409,604 YISHUN STREET 61 NEE SOON CENTRAL MEADOWS SINGAPORE 760604,YISHUN,NORTH REGION,OK,414860,0,0,89191,91218,99,1.0,1173284,14894,135753,295527,417799,300,0.9375,3539852,21855,246267,483660,541827,572,0.9619,residential,residential,5,0.08
7-Eleven Store Sixth Avenue,276472,Authorised Retailer (7-Eleven),5,14,19,matched,1.33109923987903,103.795114609687,6 SIXTH AVENUE SINGAPORE 276472,BUKIT TIMAH,CENTRAL REGION,OK,364700,4602,2102,0,11293,0,0.9848,1975723,4602,5519,84832,46296,0,0.9963,4012551,17689,5519,534916,322622,0,0.9949,mixed,residential,5,0.0
7-Eleven Store Choa Chu Kang Drive,682689,Authorised Retailer (7-Eleven),5,26,31,matched,1.40313482841143,103.749793059631,689B CHOA CHU KANG DRIVE SINGAPORE 682689,CHOA CHU KANG,WEST REGION,OK,409705,158589,0,13601,83444,83,0.7209,753180,905366,8500,61724,148579,159,0.4544,1058913,2294312,8500,138173,272693,227,0.3163,mixed,commercial,5,0.194969
7-Eleven Store Changi Road,419701,Authorised Retailer (7-Eleven),5,19,24,matched,1.31621766760551,103.898830016087,38 CHANGI ROAD SINGAPORE 419701,GEYLANG,CENTRAL REGION,OK,311569,110063,64768,18313,18044,41,0.7071,1452940,297562,71252,189416,59128,80,0.8171,3330850,823074,103764,443744,127038,190,0.7945,residential,residential,5,0.3
Yeo Soon Huat,310070,Authorised Retailer,4,9,13,matched,1.33444874946936,103.852333287558,70 LORONG 4 TOA PAYOH TOA PAYOH VISTA SINGAPORE 310070,TOA PAYOH,CENTRAL REGION,OK,415070,82015,45015,52340,86166,88,0.8072,1587824,282645,50722,200471,230096,323,0.8397,3276366,469329,165152,749404,354341,533,0.8589,residential,residential,5,0.040248
U Stars Keat Hong Link,680817,Authorised Retailer,4,7,11,matched,1.37754385007462,103.749700036701,817 KEAT HONG LINK KEAT HONG MIRAGE SINGAPORE 680817,CHOA CHU KANG,WEST REGION,OK,380917,0,32839,142915,18819,86,0.9603,1615927,24169,40241,406272,110792,268,0.9736,2951667,45591,139189,617204,690363,446,0.9633,residential,residential,5,0.041045
Teo Khar Bee Agency,150084,Authorised Retailer,4,26,30,matched,1.28708575062296,103.818851050403,84 REDHILL LANE SINGAPORE 150084,BUKIT MERAH,CENTRAL REGION,OK,368798,24236,67739,63224,41070,65,0.8739,1088152,358261,76756,365622,231258,170,0.7396,3164177,618383,126208,553072,681676,439,0.8257,residential,residential,5,0.176471
Tan Ah Leck Trading - Bukit Batok Street 11,650151,Authorised Retailer,4,29,33,matched,1.34874703502592,103.744211483999,151 BUKIT BATOK STREET 11 SINGAPORE 650151,BUKIT BATOK,WEST REGION,OK,452296,0,34996,123719,47499,116,0.9641,1465613,127004,94525,252309,345675,272,0.8967,3138034,448092,188367,513419,670126,611,0.8563,residential,residential,5,0.121324
Springdale Garments Co,560408,Authorised Retailer,4,43,47,matched,1.36209053459188,103.854587757902,408 ANG MO KIO AVENUE 10 TECK GHEE SQUARE SINGAPORE 560408,ANG MO KIO,NORTH-EAST REGION,OK,348195,140402,26191,73611,22283,49,0.7018,1132878,161289,89904,158546,462398,163,0.851,3201078,421150,274209,494918,605373,404,0.8567,residential,residential,5,0.288344
Singapore Pools Yishun N2 Branch,760256,Branch,4,30,34,matched,1.43409342098238,103.839979155802,256 YISHUN RING ROAD YISHUN SUNSHINE SINGAPORE 760256,YISHUN,NORTH REGION,OK,602271,29176,42669,79680,25283,107,0.9251,1288898,406512,122101,191058,98490,275,0.7427,2279210,557385,252209,438831,397390,529,0.7787,residential,residential,5,0.123636
Singapore Pools Teban Gardens Branch,600037,Branch,4,24,28,matched,1.32053143645806,103.742652199249,37 TEBAN GARDENS ROAD SINGAPORE 600037,JURONG EAST,WEST REGION,OK,228218,40224,25539,51863,61695,31,0.8197,414804,386737,25539,62732,73344,63,0.517,1108418,1299705,53615,197770,375702,63,0.4611,mixed,residential,5,0.444444
Singapore Pools Jalan Tiga Branch,390043,Branch,4,42,46,matched,1.30813368626522,103.884729523853,43 JALAN TIGA PINE GREEN SINGAPORE 390043,GEYLANG,CENTRAL REGION,OK,413429,20137,0,41477,21997,62,0.9536,1388700,266063,3412,192767,186662,84,0.8385,3091060,599707,29514,390964,771560,176,0.8348,residential,residential,5,0.547619
Singapore Pools Ghim Moh Branch,270021,Branch,4,28,32,matched,1.31010302594118,103.788545950724,21 GHIM MOH ROAD SINGAPORE 270021,QUEENSTOWN,CENTRAL REGION,OK,395723,45719,21013,15740,53537,50,0.8784,1573016,273341,46930,168505,166194,108,0.8432,3368062,462432,63284,772611,265212,162,0.8731,residential,residential,5,0.296296
Singapore Pools Geylang Bahru Branch,330057,Branch,4,19,23,matched,1.32353780675049,103.86914775647,57 GEYLANG BAHRU GEYLANG BAHRU VILLE SINGAPORE 330057,KALLANG,CENTRAL REGION,OK,335698,77591,8020,63000,20419,49,0.8063,1091222,620991,50558,201957,104393,107,0.6334,2676822,1313874,52519,563700,199499,362,0.6685,mixed,residential,5,0.214953
Singapore Pools Circuit Road 88 Branch,370088,Branch,4,26,30,matched,1.32354065999154,103.885851746701,88 CIRCUIT ROAD SINGAPORE 370088,GEYLANG,CENTRAL REGION,OK,535587,53100,0,51603,26209,95,0.9098,1308946,569714,0,270641,55521,160,0.6967,2190592,2203983,27553,353313,104509,212,0.4985,residential,residential,4,0.1875
Singapore Pools Bukit Gombak Branch,650374,Branch,4,34,38,matched,1.35798291106742,103.750736425731,374 BUKIT BATOK STREET 31 SINGAPORE 650374,BUKIT BATOK,WEST REGION,OK,358950,0,36836,22798,222514,68,0.9535,1328783,37963,36836,165455,913247,219,0.9598,3138327,71118,239191,427142,1149603,469,0.9447,residential,residential,5,0.173516
Singapore Pools Bedok North Branch,460509,Branch,4,27,31,matched,1.33317541870197,103.931265025162,509 BEDOK NORTH STREET 3 SINGAPORE 460509,BEDOK,EAST REGION,OK,542585,0,30226,89172,14304,59,0.9736,1606954,16679,255412,135810,234538,257,0.9232,3013120,355966,371163,658233,796999,472,0.8552,residential,residential,5,0.120623
Sheng Siong Tanglin Halt Road,141088,Authorised Retailer,4,22,26,matched,1.30178506364186,103.798226442608,88 TANGLIN HALT ROAD CARE CORNER FAMILY SERVICE CENTRE (QUEENSTOWN) SINGAPORE 141088,QUEENSTOWN,CENTRAL REGION,OK,349561,77521,0,68719,53687,52,0.8185,1597041,360247,36202,180258,263348,155,0.8102,3305915,832556,53321,422672,372946,241,0.795,residential,residential,5,0.167742
Sheng Moh Fruits & Provision Store,128632,Authorised Retailer,4,13,17,matched,1.30836839483661,103.762107951222,29 JALAN MAS PUTEH PASIR PANJANG GARDENS SINGAPORE 128632,CLEMENTI,WEST REGION,OK,384404,62367,0,69586,102463,32,0.8604,1167720,545622,143280,247831,183926,140,0.6675,2277114,1170351,178865,646229,586297,216,0.6526,residential,residential,5,0.121429
Prime Keat Hong,680253,Authorised Retailer,4,20,24,matched,1.37677749544409,103.744548948082,253 CHOA CHU KANG AVENUE 1 CHOA CHU KANG MARKET SINGAPORE 680253,CHOA CHU KANG,WEST REGION,OK,646914,16632,0,83466,42050,118,0.9749,1795518,45591,90395,421447,154088,320,0.953,2822236,45591,96779,626782,644606,426,0.9683,residential,residential,5,0.075
NTUC FairPrice Yung Kuang Road,610063,,4,15,19,scraped,1.33221936370928,103.722686866956,63 YUNG KUANG ROAD SINGAPORE 610063,JURONG WEST,WEST REGION,OK,418312,70840,28317,58876,15641,69,0.8357,831091,745598,58253,114960,709265,132,0.5261,1049719,2288521,58253,169303,1139789,140,0.3176,mixed,residential,5,0.143939
NTUC FairPrice Yew Tee Point,689578,Authorised Retailer (FairPrice),4,34,38,matched,1.39696992267974,103.746443198224,21 CHOA CHU KANG NORTH 6 YEWTEE POINT SINGAPORE 689578,CHOA CHU KANG,WEST REGION,OK,462636,7270,8500,61204,66431,105,0.9759,1120442,113333,8500,153959,236065,246,0.9053,1377809,819189,8500,161088,410353,271,0.6266,residential,residential,5,0.154472
NTUC FairPrice Woodlands Civic Centre,730900,Authorised Retailer (FairPrice),4,30,34,matched,1.43505698925938,103.787004308703,900 SOUTH WOODLANDS DRIVE CPF WOODLANDS SERVICE CENTRE SINGAPORE 730900,WOODLANDS,NORTH REGION,OK,440315,73322,0,87174,19219,52,0.8572,1558431,182377,52147,254997,239767,302,0.8837,3006121,483620,80148,736427,491498,598,0.8533,residential,residential,5,0.112583
NTUC FairPrice Thomson Plaza,574408,Authorised Retailer (FairPrice),4,37,41,matched,1.35466902496424,103.830919782333,301 UPPER THOMSON ROAD THOMSON PLAZA SINGAPORE 574408,BISHAN,CENTRAL REGION,OK,427690,34933,0,10891,8977,13,0.9245,1797786,220371,11473,72407,24105,36,0.8886,2407376,419274,11473,400509,460924,81,0.8502,residential,residential,5,1.138889
NTUC FairPrice Tampines Street 83,521866,Authorised Retailer (FairPrice),4,21,25,matched,1.35536454193962,103.934477898052,866A TAMPINES STREET 83 TAMPINES CENTRAL COMMUNITY COMPLEX SINGAPORE 521866,TAMPINES,EAST REGION,OK,656319,4495,0,85714,44358,134,0.9932,1396570,537393,49837,273327,136825,334,0.7165,2421969,963073,135391,763789,545075,515,0.7072,residential,residential,5,0.07485
NTUC FairPrice Tampines Street 44,520475,Authorised Retailer (FairPrice),4,15,19,matched,1.36032331939995,103.953129640464,475 TAMPINES STREET 44 SINGAPORE 520475,TAMPINES,EAST REGION,OK,494150,0,48538,44221,27760,127,0.9553,1705787,0,90540,287130,188184,399,0.9748,3827371,173261,175717,472840,496404,752,0.9375,residential,residential,4,0.047619
NTUC FairPrice Rivervale Mall,545082,Authorised Retailer (FairPrice),4,13,17,matched,1.39219777838449,103.904471600025,11 RIVERVALE CRESCENT RIVERVALE MALL SINGAPORE 545082,SENGKANG,NORTH-EAST REGION,OK,493440,0,22536,41290,6533,119,0.9782,1988460,19667,64974,261525,184336,471,0.9748,3549409,25597,91566,607683,362466,918,0.9805,residential,residential,5,0.036093
NTUC FairPrice Punggol Oasis Terraces,820681,Authorised Retailer (FairPrice),4,20,24,matched,1.40259581502678,103.912962428692,681 PUNGGOL DRIVE NKF DIALYSIS CENTRE SINGAPORE 820681,PUNGGOL,NORTH-EAST REGION,OK,410373,13270,0,78438,41385,121,0.9687,1673213,21180,0,250435,271162,374,0.9875,2902793,247405,100260,566409,1009967,573,0.9085,residential,residential,4,0.064171
NTUC FairPrice Parkway Parade,449269,Authorised Retailer (FairPrice),4,25,29,matched,1.301041960873,103.905505005847,80 MARINE PARADE ROAD MARINE PARADE POST OFFICE SINGAPORE 449269,MARINE PARADE,CENTRAL REGION,OK,258680,110610,14136,5616,14876,23,0.6931,1107774,155182,28577,80470,437881,46,0.8688,2433852,188743,32444,220720,489596,79,0.9228,residential,residential,5,0.630435
NTUC FairPrice Marine Parade Central,449411,Authorised Retailer (FairPrice),4,12,16,matched,1.30134714783304,103.907183612906,6 MARINE PARADE CENTRAL SINGAPORE 449411,MARINE PARADE,CENTRAL REGION,OK,197153,91164,8964,11297,25949,28,0.6783,1029550,152787,28577,81718,427655,62,0.862,2289804,185946,32444,268334,491937,78,0.9194,residential,residential,5,0.258065
NTUC FairPrice Limbang Shopping Centre,680533,Authorised Retailer (FairPrice),4,20,24,matched,1.39206782341869,103.743102282335,533 CHOA CHU KANG STREET 51 LIMBANG SHOPPING CENTRE SINGAPORE 680533,CHOA CHU KANG,WEST REGION,OK,326796,14509,0,55993,46770,91,0.9575,933431,39402,8500,123190,269719,196,0.9555,1825196,112410,8500,341128,398389,386,0.9401,residential,residential,5,0.122449
NTUC FairPrice E!Hub @ Downtown East,519599,Authorised Retailer (FairPrice),4,15,19,matched,1.3766980678365,103.95514122442,1 PASIR RIS CLOSE ACES MONTESSORI KIDZ KINDERGARTEN SINGAPORE 519599,PASIR RIS,EAST REGION,OK,239199,0,0,33933,211848,26,1.0,1116973,11525,33122,102671,856552,174,0.9758,2264543,301726,68749,249354,1168379,481,0.8724,residential,residential,5,0.109195
NTUC FairPrice Clementi Avenue 2,120352,Authorised Retailer (FairPrice),4,19,23,matched,1.31427860227337,103.771350557894,352 CLEMENTI AVENUE 2 CLEMENTI AVENUE 2 SHOPPING CENTRE SINGAPORE 120352,CLEMENTI,WEST REGION,OK,392214,0,35585,50830,18240,50,0.9584,1504789,3788,111419,769974,148564,161,0.9633,4087988,17819,167701,952265,305410,246,0.9762,residential,residential,5,0.142857
Ng Nam Thye Trading - Ang Mo Kio Avenue 3,569922,Authorised Retailer,4,28,32,matched,1.36929729654979,103.84715944541,51 ANG MO KIO AVENUE 3 51 @ AMK SINGAPORE 569922,ANG MO KIO,NORTH-EAST REGION,OK,366103,19300,108154,8873,17265,91,0.8513,1592959,19300,228174,155461,559198,270,0.9275,3299366,204060,380365,979822,924221,527,0.8985,residential,residential,5,0.118519
Lim Heng Ee Trading Pte. Ltd.,380016,Authorised Retailer,4,17,21,matched,1.31543175817283,103.871651573593,16 UPPER BOON KENG ROAD BOON KENG VILLE SINGAPORE 380016,KALLANG,CENTRAL REGION,OK,397951,3945,244,49914,29755,42,0.9899,891977,763950,1965,71945,116786,104,0.5386,1887454,1566006,63036,308818,743143,240,0.5457,mixed,residential,5,0.201923
Golden Lagoon Trading,730136,Authorised Retailer,4,22,26,matched,1.43832145748732,103.777752029807,136 MARSILING ROAD SINGAPORE 730136,WOODLANDS,NORTH REGION,OK,467106,31244,0,64270,139647,103,0.9373,1315871,316666,69198,162739,386812,238,0.7936,2680864,882359,79197,851492,654976,355,0.7469,residential,residential,5,0.109244
Goh Geok Kwee Agency - Bukit Merah,150124,Authorised Retailer,4,21,25,matched,1.28582331821306,103.803532208512,124 BUKIT MERAH LANE 1 SINGAPORE 150124,BUKIT MERAH,CENTRAL REGION,OK,164994,128718,47495,139565,9285,19,0.5532,1491171,369023,57388,187100,246662,103,0.7926,2549283,1051814,90742,426028,810194,310,0.7028,residential,residential,5,0.242718
Giant Beauty World Centre,588177,Authorised Retailer,4,28,32,matched,1.34241264188642,103.776539385406,144 UPPER BUKIT TIMAH ROAD BEAUTY WORLD CENTRE SINGAPORE 588177,BUKIT TIMAH,CENTRAL REGION,OK,401394,20110,87661,39844,47175,7,0.8744,1427095,23006,92816,395014,214051,21,0.955,2589813,36093,92816,560843,2430195,21,0.9697,residential,residential,5,1.52381
Chua Hong Kim Trading,550237,Authorised Retailer,4,34,38,matched,1.35381198342473,103.87013457465,237 SERANGOON AVENUE 3 SINGAPORE 550237,SERANGOON,NORTH-EAST REGION,OK,509911,0,83592,4088,25809,90,0.9296,1889970,19983,105806,235333,124600,139,0.9638,4444602,81356,110969,395175,232334,197,0.9705,residential,residential,5,0.273381
Chop Yeo Thong Heng,370076,Authorised Retailer,4,13,17,matched,1.32551693484516,103.889903603926,76 CIRCUIT ROAD MACPHERSON BLOSSOM SINGAPORE 370076,GEYLANG,CENTRAL REGION,OK,289393,204874,0,40342,7399,72,0.5855,1058483,946133,0,174301,43307,148,0.528,2073547,2281211,70183,412170,96193,268,0.4765,mixed,residential,4,0.114865
Chong Hoe Tong,310021,Authorised Retailer,4,22,26,matched,1.33544818177957,103.857495922448,21 LORONG 7 TOA PAYOH KIM KEAT PALM SINGAPORE 310021,TOA PAYOH,CENTRAL REGION,OK,525944,84177,0,44226,7235,92,0.862,1313124,229239,45015,237987,153041,270,0.8414,3407966,398658,146033,606008,345528,521,0.8807,residential,residential,5,0.096296
Cheng Chew Wah Agency - Bedok South Road,460017,Authorised Retailer,4,23,27,matched,1.32014883000628,103.935563486677,17 BEDOK SOUTH ROAD SINGAPORE 460017,BEDOK,EAST REGION,OK,346249,56079,24258,84635,46011,48,0.8401,1555382,387331,172696,128709,130147,146,0.7761,3792745,426008,299990,392609,462586,307,0.8725,residential,residential,5,0.184932
Cheers Hougang Avenue 3,530023,Authorised Retailer,4,15,19,matched,1.36486666416769,103.890727960772,23 HOUGANG AVENUE 3 HOUGANG VIEW SINGAPORE 530023,HOUGANG,NORTH-EAST REGION,OK,548022,0,5246,99658,14700,46,0.9953,1728843,324786,151972,201626,110785,192,0.8183,3244153,1302081,159561,383479,440269,415,0.7063,residential,residential,5,0.098958
7-Eleven Store Plaza Singapura,238839,Authorised Retailer (7-Eleven),4,22,26,matched,1.30082071769235,103.845067272666,68 ORCHARD ROAD GOLDEN VILLAGE (GV PLAZA) SINGAPORE 238839,MUSEUM,CENTRAL REGION,OK,138909,111896,39662,451630,20454,0,0.5465,675406,413598,157306,668735,333755,19,0.605,1731049,1180904,275701,959910,543155,53,0.5863,mixed,residential,5,1.368421
7-Eleven Store Foch Road,209264,Authorised Retailer (7-Eleven),4,13,17,matched,1.31270184017357,103.859968759019,27 FOCH ROAD HOA NAM BUILDING SINGAPORE 209264,KALLANG,CENTRAL REGION,OK,243150,209984,9383,50104,38968,24,0.5359,952862,749544,70464,169631,153040,143,0.5573,2448542,1170599,183381,440660,383497,323,0.668,mixed,residential,5,0.118881
7-Eleven Store Bedok North Street 2,460123,Authorised Retailer (7-Eleven),4,23,27,matched,1.32919868667839,103.937343347878,123 BEDOK NORTH STREET 2 SINGAPORE 460123,BEDOK,EAST REGION,OK,405134,0,37141,17592,48254,74,0.958,1727898,32867,215160,234775,153490,281,0.9289,3634751,551337,326969,384182,373698,415,0.8416,residential,residential,5,0.096085
Tan Ah Leck Trading - Jurong East Street 31,600352,Authorised Retailer,3,7,10,matched,1.34492289474517,103.730400848037,352 JURONG EAST STREET 31 YUHUA PLACE SINGAPORE 600352,JURONG EAST,WEST REGION,OK,363418,0,43091,65516,225945,41,0.947,899033,0,128848,206545,556787,143,0.9373,2854151,4879,181715,608707,1412485,446,0.9685,residential,residential,4,0.06993
Superbowl Jurong Pte Ltd,618642,Authorised Retailer,3,27,30,matched,1.32554465969069,103.725574633362,3 YUAN CHING ROAD SINGAPORE 618642,JURONG WEST,WEST REGION,OK,151852,200561,29936,54081,0,18,0.4363,758700,1085481,29936,121822,44965,60,0.4128,1148143,2506844,69177,200429,717456,130,0.3176,mixed,commercial,5,0.5
Singapore Pools Woodlands N8 Branch,730883,Branch,3,40,43,matched,1.44275334327795,103.790548015512,883 WOODLANDS STREET 82 WOODLANDS NORTH PLAZA SINGAPORE 730883,WOODLANDS,NORTH REGION,OK,312871,95182,11561,280023,40401,87,0.7594,1050880,581400,41490,351617,187099,257,0.6402,2769907,1355985,107474,574881,546770,577,0.667,mixed,residential,5,0.167315
Singapore Pools Upper Boon Keng Branch,380018,Branch,3,33,36,matched,1.31480351462869,103.872301458156,18 UPPER BOON KENG ROAD BOON KENG VILLE SINGAPORE 380018,KALLANG,CENTRAL REGION,OK,410824,33762,1961,59680,35651,45,0.9222,872804,790696,3689,73570,116416,95,0.5246,1861545,1546370,63036,287741,763366,236,0.5454,mixed,residential,5,0.378947
Singapore Pools Telok Blangah Branch,090006,Branch,3,24,27,matched,1.27814081311562,103.818484019328,6 TELOK BLANGAH CRESCENT MOUNT FABER GREEN SINGAPORE 090006,BUKIT MERAH,CENTRAL REGION,OK,161904,73616,7841,78762,58861,35,0.6814,936633,221551,82159,205072,1193933,174,0.7883,2792741,519579,143838,488039,1385370,385,0.8289,residential,open,5,0.155172
Singapore Pools Peace Centre Branch,228149,,3,17,20,scraped,1.30121862271795,103.849592475825,1 SOPHIA ROAD ONE SOPHIA SINGAPORE 228149,ROCHOR,CENTRAL REGION,OK,181433,151024,52623,104420,48536,14,0.5395,410609,595534,175811,712826,328504,42,0.4218,1308248,1419779,272636,1021433,620131,82,0.4814,mixed,institutional,5,0.47619
Singapore Pools Pasir Ris N7 Branch,510735,Branch,3,34,37,matched,1.37966812044177,103.936574613663,735 PASIR RIS STREET 72 PASIR RIS WEST PLAZA SINGAPORE 510735,PASIR RIS,EAST REGION,OK,386507,135296,13001,91998,13274,97,0.7349,929059,1054303,32965,169042,111204,279,0.4689,1723536,2059923,56801,212912,413365,353,0.4562,mixed,commercial,5,0.132616
Singapore Pools Canberra Branch,750505,Branch,3,30,33,matched,1.45026201889682,103.822534715231,505 CANBERRA LINK MONTREAL SPRING SINGAPORE 750505,SEMBAWANG,NORTH REGION,OK,391737,0,8564,13979,161731,90,0.9893,2069316,34211,8564,237256,228840,273,0.9818,3529520,463901,44544,306840,320212,380,0.8796,residential,residential,5,0.120879
Singapore Pools Ang Mo Kio N2A Branch,561226,Branch,3,32,35,matched,1.36749458006861,103.839283930528,226A ANG MO KIO AVENUE 1 KEBUN BARU MALL SINGAPORE 561226,ANG MO KIO,NORTH-EAST REGION,OK,373292,0,17410,72915,172849,61,0.9777,1467963,105647,179893,281740,267119,222,0.8885,3186993,297383,282632,566679,878486,414,0.8835,residential,residential,5,0.157658
Prime Yishun Avenue 6,760461,Authorised Retailer,3,3,6,matched,1.42841338853064,103.84997365333,461 YISHUN AVENUE 6 BLOSSOM SPRING @ YISHUN SINGAPORE 760461,YISHUN,NORTH REGION,OK,432524,0,0,72427,29986,104,1.0,1255538,4918,51124,157432,257399,247,0.9768,2008284,115959,98706,315150,383506,390,0.9256,residential,residential,5,0.024291
Papillon Florist Pte Ltd,160133,Authorised Retailer,3,12,15,matched,1.27955093259631,103.82740093837,133 JALAN BUKIT MERAH SINGAPORE 160133,BUKIT MERAH,CENTRAL REGION,OK,442768,64064,6898,28220,23044,87,0.8686,1670224,240394,39712,359391,104228,260,0.8666,2543038,444091,108302,716395,1050060,404,0.839,residential,residential,5,0.057692
NTUC FP Century Square,529509,,3,4,7,scraped,1.35236829566862,103.943812302253,2 TAMPINES CENTRAL 5 CENTURY SQUARE SINGAPORE 529509,TAMPINES,EAST REGION,OK,294345,169877,35313,38160,116828,62,0.6246,1562713,169877,87048,292128,312584,314,0.8827,3572521,347428,251320,788656,570589,754,0.8866,residential,residential,5,0.022293
NTUC FairPrice Tampines Street 11,521107,Authorised Retailer (FairPrice),3,10,13,matched,1.34836421842072,103.948158723814,107 TAMPINES STREET 11 SINGAPORE 521107,TAMPINES,EAST REGION,OK,485200,0,49225,87920,54397,66,0.9539,1592722,270267,129050,272190,212804,271,0.8319,3509238,608565,152946,563196,428462,598,0.8396,residential,residential,5,0.04797
NTUC FairPrice Senja Road,670628,Authorised Retailer (FairPrice),3,10,13,matched,1.38512867383046,103.760410617887,628 SENJA ROAD SENJA CENTRE SINGAPORE 670628,BUKIT PANJANG,WEST REGION,OK,560731,3916,0,51639,35694,95,0.9931,1294613,15415,80215,264506,118166,249,0.9601,2539902,297787,125943,495909,436211,482,0.8783,residential,residential,5,0.052209
NTUC FairPrice Seletar Mall,797653,Authorised Retailer (FairPrice),3,18,21,matched,1.39130622992517,103.876085067727,33 SENGKANG WEST AVENUE SHAW THEATRES SELETAR SINGAPORE 797653,SENGKANG,NORTH-EAST REGION,OK,435952,9253,0,76410,37766,127,0.9792,1537848,117340,41450,169108,119444,246,0.9186,2734140,477904,79749,488617,471670,375,0.8427,residential,residential,5,0.085366
NTUC FairPrice New Upper Changi Road,461057,Authorised Retailer (FairPrice),3,27,30,matched,1.32424554153984,103.941568704132,57 NEW UPPER CHANGI ROAD SINGAPORE 461057,BEDOK,EAST REGION,OK,582172,0,30407,32812,25031,52,0.9752,2088361,0,91806,113196,162684,198,0.9789,3640692,487933,308732,428720,290273,298,0.8553,residential,residential,4,0.151515
NTUC FairPrice Kallang Wave Mall,397628,Authorised Retailer (FairPrice),3,14,17,matched,1.30307515150401,103.873149707591,1 STADIUM PLACE KALLANG WAVE MALL SINGAPORE 397628,KALLANG,CENTRAL REGION,OK,0,58347,0,7166,417064,0,0.0,327424,207116,1961,13118,789008,12,0.6121,1306957,708443,54110,192690,1315270,131,0.6446,mixed,open,5,1.416667
NTUC FairPrice Kallang Bahru,330071,Authorised Retailer (FairPrice),3,14,17,matched,1.3209929422065,103.870389998344,71 KALLANG BAHRU SINGAPORE 330071,KALLANG,CENTRAL REGION,OK,391582,31496,0,48192,38657,43,0.9256,1055640,693227,13589,145101,80559,126,0.6028,2263776,1551485,54246,441228,209162,271,0.592,mixed,residential,5,0.134921
NTUC FairPrice Hougang Mall,538766,Authorised Retailer (FairPrice),3,30,33,matched,1.37253315637342,103.893883460466,90 HOUGANG AVENUE 10 CHENG SAN LIBRARY SINGAPORE 538766,HOUGANG,NORTH-EAST REGION,OK,336276,24019,45723,50653,13862,90,0.8845,1732288,24019,45723,211111,309812,288,0.974,3095412,819349,126427,685345,434495,555,0.7816,residential,residential,5,0.114583
NTUC FairPrice Hillion Mall,678278,Authorised Retailer (FairPrice),3,27,30,matched,1.37843100800213,103.762842789877,17 PETIR ROAD BUKIT PANJANG INTEGRATED TRANSPORT HUB SINGAPORE 678278,BUKIT PANJANG,WEST REGION,OK,320502,11499,61364,32639,22961,63,0.8928,1713375,15415,73830,104959,138910,264,0.971,3033423,18647,156363,651703,459998,498,0.9698,residential,residential,5,0.113636
NTUC FairPrice Eastpoint Mall,528833,Authorised Retailer (FairPrice),3,39,42,matched,1.34270592355576,103.953024618234,3 SIMEI STREET 6 EASTPOINT MALL SINGAPORE 528833,TAMPINES,EAST REGION,OK,602181,15710,0,51143,27281,65,0.9746,1592576,218238,49225,354754,108170,154,0.8694,2749304,924342,110628,758949,237873,325,0.7411,residential,residential,5,0.272727
NTUC FairPrice Bukit Panjang Plaza,677743,Authorised Retailer (FairPrice),3,32,35,matched,1.37948804026655,103.764594965051,1 JELEBU ROAD BUKIT PANJANG LIBRARY SINGAPORE 677743,BUKIT PANJANG,WEST REGION,OK,379129,11499,61364,27709,57524,87,0.9067,1720204,18647,117139,120827,145558,321,0.9584,3027242,18647,156363,623179,555202,515,0.9698,residential,residential,5,0.109034
Kwek Lee Eng Agency,199018,Authorised Retailer,3,24,27,matched,1.30397881313463,103.861554245252,200 JALAN SULTAN HOPE CHURCH SINGAPORE SINGAPORE 199018,KALLANG,CENTRAL REGION,OK,155983,183933,54273,78891,45571,44,0.4645,357664,660222,126946,134779,229130,72,0.3679,1096988,1702724,204029,287733,448113,134,0.3992,mixed,commercial,5,0.375
Hougang United Football Club,538856,,3,5,8,scraped,1.36949523794775,103.885957512282,100 HOUGANG AVENUE 2 HOUGANG STADIUM SINGAPORE 538856,HOUGANG,NORTH-EAST REGION,OK,353672,0,0,38004,77214,70,1.0,1809317,24019,67734,268729,167187,251,0.9696,4074030,141459,231422,797135,251750,588,0.9422,residential,residential,5,0.031873
Giant Pioneer Mall,640638,Authorised Retailer,3,29,32,matched,1.34169239214292,103.697174842118,638 JURONG WEST STREET 61 PIONEER MALL SINGAPORE 640638,JURONG WEST,WEST REGION,OK,445120,3117,10155,35631,66823,134,0.9821,1757660,151935,73345,208650,131022,427,0.9049,2496018,1180956,100619,480805,362883,537,0.6741,residential,residential,5,0.074941
Giant Paya Lebar Square,409051,,3,26,29,scraped,1.31881487007651,103.892580778514,60 PAYA LEBAR ROAD PAYA LEBAR SQUARE SINGAPORE 409051,GEYLANG,CENTRAL REGION,OK,124827,265230,0,29144,12689,1,0.32,1211338,573355,70685,94786,51959,130,0.6719,3054691,1170387,72369,558509,114001,323,0.7192,residential,residential,5,0.223077
Giant Compassvale Bow,540266,,3,18,21,scraped,1.38199703112006,103.897031077664,266 COMPASSVALE BOW SENGKANG TOWN COUNCIL (SENGKANG OFFICE) SINGAPORE 540266,SENGKANG,NORTH-EAST REGION,OK,435639,0,37256,84167,32125,105,0.9606,1738211,32400,52607,219815,255529,377,0.9678,3224744,346960,164478,653281,389894,712,0.8851,residential,residential,5,0.055703
Everbright  Services,100108,Authorised Retailer,3,21,24,matched,1.28084469467756,103.810292618353,108 DEPOT ROAD DEPOT HEIGHTS SHOPPING CENTRE SINGAPORE 100108,BUKIT MERAH,CENTRAL REGION,OK,178849,110802,0,25979,443586,35,0.6175,782510,348308,106643,208552,558870,172,0.6754,2680922,937525,166322,515595,1473600,308,0.7303,residential,residential,5,0.139535
7-Eleven Store Sin Ming,574369,Authorised Retailer (7-Eleven),3,16,19,matched,1.35327556197146,103.834836368264,244 UPPER THOMSON ROAD THOMSON GARDEN ESTATE SINGAPORE 574369,BISHAN,CENTRAL REGION,OK,366654,70503,11473,32956,13718,11,0.8301,1096694,415418,11473,234993,47978,49,0.7236,2992336,424655,48726,612731,354671,133,0.8704,residential,residential,5,0.387755
7-Eleven Store Circular Road,049413,Authorised Retailer (7-Eleven),3,12,15,matched,1.28606946719614,103.84924456163,58 CIRCULAR ROAD BOAT QUAY CONSERVATION AREA SINGAPORE 049413,SINGAPORE RIVER,CENTRAL REGION,OK,0,273881,20798,44671,73360,8,0.0353,60260,799065,104097,229846,548933,23,0.1166,475828,1486299,230506,473724,851510,65,0.2696,commercial,commercial,5,0.652174
7-Eleven Big Mac Centre,569922,Authorised Retailer,3,1,4,matched,1.36929729654979,103.84715944541,51 ANG MO KIO AVENUE 3 51 @ AMK SINGAPORE 569922,ANG MO KIO,NORTH-EAST REGION,OK,366103,19300,108154,8873,17265,91,0.8513,1592959,19300,228174,155461,559198,270,0.9275,3299366,204060,380365,979822,924221,527,0.8985,residential,residential,5,0.014815
Yeo Kean Fatt Dept Store,460017,Authorised Retailer,2,6,8,matched,1.32014883000628,103.935563486677,17 BEDOK SOUTH ROAD SINGAPORE 460017,BEDOK,EAST REGION,OK,346249,56079,24258,84635,46011,48,0.8401,1555382,387331,172696,128709,130147,146,0.7761,3792745,426008,299990,392609,462586,307,0.8725,residential,residential,5,0.054795
Tampines Trading - 824,520824,Authorised Retailer,2,20,22,matched,1.34903743516549,103.932714940894,824 TAMPINES STREET 81 SINGAPORE 520824,TAMPINES,EAST REGION,OK,422947,0,49837,371457,29609,90,0.9473,1278588,4495,73733,455206,145506,269,0.9695,2140528,692158,125468,682755,852924,439,0.7448,residential,residential,5,0.081784
Singapore Pools Yishun N4 Branch,760415,Branch,2,35,37,matched,1.42444263730394,103.845870092641,415 YISHUN AVENUE 11 SINGAPORE 760415,YISHUN,NORTH REGION,OK,526689,4918,51124,80516,170424,105,0.9477,1679755,4918,99773,254514,322766,347,0.9693,2656589,80779,195662,410557,469948,552,0.9391,residential,residential,5,0.106628
Singapore Pools Toa Payoh Lorong 4 Branch,310085,Branch,2,19,21,matched,1.33628536216028,103.848428644103,85 LORONG 4 TOA PAYOH SINGAPORE 310085,TOA PAYOH,CENTRAL REGION,OK,560191,99794,45015,48197,27898,127,0.8265,1523291,255633,45015,291511,271542,265,0.8475,3051924,503322,145235,872671,408019,491,0.8444,residential,residential,5,0.079245
Singapore Pools Northpoint City Branch,769098,Branch,2,15,17,matched,1.42946660837667,103.835790714459,930 YISHUN AVENUE 2 NORTHPOINT CITY (NORTH WING) SINGAPORE 769098,YISHUN,NORTH REGION,OK,351355,14894,79431,51094,61080,78,0.8775,1371779,16937,172486,357443,215204,345,0.9339,2964001,503679,279932,524027,459526,617,0.8283,residential,residential,5,0.049275
Singapore Pools Lorong Lew Lian Branch,531002,Branch,2,22,24,matched,1.35060795612848,103.875680063863,2 LORONG LEW LIAN LEW LIAN GARDENS SINGAPORE 531002,SERANGOON,NORTH-EAST REGION,OK,469141,19983,28901,46346,15719,49,0.9335,1896161,19983,121062,210972,132419,162,0.9605,4311579,80126,152966,687451,327243,272,0.9655,residential,residential,5,0.148148
Singapore Pools Lengkok Bahru Branch,152063,Branch,2,19,21,matched,1.28907506834277,103.815318433481,63B LENGKOK BAHRU LENGKOK BAHRU HEIGHTS SINGAPORE 152063,BUKIT MERAH,CENTRAL REGION,OK,326641,87296,20719,102511,24334,51,0.7753,1301627,387944,85048,297351,235956,178,0.7574,3068228,671035,162293,490958,681762,378,0.8072,residential,residential,5,0.117978
Singapore Pools Jalan Batu Branch,431007,Branch,2,20,22,matched,1.30237002555566,103.88359641393,7 JALAN BATU DI TANJONG RHU SINGAPORE 431007,KALLANG,CENTRAL REGION,OK,324215,3808,0,74415,55425,22,0.9884,1191105,44099,0,169505,659286,76,0.9643,2342952,335895,3412,195750,1211293,81,0.8741,residential,residential,4,0.289474
Singapore Pools Geylang Rd Branch,389233,,2,6,8,scraped,1.31130947616377,103.874198645525,149 GEYLANG ROAD GEYLANG CONSERVATION AREA SINGAPORE 389233,KALLANG,CENTRAL REGION,OK,190024,157879,1961,37732,44282,31,0.5459,668505,528179,5373,77239,649128,65,0.5584,1839303,1231318,47428,252442,772397,206,0.5975,mixed,residential,5,0.123077
Singapore Pools Fajar Road Branch,670445,Branch,2,23,25,matched,1.38358032362676,103.770768501474,445 FAJAR ROAD FAJAR SHOPPING CENTRE SINGAPORE 670445,BUKIT PANJANG,WEST REGION,OK,463647,0,12889,95001,53855,102,0.9865,1247814,14731,74729,147526,338975,332,0.961,2273368,18647,117139,246949,1232851,438,0.9679,residential,residential,5,0.075301
Singapore Pools Empress Road Branch,260008,Branch,2,17,19,matched,1.31641190098174,103.805373811937,8 EMPRESS ROAD FARRER GARDENS SINGAPORE 260008,BUKIT TIMAH,CENTRAL REGION,OK,638215,3807,0,8019,2086,10,0.9941,2158483,3807,9277,71658,87223,10,0.9961,4087306,48620,33212,462112,1002496,59,0.9844,residential,residential,5,1.9
Singapore Pools Chai Chee Branch,461036,Branch,2,17,19,matched,1.32534102499628,103.92543538387,36 CHAI CHEE AVENUE ANSAR GARDEN SINGAPORE 461036,BEDOK,EAST REGION,OK,498698,173480,84830,39597,24294,68,0.7148,1520504,466218,222520,127707,82389,189,0.7386,3857897,616046,348483,418612,352733,349,0.8361,residential,residential,5,0.100529
Singapore Pools Bukit Batok N3 Branch,650324,Branch,2,15,17,matched,1.36216472766267,103.747628122263,324 BUKIT BATOK STREET 33 SINGAPORE 650324,BUKIT BATOK,WEST REGION,OK,346021,0,0,103057,108549,99,1.0,1397080,0,109088,153889,482793,183,0.9638,2875675,13499,158892,646122,1180713,420,0.9695,residential,residential,4,0.092896
Singapore Pools Bishan N1 Branch,570152,Branch,2,12,14,matched,1.34565720294218,103.854641447626,152 BISHAN STREET 11 BISHAN GREEN SINGAPORE 570152,BISHAN,CENTRAL REGION,OK,433247,24932,19938,135344,46417,86,0.927,1307361,251005,19938,444027,130268,207,0.8346,3193563,566704,20559,734823,260409,401,0.8474,residential,residential,5,0.067633
Singapore Pools Balestier Road Branch,320002,Branch,2,14,16,matched,1.32589620218837,103.842935480003,2 BALESTIER ROAD BALESTIER HILL SHOPPING CENTRE SINGAPORE 320002,NOVENA,CENTRAL REGION,OK,296458,12730,41481,152873,4006,12,0.9046,1280897,192494,76451,460057,89724,46,0.8511,4277054,332596,153465,669583,335564,202,0.9141,residential,residential,5,0.347826
Sheng Siong Sengkang West Ave,790455,Authorised Retailer,2,15,17,matched,1.39183688254074,103.871190376558,455 SENGKANG WEST AVENUE FERNVALE WOODS SINGAPORE 790455,SENGKANG,NORTH-EAST REGION,OK,383869,224428,20427,55587,34012,95,0.6268,1521989,315440,41450,131371,104309,185,0.8211,2788332,1300118,42208,211718,364994,253,0.6801,residential,residential,5,0.091892
Sheng Siong Marsiling Mall,738623,Authorised Retailer,2,5,7,matched,1.43354318137534,103.77988189197,4 WOODLANDS STREET 12 MARSILING MALL HAWKER CENTRE SINGAPORE 738623,WOODLANDS,NORTH REGION,OK,447972,7067,0,47037,166163,93,0.9845,1506973,188677,51197,228977,247265,250,0.8773,2424253,471260,79197,756647,574137,410,0.8283,residential,residential,5,0.028
Seah Koon Huat (Boon Tiong Rd),161011,,2,11,13,scraped,1.28636578139912,103.828789865335,11A BOON TIONG ROAD TIONG BAHRU VIEW SINGAPORE 161011,BUKIT MERAH,CENTRAL REGION,OK,517718,23978,5392,40244,5568,132,0.9512,1440718,261966,90059,221204,117711,266,0.8288,3349893,428966,183744,761466,332917,373,0.8686,residential,residential,5,0.048872
Seah Geok Eng Agency - Upper Serangoon View,537476,Authorised Retailer,2,18,20,matched,1.37791506138102,103.903623796196,476D UPPER SERANGOON VIEW HOUGANG CAPEVIEW SINGAPORE 537476,HOUGANG,NORTH-EAST REGION,OK,217103,147104,0,40279,25961,29,0.5961,880269,1145908,15351,151031,275024,153,0.4349,2165052,1639314,57893,255747,380277,478,0.5681,mixed,commercial,5,0.130719
S E Store,600352,Authorised Retailer,2,13,15,matched,1.34492289474517,103.730400848037,352 JURONG EAST STREET 31 YUHUA PLACE SINGAPORE 600352,JURONG EAST,WEST REGION,OK,363418,0,43091,65516,225945,41,0.947,899033,0,128848,206545,556787,143,0.9373,2854151,4879,181715,608707,1412485,446,0.9685,residential,residential,4,0.104895
Prime Woodlands,730678,,2,15,17,scraped,1.43998366608733,103.801293104268,678 WOODLANDS AVENUE 6 ADMIRALTY PLACE SINGAPORE 730678,WOODLANDS,NORTH REGION,OK,464199,0,22793,66177,39948,130,0.9766,1646362,227595,52723,247489,143250,392,0.8682,2444193,1175840,79474,373519,245586,572,0.6714,residential,residential,5,0.043367
Prime Joo Seng,360001,Authorised Retailer,2,5,7,matched,1.33429242412799,103.878746207181,1 UPPER ALJUNIED LANE SINGAPORE 360001,TOA PAYOH,CENTRAL REGION,OK,306695,97146,0,321240,15221,23,0.7594,1135817,620053,25441,468670,169883,110,0.6448,2453702,1487438,73172,741311,255406,255,0.6204,mixed,residential,5,0.063636
Prime Compassvale Street,540263,Authorised Retailer,2,23,25,matched,1.39484816528775,103.896042268385,263 COMPASSVALE STREET COMPASSVALE NORTH GATE SINGAPORE 540263,SENGKANG,NORTH-EAST REGION,OK,363063,17465,27086,166459,41593,97,0.9239,1805123,17465,36764,379365,123511,426,0.9807,3659614,50604,141897,645552,436908,914,0.9684,residential,residential,5,0.058685
Prime Admiralty Place,731678,Authorised Retailer,2,15,17,matched,1.44054545356313,103.801759723219,678A WOODLANDS AVENUE 6 MULTI STOREY CAR PARK SINGAPORE 731678,WOODLANDS,NORTH REGION,OK,568369,0,22793,36909,39948,133,0.9807,1560765,269569,52723,247489,143250,382,0.8428,2310973,1288954,79474,356149,252658,556,0.6389,residential,residential,5,0.044503
Precise Optics,179098,,2,13,15,scraped,1.29222075807721,103.850612609298,111 NORTH BRIDGE ROAD CONSULATE OF NEPAL SINGAPORE 179098,DOWNTOWN CORE,CENTRAL REGION,OK,0,161545,0,138144,366207,0,0.0,64716,881544,134627,345894,522683,14,0.1221,673528,1575003,293754,494144,733023,49,0.3227,commercial,commercial,5,1.071429
NTUC FP Shaw Plaza,329783,,2,3,5,scraped,1.32525301846661,103.850995830211,360 BALESTIER ROAD SINGAPORE 329783,NOVENA,CENTRAL REGION,OK,465536,36096,60735,25865,5804,12,0.8818,1295656,186601,148697,413601,243536,164,0.84,3436758,370218,154805,707116,349304,435,0.887,residential,residential,5,0.030488
NTUC FP Jurong Point,648886,,2,24,26,scraped,1.3394520043632,103.706685012926,1 JURONG WEST CENTRAL 2 GOLDEN VILLAGE (GV JURONG POINT) SINGAPORE 648886,JURONG WEST,WEST REGION,OK,340270,67785,60340,7689,140652,65,0.7909,1041344,895052,92984,179504,182711,253,0.536,2320950,2240488,112503,391113,311823,497,0.5086,mixed,residential,5,0.102767
NTUC FairPrice Tiong Bahru Plaza,168732,Authorised Retailer (FairPrice),2,23,25,matched,1.28646345355064,103.826935079694,302 TIONG BAHRU ROAD GOLDEN VILLAGE (GV TIONG BAHRU) SINGAPORE 168732,BUKIT MERAH,CENTRAL REGION,OK,465283,15386,5392,38319,35471,103,0.9628,1507640,291578,108675,203540,92422,279,0.8187,3320662,425577,155864,874811,331866,387,0.871,residential,residential,5,0.089606
NTUC FairPrice The Woodleigh Mall,367803,Authorised Retailer (FairPrice),2,18,20,matched,1.33869419209869,103.871750105256,11 BIDADARI PARK DRIVE BIDADARI COMMUNITY CENTRE SINGAPORE 367803,TOA PAYOH,CENTRAL REGION,OK,358004,0,25441,63736,132981,57,0.9668,1553009,2427,62410,519860,167722,161,0.9792,2998331,655735,116998,787897,242954,240,0.8106,residential,residential,5,0.124224
NTUC FairPrice Telok Blangah Street 32,101078,Authorised Retailer (FairPrice),2,9,11,matched,1.27338751489362,103.808980553946,78A TELOK BLANGAH STREET 32 MULTI STOREY CAR PARK SINGAPORE 101078,BUKIT MERAH,CENTRAL REGION,OK,449548,0,25938,55327,5972,68,0.9727,1173989,111532,25938,65405,486326,97,0.9051,1604662,742400,89910,205793,1609047,157,0.6769,residential,residential,5,0.113402
NTUC FairPrice Tai Seng,539775,Authorised Retailer (FairPrice),2,16,18,matched,1.33631557522577,103.888825620348,18 TAI SENG STREET 18 TAI SENG SINGAPORE 539775,HOUGANG,NORTH-EAST REGION,OK,12672,495283,0,22643,4916,0,0.0249,490447,1405485,0,114535,30175,49,0.2587,1602105,2554496,10093,656065,100838,171,0.3857,commercial,commercial,4,0.367347
NTUC FairPrice Sengkang East Ave,540279,Authorised Retailer (FairPrice),2,10,12,matched,1.38621835522425,103.89299549602,279 SENGKANG EAST AVENUE COMPASSVALE ANCILLA SINGAPORE 540279,SENGKANG,NORTH-EAST REGION,OK,485973,25149,37256,34300,23395,120,0.9202,1610897,171329,80867,429941,105802,402,0.8863,3429776,175836,157054,882982,428465,819,0.9324,residential,residential,5,0.029851
NTUC FairPrice Punggol Plaza,820168,Authorised Retailer (FairPrice),2,36,38,matched,1.39423719717117,103.913047323223,168 PUNGGOL FIELD PUNGGOL PLAZA SINGAPORE 820168,PUNGGOL,NORTH-EAST REGION,OK,469070,7910,26592,146896,39395,94,0.9579,1585139,21180,49128,263731,185688,373,0.9724,2903001,1392869,49128,421198,411123,666,0.6738,residential,residential,5,0.101877
NTUC FairPrice Le Quest,657991,Authorised Retailer (FairPrice),2,8,10,matched,1.35594171176111,103.741127005764,4 BUKIT BATOK STREET 41 LE QUEST SINGAPORE 657991,BUKIT BATOK,WEST REGION,OK,548193,0,14697,96947,17213,86,0.9869,1497906,0,164545,339273,254387,313,0.9505,3308369,48261,247154,611461,872680,601,0.9523,residential,residential,4,0.031949
NTUC FairPrice Dawson Place,142057,Authorised Retailer (FairPrice),2,18,20,matched,1.29270339855062,103.810958956467,57 DAWSON ROAD DAWSON PLACE SINGAPORE 142057,QUEENSTOWN,CENTRAL REGION,OK,241707,179612,0,53686,26364,64,0.5737,1437882,350061,21638,302710,118331,198,0.8006,3563409,522622,132543,588992,295726,306,0.8604,residential,residential,5,0.10101
Lee Ah Lan Trading,600061,,2,8,10,scraped,1.32213636287766,103.738292803395,61 TEBAN GARDENS ROAD MULTI STOREY CAR PARK-TEBAN PLACE SINGAPORE 600061,JURONG EAST,WEST REGION,OK,604869,59684,10924,20089,54515,42,0.9036,662541,183804,25539,105859,61915,47,0.7745,876306,1252058,81480,181079,386221,69,0.415,residential,residential,5,0.212766
Holland Drive Betting Centre – Lottery Lobby (Public),270047,Betting Centre,2,7,9,matched,1.30853249504926,103.792385082436,47 HOLLAND DRIVE SINGAPORE 270047,QUEENSTOWN,CENTRAL REGION,OK,279113,190063,36967,15740,78986,45,0.588,1583040,375179,57215,154703,145070,132,0.7997,3850551,546936,63284,483989,299442,192,0.8703,residential,residential,5,0.068182
Hock Soon Ann,460073,Authorised Retailer,2,16,18,matched,1.31983803117222,103.943971359147,73 BEDOK SOUTH AVENUE 3 SIGLAP LUCKY VALLEY SINGAPORE 460073,BEDOK,EAST REGION,OK,516035,0,0,14093,27766,48,1.0,1924143,0,113780,128839,144717,102,0.9721,3451595,173322,135106,304081,746074,198,0.9359,residential,residential,4,0.176471
Gerk Chwee Trading,557256,Authorised Retailer,2,24,26,matched,1.3646888567179,103.866035308524,4 KENSINGTON PARK ROAD SERANGOON GARDEN ESTATE SINGAPORE 557256,SERANGOON,NORTH-EAST REGION,OK,566997,21597,0,4140,33227,0,0.9633,1765531,185483,40928,237078,130839,74,0.8966,3640344,958267,151819,454541,261407,300,0.7823,residential,residential,5,0.351351
Dawn Florist - Aljunied Avenue 2,380119,Authorised Retailer,2,6,8,matched,1.32012887290025,103.886058091225,119 ALJUNIED AVENUE 2 SINGAPORE 380119,GEYLANG,CENTRAL REGION,OK,440343,67766,0,85311,26382,64,0.8666,1418575,527520,7601,248583,44467,138,0.728,2544899,1730070,71589,411016,142138,269,0.5937,residential,residential,5,0.057971
Balestier Khalsa Football Club,310070,Authorised Retailer,2,8,10,matched,1.33444874946936,103.852333287558,70 LORONG 4 TOA PAYOH TOA PAYOH VISTA SINGAPORE 310070,TOA PAYOH,CENTRAL REGION,OK,415070,82015,45015,52340,86166,88,0.8072,1587824,282645,50722,200471,230096,323,0.8397,3276366,469329,165152,749404,354341,533,0.8589,residential,residential,5,0.03096
B.H. Mini Mart,350137,Authorised Retailer,2,6,8,matched,1.33385759374197,103.865845367722,137 POTONG PASIR AVENUE 3 SINGAPORE 350137,TOA PAYOH,CENTRAL REGION,OK,314782,0,36968,145049,6555,44,0.9475,1402449,155428,64874,280586,53913,152,0.8842,3107841,522994,70513,633136,294830,402,0.8492,residential,residential,5,0.052632
A.P. Mini Mart - Lorong 8 Toa Payoh,310234,Authorised Retailer,2,8,10,matched,1.33860148626926,103.857914069837,234 LORONG 8 TOA PAYOH TOA PAYOH EIGHT SINGAPORE 310234,TOA PAYOH,CENTRAL REGION,OK,291744,120546,0,71913,17775,59,0.7076,1265562,224068,19938,273962,110718,230,0.845,3315183,372856,101922,659689,321170,509,0.8882,residential,residential,5,0.043478
A.P. Mini Mart - Bedok Reservoir Road,470121,Authorised Retailer,2,19,21,matched,1.33130517787872,103.909992224709,121 BEDOK RESERVOIR ROAD EUNOS VISTA SINGAPORE 470121,BEDOK,EAST REGION,OK,460413,6875,2497,51839,30887,89,0.9827,1440535,612754,38230,232941,94216,180,0.6979,2753415,1263769,74552,372185,155787,297,0.682,residential,residential,5,0.116667
7-Eleven Store Bukit Batok West Avenue 6,650132,Authorised Retailer (7-Eleven),2,14,16,matched,1.3506524380389,103.745625196086,132 BUKIT BATOK WEST AVENUE 6 SINGAPORE 650132,BUKIT BATOK,WEST REGION,OK,506401,13499,34996,93952,43617,103,0.9441,1485675,127004,49693,277734,363838,283,0.9087,3295109,364661,226468,552185,1001826,641,0.877,residential,residential,5,0.056537
7-Eleven Jalan Leban,577549,,2,12,14,scraped,1.37137207660359,103.829054256663,6A JALAN LEBAN SEMBAWANG HILLS ESTATE SINGAPORE 577549,ANG MO KIO,NORTH-EAST REGION,OK,296089,2525,0,0,14201,1,0.9915,1115162,2525,0,125282,114051,43,0.9977,3025814,122454,71739,274175,1944379,155,0.9508,residential,residential,4,0.325581
Warriors Football Club (S),689236,,1,0,1,scraped,1.39059559281482,103.748024129362,1 CHOA CHU KANG STREET 53 CHOA CHU KANG SPORTS CENTRE SINGAPORE 689236,CHOA CHU KANG,WEST REGION,OK,255774,0,0,38536,222291,45,1.0,1139583,50920,8500,239941,337539,197,0.954,2423373,288012,47724,397694,422079,474,0.887,residential,residential,5,0.005076
Uni-Foto Pte Ltd,238875,,1,10,11,scraped,1.30694456840806,103.829339596247,400 ORCHARD ROAD BETHANY CHURCH SINGAPORE SINGAPORE 238875,ORCHARD,CENTRAL REGION,OK,341370,170317,43580,0,28645,0,0.654,1474798,429651,64950,139697,29518,0,0.7653,3749920,565269,80998,341946,58321,0,0.8622,mixed,residential,5,0.0
Tuas View,639591,,1,10,11,scraped,1.31720416073204,103.652208670485,71 ACUMED MEDICAL GROUP TUAS AMENITY CENTRE SINGAPORE 639591,TUAS,WEST REGION,OK,0,552087,0,0,0,0,0.0,0,3946306,0,0,0,0,0.0,0,6699109,0,4977,0,0,0.0,commercial,commercial,1,0.0
Singapore Racecourse - MRT Plaza (Public),738078,,1,0,1,scraped,1.41993788166264,103.767403498455,1 TURF CLUB AVENUE BUKIT TIMAH SADDLE CLUB SINGAPORE 738078,SUNGEI KADUT,NORTH REGION,OK,0,0,0,0,1229340,0,0.5,40405,17793,0,0,1382706,3,0.6943,447420,576992,40789,458013,1462290,44,0.4392,mixed,open,3,0.333333
Singapore Pools Yishun N7 Branch,760761,Branch,1,25,26,matched,1.42539842469037,103.833259035976,761 YISHUN STREET 72 SINGAPORE 760761,YISHUN,NORTH REGION,OK,300652,0,79431,114627,79040,74,0.8955,1209635,16937,130035,338054,235489,273,0.9396,3337574,21855,228808,549550,495585,591,0.962,residential,residential,5,0.095238
Singapore Pools Upp Thomson Branch,574424,,1,3,4,scraped,1.35184499157062,103.836053648292,200 UPPER THOMSON ROAD THOMSON IMPERIAL COURT SINGAPORE 574424,BISHAN,CENTRAL REGION,OK,463397,24480,11473,21815,22232,19,0.9395,1041361,369705,11473,205281,58510,48,0.7361,3092660,460579,48726,693911,353422,165,0.8654,residential,residential,5,0.083333
Singapore Pools Great World City Branch,237994,,1,16,17,scraped,1.29380235105066,103.831757911057,1 KIM SENG PROMENADE BRIGHTON MONTESSORI CENTRES PTE. LTD. SINGAPORE 237994,SINGAPORE RIVER,CENTRAL REGION,OK,384847,21668,38813,92866,21425,7,0.9078,1705886,174564,63973,182830,61746,97,0.8938,3389630,643829,266161,384771,258091,244,0.8193,residential,residential,5,0.175258
Singapore Pools Everton Park Branch,080007,,1,15,16,scraped,1.27692435153003,103.838679504443,7 EVERTON PARK SINGAPORE 080007,BUKIT MERAH,CENTRAL REGION,OK,218842,107612,30056,179180,60812,43,0.656,528029,497630,68507,356763,174337,75,0.5139,1575280,882486,136560,498967,275474,248,0.6335,mixed,residential,5,0.213333
Singapore Pools Changi Road Branch,419799,Branch,1,15,16,matched,1.31786851894401,103.907753065671,324 CHANGI ROAD SINGAPORE 419799,BEDOK,EAST REGION,OK,500416,8394,1202,65555,17410,2,0.9824,2054528,24398,11133,167542,74776,70,0.9857,4194585,334643,75284,401640,170879,191,0.9191,residential,residential,5,0.228571
Sheng Siong Serangoon North Avenue 5,554913,Authorised Retailer,1,7,8,matched,1.37563500157221,103.871996419103,19 SERANGOON NORTH AVENUE 5 GLOBALKIDS EDU PTE LTD SINGAPORE 554913,SERANGOON,NORTH-EAST REGION,OK,289368,327352,0,22940,46991,44,0.4692,1390277,666024,62925,175395,185322,183,0.6709,3528788,972438,84706,456446,399700,333,0.7787,residential,residential,5,0.043716
Shell Station Geylang Road,389266,Authorised Retailer,1,0,1,matched,1.31198237882226,103.875582544247,203 GEYLANG ROAD SHELL GEYLANG LORONG 7 SINGAPORE 389266,GEYLANG,CENTRAL REGION,OK,170947,202517,1965,54938,32003,27,0.458,825668,512676,5373,76567,596778,78,0.6165,1922972,1188432,9223,268710,763817,210,0.6177,mixed,residential,5,0.012821
Serangoon Avenue 3 Betting Centre - Lottery Lobby (Public),550267,Betting Centre,1,1,2,matched,1.35319405066769,103.870920824793,267 SERANGOON AVENUE 3 MARKET SINGAPORE 550267,SERANGOON,NORTH-EAST REGION,OK,389614,19983,83592,11685,24761,80,0.8747,1930560,19983,107199,233515,112848,144,0.9642,4431128,81356,110969,470691,230817,204,0.9704,residential,residential,5,0.013889
River Hong Bao,039805,,1,2,3,scraped,1.28866180924693,103.858941046991,20 RAFFLES AVENUE NS SQUARE SINGAPORE 039805,DOWNTOWN CORE,CENTRAL REGION,OK,0,206242,0,48957,69930,0,0.0,0,536070,9588,127513,843762,0,0.0088,193215,1107498,51652,312585,1269482,14,0.162,commercial,open,4,0.0
Prime Serangoon North,552542,,1,11,12,scraped,1.37368392866904,103.871416983254,542B SERANGOON NORTH AVENUE 3 MRC KINDERGARTEN (SERANGOON NORTH) SINGAPORE 552542,SERANGOON,NORTH-EAST REGION,OK,319018,287433,40928,46266,13319,72,0.5244,1290369,670043,62925,171659,214707,168,0.6533,3512921,978145,62925,510807,389253,305,0.7783,residential,residential,5,0.071429
Prime Hougang,531159,,1,4,5,scraped,1.35209060355776,103.879314590828,159A HOUGANG STREET 11 FOOD CENTRE SINGAPORE 531159,HOUGANG,NORTH-EAST REGION,OK,418384,0,23236,36456,3099,23,0.9737,1912220,19983,121062,170015,157902,123,0.9608,3813812,196559,213136,569389,251169,294,0.9282,residential,residential,5,0.04065
Prime Buangkok Square,530991,Authorised Retailer,1,10,11,matched,1.38433426615655,103.881623070164,991 BUANGKOK LINK BUANGKOK SQUARE SINGAPORE 530991,HOUGANG,NORTH-EAST REGION,OK,208420,0,28621,119248,32984,52,0.9396,1247079,162464,45146,465893,107765,246,0.8728,3448681,390177,118886,759366,403083,688,0.8864,residential,residential,5,0.044715
Premier Security Co-operative Ltd,560555,Authorised Retailer,1,12,13,matched,1.37119666371478,103.85702400572,555 ANG MO KIO AVENUE 10 CHENG SAN PLACE SINGAPORE 560555,ANG MO KIO,NORTH-EAST REGION,OK,494395,41380,71543,32540,33841,81,0.873,1596543,427319,97734,313710,142898,170,0.7756,3116890,900314,236955,859157,476269,286,0.7605,residential,residential,5,0.076471
Pinthely Floral Centre,199588,,1,12,13,scraped,1.30274220636743,103.86510408137,5001 BEACH ROAD THE GOLDEN MILE SINGAPORE 199588,DOWNTOWN CORE,CENTRAL REGION,OK,72321,76836,48737,27954,97769,26,0.4886,400035,387179,67042,117717,263989,55,0.5075,838926,1560814,162032,180224,1206729,107,0.3591,mixed,residential,5,0.236364
Ong Eng Siang Trading,160071,Authorised Retailer,1,11,12,matched,1.28424655193409,103.83250362707,71 SENG POH ROAD TIONG BAHRU ESTATE SINGAPORE 160071,BUKIT MERAH,CENTRAL REGION,OK,366823,57154,3790,60515,12319,107,0.862,1329976,257491,49480,425819,116926,249,0.8276,2739055,694769,238244,711512,357413,377,0.7784,residential,residential,5,0.048193
NTUC FP Square 2,307506,,1,3,4,scraped,1.32044103104797,103.844192628979,10 SINARAN DRIVE NOVENA MEDICAL CENTRE SINGAPORE 307506,NOVENA,CENTRAL REGION,OK,234253,80446,0,220368,8141,0,0.7444,1577330,112092,99322,396525,32290,28,0.9096,3017773,258243,110179,736998,286534,129,0.9075,residential,residential,5,0.142857
NTUC FP Hougang Point,538692,,1,5,6,scraped,1.37571530699875,103.879472337592,1 HOUGANG STREET 91 HOUGANG 1 SINGAPORE 538692,HOUGANG,NORTH-EAST REGION,OK,328345,62947,15461,77630,28367,111,0.8262,1557074,232536,91546,502411,137569,314,0.8521,3412007,596534,148509,737372,343982,496,0.8386,residential,residential,5,0.019108
NTUC FP Coronation,269707,,1,7,8,scraped,1.32383512178759,103.809999570047,587 BUKIT TIMAH ROAD CORONATION SHOPPING PLAZA SINGAPORE 269707,BUKIT TIMAH,CENTRAL REGION,OK,374395,4851,14649,82591,12781,0,0.9691,1813219,8658,16859,458623,37701,10,0.9907,3980182,8658,18513,683575,775574,10,0.9955,residential,residential,5,0.8
NTUC Foodfare - Seletar Mall,797653,Authorised Retailer (FairPrice),1,1,2,matched,1.39130622992517,103.876085067727,33 SENGKANG WEST AVENUE SHAW THEATRES SELETAR SINGAPORE 797653,SENGKANG,NORTH-EAST REGION,OK,435952,9253,0,76410,37766,127,0.9792,1537848,117340,41450,169108,119444,246,0.9186,2734140,477904,79749,488617,471670,375,0.8427,residential,residential,5,0.00813
NTUC FairPrice Zhongshan Mall,329984,Authorised Retailer (FairPrice),1,5,6,matched,1.32702991607724,103.846490871841,20 AH HOOD ROAD RAMADA SINGAPORE AT ZHONGSHAN PARK SINGAPORE 329984,NOVENA,CENTRAL REGION,OK,262004,21987,60729,130835,70139,13,0.8481,1344957,234117,149301,389488,180198,99,0.8214,3347094,349238,149318,732140,390956,366,0.8898,residential,residential,5,0.060606
NTUC FairPrice Wisteria Mall,768698,Authorised Retailer (FairPrice),1,13,14,matched,1.41795288501536,103.841268831617,598 YISHUN RING ROAD WISTERIA MALL SINGAPORE 768698,YISHUN,NORTH REGION,OK,453114,0,10071,106072,57531,115,0.9891,1432304,4918,107446,219794,283672,287,0.962,2236970,19812,186878,438106,537264,463,0.9537,residential,residential,5,0.04878
NTUC FairPrice VivoCity,098585,Authorised Retailer (FairPrice),1,12,13,matched,1.26431382492761,103.82207343835,1 HARBOURFRONT WALK GOLDEN VILLAGE (GV VIVOCITY) SINGAPORE 098585,BUKIT MERAH,CENTRAL REGION,OK,6973,209384,1338,12922,13065,0,0.0351,188344,209894,14323,12922,759725,17,0.4739,953835,382474,14323,248358,1620177,50,0.7115,mixed,open,5,0.764706
NTUC FairPrice Paya Lebar Quarter,409057,Authorised Retailer (FairPrice),1,6,7,matched,1.31756115921,103.892836694432,10 PAYA LEBAR ROAD PLQ MALL SINGAPORE 409057,GEYLANG,CENTRAL REGION,OK,164612,246722,24141,33590,12689,6,0.4057,1066653,463844,70685,114286,53993,114,0.6882,3228116,1095305,72369,479475,116881,312,0.7426,residential,residential,5,0.061404
NTUC FairPrice Hougang Street 21,530202,Authorised Retailer (FairPrice),1,22,23,matched,1.35754686861981,103.883962381949,202 HOUGANG STREET 21 KINDERLAND PRESCHOOL SINGAPORE 530202,HOUGANG,NORTH-EAST REGION,OK,436931,0,84426,15157,34934,20,0.919,1835457,46571,121657,237790,84100,114,0.9464,3853927,591967,211929,381666,297023,267,0.8502,residential,residential,5,0.201754
NTUC FairPrice Compassvale Link,543277,Authorised Retailer (FairPrice),1,11,12,matched,1.38233698966981,103.893607838756,277C COMPASSVALE LINK ASPELLA SINGAPORE 543277,SENGKANG,NORTH-EAST REGION,OK,287550,0,37256,66106,55102,109,0.9426,1438242,171329,53781,381912,202266,379,0.8808,3297334,199856,170563,875283,384504,794,0.9223,residential,residential,5,0.031662
NTUC FairPrice Canberra Plaza,750133,Authorised Retailer (FairPrice),1,7,8,matched,1.44349544527985,103.830345369213,133 CANBERRA VIEW CANBERRA PLAZA SINGAPORE 750133,SEMBAWANG,NORTH REGION,OK,386398,88191,28599,20188,21390,62,0.7963,1298175,293187,28599,144942,207309,174,0.8102,3298410,591320,121213,334538,293306,380,0.8375,residential,residential,5,0.045977
NTUC FairPrice Bukit Timah Plaza,588996,Authorised Retailer (FairPrice),1,15,16,matched,1.33875930729064,103.778600077834,1 JALAN ANAK BUKIT BUKIT TIMAH PLAZA SINGAPORE 588996,BUKIT TIMAH,CENTRAL REGION,OK,210615,0,92035,380683,33713,8,0.848,1405064,34679,92816,453784,94197,21,0.9471,3668789,36093,94578,561721,524514,21,0.9781,residential,residential,5,0.761905
NTUC FairPrice Bishan Street 13,570510,Authorised Retailer (FairPrice),1,13,14,matched,1.34888843900173,103.849691980373,510 BISHAN STREET 13 SINGAPORE 570510,BISHAN,CENTRAL REGION,OK,417096,107064,0,142088,22311,82,0.7957,1208306,282449,19938,420513,171735,194,0.8064,2936677,505619,57191,888972,578819,406,0.8473,residential,residential,5,0.072165
NTUC FairPrice Bedok North Street 1,460212,Authorised Retailer (FairPrice),1,43,44,matched,1.32594069200441,103.931640022396,212 BEDOK NORTH STREET 1 SINGAPORE 460212,BEDOK,EAST REGION,OK,313295,35152,143484,16136,79481,82,0.7827,1488394,360294,232442,216551,131538,255,0.771,4013480,500132,344552,456528,356197,419,0.8616,residential,residential,5,0.172549
NTUC FairPrice Anchorvale Village,540339,Authorised Retailer (FairPrice),1,1,2,matched,1.39679315311901,103.888437344772,339 ANCHORVALE ROAD ANCHORVALE VILLAGE SINGAPORE 540339,SENGKANG,NORTH-EAST REGION,OK,299859,0,9678,60013,126186,75,0.9844,1328331,18205,36764,313543,368176,268,0.9736,2675910,192064,36764,536358,478016,606,0.9276,residential,residential,5,0.007463
Ichido Kopitiam City,543277,Authorised Retailer (FairPrice),1,8,9,matched,1.38233698966981,103.893607838756,277C COMPASSVALE LINK ASPELLA SINGAPORE 543277,SENGKANG,NORTH-EAST REGION,OK,287550,0,37256,66106,55102,109,0.9426,1438242,171329,53781,381912,202266,379,0.8808,3297334,199856,170563,875283,384504,794,0.9223,residential,residential,5,0.023747
Hin Teck Leong Trading Company - Whampoa Drive,320074,Authorised Retailer,1,15,16,matched,1.32471579654689,103.857752875203,74 WHAMPOA DRIVE WHAMPOA COURT SINGAPORE 320074,NOVENA,CENTRAL REGION,OK,404437,12059,0,70105,50766,112,0.971,1644815,61542,67470,211777,244461,245,0.9463,3074826,655533,178499,748142,378773,448,0.8095,residential,residential,5,0.065306
Hao Mart Geylang Lorong 24,389407,,1,6,7,scraped,1.31317460794729,103.8836465666,448 GEYLANG ROAD GEYLANG CONSERVATION AREA SINGAPORE 389407,GEYLANG,CENTRAL REGION,OK,378640,133357,3412,54095,15465,22,0.7379,1419855,402161,9329,223349,170529,125,0.7779,2887687,1019589,29514,422499,659619,248,0.7373,residential,residential,5,0.056
Goh Geok Kwee Agency - Redhill Lane,150084,Authorised Retailer,1,13,14,matched,1.28708575062296,103.818851050403,84 REDHILL LANE SINGAPORE 150084,BUKIT MERAH,CENTRAL REGION,OK,368798,24236,67739,63224,41070,65,0.8739,1088152,358261,76756,365622,231258,170,0.7396,3164177,618383,126208,553072,681676,439,0.8257,residential,residential,5,0.082353
Giant VivoCity,098585,Authorised Retailer (FairPrice),1,3,4,matched,1.26431382492761,103.82207343835,1 HARBOURFRONT WALK GOLDEN VILLAGE (GV VIVOCITY) SINGAPORE 098585,BUKIT MERAH,CENTRAL REGION,OK,6973,209384,1338,12922,13065,0,0.0351,188344,209894,14323,12922,759725,17,0.4739,953835,382474,14323,248358,1620177,50,0.7115,mixed,open,5,0.235294
Giant Sembawang Shopping Centre,758459,,1,13,14,scraped,1.44175296834191,103.82479165671,604 SEMBAWANG ROAD MY FIRST SKOOL SINGAPORE 758459,SEMBAWANG,NORTH REGION,OK,513141,68914,0,15146,19456,33,0.8816,1188878,243380,37163,121107,223741,154,0.8217,2873209,485328,121213,298100,298326,423,0.8431,residential,residential,5,0.090909
Giant Greenridge Shopping Centre,671524,Authorised Retailer (FairPrice),1,11,12,matched,1.38529556252963,103.766170532051,524A JELAPANG ROAD AMAZING STAR MONTESSORI HOUSE (GREENRIDGE) SINGAPORE 671524,BUKIT PANJANG,WEST REGION,OK,414630,0,12466,66808,61272,117,0.9854,1409602,15415,86719,193601,165518,346,0.9611,2508190,18647,117139,350035,434183,459,0.9708,residential,residential,5,0.034682
Giant Edgefield Plains,820671,,1,10,11,scraped,1.40566048045603,103.911991277154,671 EDGEFIELD PLAINS WATERWAY BANKS SINGAPORE 820671,PUNGGOL,NORTH-EAST REGION,OK,422800,13270,0,82787,58691,91,0.9696,1494045,121145,43679,409443,338918,276,0.9138,2748997,247405,100260,692401,1000573,569,0.9039,residential,residential,5,0.039855
Giant Buangkok Crescent,530982,Authorised Retailer,1,17,18,matched,1.3808503546459,103.879309094304,982 BUANGKOK CRESCENT SINGAPORE 530982,HOUGANG,NORTH-EAST REGION,OK,335476,0,758,160423,40695,77,0.9989,1239500,326336,60608,441474,152631,233,0.7807,3486078,545471,129094,705917,316645,606,0.8534,residential,residential,5,0.077253
Clifford Gift Shop - Ang Mo Kio Avenue 10,560555,Authorised Retailer,1,0,1,matched,1.37119666371478,103.85702400572,555 ANG MO KIO AVENUE 10 CHENG SAN PLACE SINGAPORE 560555,ANG MO KIO,NORTH-EAST REGION,OK,494395,41380,71543,32540,33841,81,0.873,1596543,427319,97734,313710,142898,170,0.7756,3116890,900314,236955,859157,476269,286,0.7605,residential,residential,5,0.005882
Chua Seng Dept Store,469526,,1,3,4,scraped,1.33127233921191,103.947268283784,343 BEDOK ROAD SINGAPORE 469526,BEDOK,EAST REGION,OK,411007,83713,16892,11072,29791,0,0.8199,1205845,386993,54033,218126,64385,59,0.7486,3189635,1023551,88875,489601,211487,233,0.7517,residential,residential,5,0.067797
Chop Yeo Thong Heng (International Plaza),079903,,1,3,4,scraped,1.27573568143134,103.845703218601,10 ANSON ROAD CONSULATE-GENERAL OF THE REPUBLIC OF MALTA SINGAPORE 079903,DOWNTOWN CORE,CENTRAL REGION,OK,65155,244818,32963,23521,27129,12,0.2381,221395,549329,86602,90092,173557,49,0.3087,558703,886036,122403,422933,344665,75,0.3956,commercial,commercial,5,0.081633
Choice Decor Bedok North,460416,,1,12,13,scraped,1.32840382815915,103.930684870347,416 BEDOK NORTH AVENUE 2 GARDEN HILL SINGAPORE 460416,BEDOK,EAST REGION,OK,446550,16679,173709,23453,45564,84,0.8375,1587110,220747,289887,163309,262673,273,0.8257,3490995,577820,377673,464039,362690,460,0.8276,residential,residential,5,0.047619
China Square Betting Centre - Lottery Lobby (Public),048441,,1,2,3,scraped,1.28286636225753,103.849289233227,51 TELOK AYER STREET CHINA SQUARE FOOD CENTRE SINGAPORE 048441,DOWNTOWN CORE,CENTRAL REGION,OK,17995,328196,20798,15001,55716,8,0.0774,72696,795207,103600,144542,341082,24,0.1281,407991,1135336,185929,464953,808585,73,0.2897,commercial,commercial,5,0.125
Cheers Bedok North Street 3,460539,,1,18,19,scraped,1.33131386579703,103.925307290709,539 BEDOK NORTH STREET 3 SINGAPORE 460539,BEDOK,EAST REGION,OK,678200,0,44562,14728,138776,71,0.9692,1473797,209603,285867,175088,223017,244,0.821,3144790,616111,361239,356062,824701,381,0.8067,residential,residential,5,0.077869
Bukit Merah Betting Centre - Lottery Lobby (Public),150169,Betting Centre,1,2,3,matched,1.28331722010432,103.818863104657,169 JALAN BUKIT MERAH CONNECTION ONE SINGAPORE 150169,BUKIT MERAH,CENTRAL REGION,OK,158103,156103,63674,96689,47896,47,0.5026,1201379,277342,89893,294866,210580,205,0.7945,2890938,621731,134472,574611,1434161,469,0.8111,residential,residential,5,0.014634
7-Eleven Store Upper Thomson Road,787113,Authorised Retailer (7-Eleven),1,12,13,matched,1.39896558669188,103.81813440567,912 UPPER THOMSON ROAD SINGAPORE 787113,YISHUN,NORTH REGION,OK,286548,0,26092,0,164900,0,0.9583,1206048,0,26092,7532,469240,0,0.9894,2268566,0,26092,7532,473826,0,0.9943,mixed,residential,4,0.0
7-Eleven Store Clementi Street 11,120109,Authorised Retailer (7-Eleven),1,7,8,matched,1.32198067655559,103.770776117357,109 CLEMENTI STREET 11 SUNSET WAY RESIDENCE SINGAPORE 120109,CLEMENTI,WEST REGION,OK,522179,0,23693,6506,11294,33,0.9783,2238967,23970,59278,77689,125073,118,0.9769,3794393,141122,116816,612783,258005,197,0.9508,residential,residential,5,0.067797
7-Eleven Erskine Rd,069320,,1,8,9,scraped,1.2812137246811,103.845162755022,7B ERSKINE ROAD TELOK AYER CONSERVATION AREA SINGAPORE 069320,OUTRAM,CENTRAL REGION,OK,41713,362753,53639,22335,30953,16,0.1496,308434,820351,123894,240728,253382,64,0.2957,776962,1119416,187907,563696,704316,115,0.4178,commercial,commercial,5,0.140625
7-Eleven Balestier Rd,329722,,1,1,2,scraped,1.32242229055037,103.852590390225,271 BALESTIER ROAD VICTORY POINT SINGAPORE 329722,NOVENA,CENTRAL REGION,OK,399478,38363,52647,59828,8390,30,0.8681,1396775,72655,74812,497830,222896,166,0.9287,3240378,544987,165642,645755,359883,374,0.8411,residential,residential,5,0.012048
Xie Sheng Departmental Service Company - City Plaza,409286,Authorised Retailer,0,1,1,matched,1.3147868971977,103.893472115119,810 GEYLANG ROAD CITY PLAZA SINGAPORE 409286,GEYLANG,CENTRAL REGION,OK,299032,159188,24141,26428,20204,13,0.645,1340359,364868,70685,153858,58240,83,0.7746,3625153,874896,85623,418693,130440,254,0.7999,residential,residential,5,0.012048
Thiam Hoon Traders,150123,,0,7,7,scraped,1.28685131551792,103.804019034892,123 BUKIT MERAH LANE 1 SINGAPORE 150123,BUKIT MERAH,CENTRAL REGION,OK,225780,142052,57388,140509,222,30,0.5985,1595147,427380,57388,196402,258333,121,0.7807,2629945,988898,64804,441877,809730,314,0.7227,residential,residential,5,0.057851
The Little Plaza,610399,Authorised Retailer,0,1,1,matched,1.3350420286067,103.72026802061,399 YUNG SHENG ROAD IMAN CHILDCARE (JURONG) PTE. LTD. SINGAPORE 610399,JURONG WEST,WEST REGION,OK,468899,167353,28317,48093,18555,82,0.7269,870348,744276,28317,121576,583531,132,0.5384,1532275,2154556,90897,262794,1196015,204,0.4176,mixed,residential,5,0.007576
Tampines Rovers Football Club,520824,Authorised Retailer,0,2,2,matched,1.34903743516549,103.932714940894,824 TAMPINES STREET 81 SINGAPORE 520824,TAMPINES,EAST REGION,OK,422947,0,49837,371457,29609,90,0.9473,1278588,4495,73733,455206,145506,269,0.9695,2140528,692158,125468,682755,852924,439,0.7448,residential,residential,5,0.007435
STC Racecourse - Kranji 1,738078,,0,1,1,scraped,1.41993788166264,103.767403498455,1 TURF CLUB AVENUE BUKIT TIMAH SADDLE CLUB SINGAPORE 738078,SUNGEI KADUT,NORTH REGION,OK,0,0,0,0,1229340,0,0.5,40405,17793,0,0,1382706,3,0.6943,447420,576992,40789,458013,1462290,44,0.4392,mixed,open,3,0.333333
Singapore Pools Woodlands Centre,188994,Livewire,0,2,2,matched,1.30117342723628,103.851274599853,210 MIDDLE ROAD SINGAPORE POOLS BUILDING SINGAPORE 188994,ROCHOR,CENTRAL REGION,OK,134929,158572,76015,107698,16779,15,0.468,419117,728385,153369,716422,341989,48,0.3811,1179093,1438491,282153,1046893,656857,104,0.4553,mixed,commercial,5,0.041667
Singapore Pools Upp Serangoon Branch,534766,,0,3,3,scraped,1.36294140003047,103.888499486331,1028 UPPER SERANGOON ROAD TAI PENG GARDENS SINGAPORE 534766,HOUGANG,NORTH-EAST REGION,OK,475501,0,88429,72547,4212,38,0.9216,1667317,180964,112711,185639,159184,151,0.879,3577676,1008353,166784,420591,264845,375,0.7703,residential,residential,5,0.019868
Singapore Pools Commonwealth Crescent Branch,140116,Branch,0,18,18,matched,1.30697208675745,103.800028892853,116 COMMONWEALTH CRESCENT SINGAPORE 140116,QUEENSTOWN,CENTRAL REGION,OK,556253,44917,16354,52067,14194,52,0.914,1969121,266811,36202,123004,81294,108,0.8746,3811908,428233,57215,270631,523032,208,0.8937,residential,residential,5,0.166667
Sheng Siong Woodlands Drive 16,730573,Authorised Retailer,0,6,6,matched,1.43109807246887,103.798507621177,573 WOODLANDS DRIVE 16 WOODLANDS GLEN SINGAPORE 730573,WOODLANDS,NORTH REGION,OK,302843,97216,0,42069,36963,65,0.757,1121198,182873,30587,243473,159535,243,0.8515,2218592,286439,53380,482419,259543,465,0.8776,residential,residential,5,0.024691
Sheng Siong Tampines Avenue 9,521602,Authorised Retailer,0,7,7,matched,1.36113645824177,103.937425593435,602A TAMPINES AVENUE 9 TAMPINES GREENRIDGES SINGAPORE 521602,TAMPINES,EAST REGION,OK,484899,6021,0,85600,76979,114,0.9877,1309791,314664,23836,230648,327765,297,0.8019,2843911,1339092,108986,489837,519473,502,0.6753,residential,residential,5,0.023569
Sheng Siong Senja Close,670643,Authorised Retailer,0,2,2,matched,1.38790584193931,103.763017336135,643 SENJA CLOSE SENJA VALLEY SINGAPORE 670643,BUKIT PANJANG,WEST REGION,OK,338674,3916,12466,73748,39229,94,0.9714,1173518,15415,40980,147450,115984,240,0.9708,2112182,325447,125943,393992,361815,430,0.8485,residential,residential,5,0.008333
Sheng Siong Jalan Berseh,209037,Authorised Retailer,0,9,9,matched,1.30778509510261,103.857010982845,1 JALAN BERSEH SINGAPORE 209037,ROCHOR,CENTRAL REGION,OK,200795,203744,17909,53886,67586,35,0.4965,817232,737202,155224,205924,130425,114,0.5234,1598746,1465110,207819,481032,396930,191,0.5204,mixed,residential,5,0.078947
Sheng Siong Clementi Avenue 6,121209,Authorised Retailer,0,1,1,matched,1.32220922708728,103.76364056113,209A CLEMENTI AVENUE 6 CLEMENTI NORTHARC SINGAPORE 121209,CLEMENTI,WEST REGION,OK,306300,79225,5397,30871,17367,46,0.7904,1679972,138702,40198,96724,70402,124,0.9146,3442623,306355,151120,173881,239481,201,0.9021,residential,residential,5,0.008065
Sheng Siong Canberra Street,750105,Authorised Retailer,0,4,4,matched,1.44885564679911,103.832409172149,105 CANBERRA STREET EASTBROOK @ CANBERRA SINGAPORE 750105,SEMBAWANG,NORTH REGION,OK,312941,0,0,73723,12306,68,1.0,1850849,215053,28599,89319,176959,128,0.8905,2989654,407478,70829,191266,396933,247,0.8723,residential,residential,5,0.03125
Shell Station Tuas South Avenue 5,637365,Authorised Retailer,0,4,4,matched,1.28941779146838,103.625751502111,121 TUAS SOUTH AVENUE 5 SINGAPORE 637365,TUAS,WEST REGION,OK,0,445616,0,4011,0,0,0.0,0,1983181,0,4011,0,0,0.0,0,4007506,0,4011,0,0,0.0,commercial,commercial,2,0.0
Seng Yeok Chan Agency,560338,Authorised Retailer,0,29,29,matched,1.36361671434232,103.848748276065,338 ANG MO KIO AVENUE 1 SUNSHINE PARK PRESCHOOL LIMITED LIABILITY PARTNERSHIP SINGAPORE 560338,ANG MO KIO,NORTH-EAST REGION,OK,357723,0,31067,20791,344621,58,0.96,1495794,184177,235311,201524,541402,295,0.8424,3101828,418741,291618,545035,913794,463,0.8519,residential,residential,5,0.098305
Rangoon Betting Centre - Lottery Lobby (Public),210677,Betting Centre,0,6,6,matched,1.31252896906352,103.855137853723,677 RANGOON ROAD SINGAPORE 210677,KALLANG,CENTRAL REGION,OK,294353,136148,2995,33255,32769,20,0.6825,1211116,468901,49232,247962,154716,132,0.7146,2281802,1179582,212711,629417,343618,253,0.65,residential,residential,5,0.045455
Prime Century Square,529509,,0,15,15,scraped,1.35236829566862,103.943812302253,2 TAMPINES CENTRAL 5 CENTURY SQUARE SINGAPORE 529509,TAMPINES,EAST REGION,OK,294345,169877,35313,38160,116828,62,0.6246,1562713,169877,87048,292128,312584,314,0.8827,3572521,347428,251320,788656,570589,754,0.8866,residential,residential,5,0.047771
Prime Bidadari,340106,,0,1,1,scraped,1.33369947750043,103.870796085779,106 BIDADARI PARK DRIVE ALKAFF VISTA SINGAPORE 340106,TOA PAYOH,CENTRAL REGION,OK,446017,0,36968,94653,17210,56,0.9617,1020296,294941,64690,372109,150028,123,0.7628,2895880,924346,70513,799691,252655,292,0.7534,residential,residential,5,0.00813
Poon Long Heng,760716,,0,2,2,scraped,1.42621096565013,103.827704108295,716 YISHUN STREET 71 AAVC-ANIMAL & AVIAN VETERINARY CLINIC SINGAPORE 760716,YISHUN,NORTH REGION,OK,429075,2044,0,100883,7906,36,0.9953,922721,8839,91239,156160,131245,170,0.9468,2500977,58961,209733,379100,314986,336,0.9408,residential,residential,5,0.011765
NTUC FP Punggol Walk,823308,,0,7,7,scraped,1.40800694944027,103.899074357998,308C PUNGGOL WALK WATERWAY TERRACES I SINGAPORE 823308,PUNGGOL,NORTH-EAST REGION,OK,330587,0,29989,60033,73098,73,0.9584,961086,7990,73668,316092,316832,237,0.957,2003557,149255,73668,872255,505496,502,0.9164,residential,residential,5,0.029536
NTUC FairPrice The Woodgrove,739065,Authorised Retailer (FairPrice),0,17,17,matched,1.42898765704375,103.780916973423,30 WOODLANDS AVENUE 1 THE WOODGROVE SINGAPORE 739065,WOODLANDS,NORTH REGION,OK,460461,0,10000,45578,75855,42,0.9894,1247779,75806,51197,358365,228141,195,0.9262,2266829,198670,66387,521489,3299730,364,0.9084,residential,residential,5,0.087179
NTUC FairPrice Tampines North Drive 2,520633,Authorised Retailer (FairPrice),0,1,1,matched,1.36551980812276,103.941330282181,633 TAMPINES NORTH DRIVE 2 TAMPINES GREENCOURT SINGAPORE 520633,TAMPINES,EAST REGION,OK,436667,0,23836,41756,177547,71,0.9741,1378500,80872,23836,159568,328018,230,0.9374,2837818,819548,127651,465006,480757,621,0.7666,residential,residential,5,0.004348
NTUC FairPrice Sengkang East Drive,542170,Authorised Retailer (FairPrice),0,1,1,matched,1.38671838587829,103.909029340508,170B SENGKANG EAST DRIVE RIVERVALE SHORES SINGAPORE 542170,SENGKANG,NORTH-EAST REGION,OK,308230,0,0,6739,46472,79,1.0,1010874,639684,37888,161578,151075,252,0.6099,2495583,1785241,64480,341070,248365,566,0.5817,mixed,residential,5,0.003968
NTUC FairPrice Killiney Road,239571,Authorised Retailer (FairPrice),0,19,19,matched,1.29731616717126,103.838541255824,131 KILLINEY ROAD CGH BUILDING SINGAPORE 239571,RIVER VALLEY,CENTRAL REGION,OK,466036,88325,28357,28918,3770,0,0.8241,1070841,383096,154023,496584,292203,2,0.7139,2376194,931287,256456,894400,518244,81,0.7027,mixed,residential,5,9.5
NTUC FairPrice Greenridge Shopping Centre,671524,Authorised Retailer (FairPrice),0,1,1,matched,1.38529556252963,103.766170532051,524A JELAPANG ROAD AMAZING STAR MONTESSORI HOUSE (GREENRIDGE) SINGAPORE 671524,BUKIT PANJANG,WEST REGION,OK,414630,0,12466,66808,61272,117,0.9854,1409602,15415,86719,193601,165518,346,0.9611,2508190,18647,117139,350035,434183,459,0.9708,residential,residential,5,0.00289
Majestic Betting Centre - Lottery Lobby (Public),059810,Betting Centre,0,6,6,matched,1.28471077015851,103.843197416212,80 EU TONG SEN STREET THE MAJESTIC SINGAPORE 059810,OUTRAM,CENTRAL REGION,OK,70387,203661,86285,49501,93916,23,0.3151,345030,796781,162349,266438,264520,57,0.3268,1180428,1271316,198918,693773,801578,168,0.4829,commercial,commercial,5,0.105263
Lee Wah TV & Electric Co,389561,,0,14,14,scraped,1.31431455112293,103.887423323191,623A GEYLANG ROAD GEYLANG CONSERVATION AREA SINGAPORE 389561,GEYLANG,CENTRAL REGION,OK,523988,48938,5917,36712,6770,25,0.9103,1466061,462618,27553,159701,65284,129,0.7565,2942715,960236,74097,454051,247386,253,0.7492,residential,residential,5,0.108527
Keppel Credit Union Co-operative Ltd,150001,,0,7,7,scraped,1.28645354030174,103.808242400418,1 JALAN BUKIT MERAH BRICKWORKS ESTATE SINGAPORE 150001,BUKIT MERAH,CENTRAL REGION,OK,251391,255387,47452,44951,94184,37,0.4964,1023906,496899,64804,313172,503269,170,0.6662,2850193,667647,137298,548386,814152,358,0.7986,residential,residential,5,0.041176
Jurong East Betting Centre - Lottery Lobby (Public),600352,Authorised Retailer,0,2,2,matched,1.34492289474517,103.730400848037,352 JURONG EAST STREET 31 YUHUA PLACE SINGAPORE 600352,JURONG EAST,WEST REGION,OK,363418,0,43091,65516,225945,41,0.947,899033,0,128848,206545,556787,143,0.9373,2854151,4879,181715,608707,1412485,446,0.9685,residential,residential,4,0.013986
Hao Mart Westgate,608532,,0,1,1,scraped,1.33402529481694,103.742586014944,3 GATEWAY DRIVE MY FIRST SKOOL SINGAPORE 608532,JURONG EAST,WEST REGION,OK,60109,122686,55941,63528,21358,16,0.3689,727605,573688,55941,132570,99902,108,0.5567,1323117,1262513,127253,218262,674561,220,0.5112,mixed,residential,5,0.009259
Hao Mart Punggol Walk,823308,,0,4,4,scraped,1.40800694944027,103.899074357998,308C PUNGGOL WALK WATERWAY TERRACES I SINGAPORE 823308,PUNGGOL,NORTH-EAST REGION,OK,330587,0,29989,60033,73098,73,0.9584,961086,7990,73668,316092,316832,237,0.957,2003557,149255,73668,872255,505496,502,0.9164,residential,residential,5,0.016878
Giant Tanjong Katong,400845,,0,2,2,scraped,1.31639445681762,103.894359081999,845 GEYLANG ROAD TANJONG KATONG COMPLEX SINGAPORE 400845,GEYLANG,CENTRAL REGION,OK,187195,211490,66487,30357,15080,25,0.4739,1174352,422184,70685,182782,58873,83,0.7256,3402165,911369,72937,448666,118303,278,0.7839,residential,residential,5,0.024096
Giant Plantation Plaza,690127,Authorised Retailer,0,2,2,matched,1.35759319436135,103.734174851203,127 PLANTATION CRESCENT PLANTATION PLAZA SINGAPORE 690127,TENGAH,WEST REGION,OK,432120,0,65989,26977,84126,126,0.9338,1355713,0,264697,353587,217952,259,0.9183,2862839,159095,432153,697679,1028664,452,0.8914,residential,residential,4,0.007722
Geylang International FC,469642,,0,2,2,scraped,1.32609868101702,103.93881875464,1 BEDOK NORTH STREET 2 BEDOK STADIUM SINGAPORE 469642,BEDOK,EAST REGION,OK,468317,0,30407,18402,46147,79,0.9695,1979016,31464,184934,217978,167749,238,0.9435,3785669,526539,282407,452288,283718,373,0.8547,residential,residential,5,0.008403
Fortune Supermarket Sembawang Drive,750463,Authorised Retailer,0,1,1,matched,1.45551208632599,103.814540285666,463 SEMBAWANG DRIVE SEMBAWANG RIVERLODGE SINGAPORE 750463,SEMBAWANG,NORTH REGION,OK,484752,87606,7381,106220,33490,61,0.8425,1156417,954120,15945,165023,72418,167,0.5476,1625471,2161858,15945,260350,246081,279,0.4295,mixed,residential,5,0.005988
Food Republic i12 Katong,428802,,0,2,2,scraped,1.30520653617341,103.905046110228,112 EAST COAST ROAD 112 KATONG SINGAPORE 428802,MARINE PARADE,CENTRAL REGION,OK,444975,150844,28577,39649,25971,18,0.7355,1630893,178844,31877,138527,383462,49,0.8942,3255849,226927,55753,334045,477362,99,0.928,residential,residential,5,0.040816
Cold Storage Aperia Mall,339511,Authorised Retailer,0,2,2,matched,1.3097112065077,103.864326436447,12 KALLANG AVENUE APERIA SINGAPORE 339511,KALLANG,CENTRAL REGION,OK,100370,262996,42055,30122,89751,16,0.2994,563280,843898,73359,112613,197855,100,0.4052,1623714,1253671,121857,291674,801694,236,0.5617,mixed,commercial,5,0.02
Choice Decor Co-Operative Society Ltd,570022,,0,18,18,scraped,1.3572844410824,103.839396679952,22 SIN MING ROAD SINGAPORE 570022,BISHAN,CENTRAL REGION,OK,266111,223158,0,65097,24678,32,0.5439,1475642,367086,48726,306913,243444,145,0.793,2790505,531719,97203,662198,710969,301,0.8303,residential,residential,5,0.124138
China Square Betting Centre - Level 2,048441,,0,1,1,scraped,1.28286636225753,103.849289233227,51 TELOK AYER STREET CHINA SQUARE FOOD CENTRE SINGAPORE 048441,DOWNTOWN CORE,CENTRAL REGION,OK,17995,328196,20798,15001,55716,8,0.0774,72696,795207,103600,144542,341082,24,0.1281,407991,1135336,185929,464953,808585,73,0.2897,commercial,commercial,5,0.041667
Cheers Northshore Plaza II,820418,Authorised Retailer,0,6,6,matched,1.41796176594116,103.901323351032,418 NORTHSHORE DRIVE NORTHSHORE PLAZA II SINGAPORE 820418,PUNGGOL,NORTH-EAST REGION,OK,214554,10654,0,21574,41054,51,0.9527,465414,53497,0,427363,162704,94,0.8969,870033,617047,73668,612727,402780,172,0.581,residential,residential,4,0.06383
Cheers Maude Rd,208358,,0,2,2,scraped,1.30830240671003,103.857735757768,87 MAUDE ROAD DESKER ROAD CONSERVATION AREA SINGAPORE 208358,KALLANG,CENTRAL REGION,OK,223188,185239,20642,57847,58284,38,0.5442,778149,786788,153316,197640,153507,120,0.4975,1638766,1342474,211905,458526,389106,209,0.5464,mixed,commercial,5,0.016667
Bukit Merah Betting Centre,150169,Betting Centre,0,1,1,matched,1.28331722010432,103.818863104657,169 JALAN BUKIT MERAH CONNECTION ONE SINGAPORE 150169,BUKIT MERAH,CENTRAL REGION,OK,158103,156103,63674,96689,47896,47,0.5026,1201379,277342,89893,294866,210580,205,0.7945,2890938,621731,134472,574611,1434161,469,0.8111,residential,residential,5,0.004878
Bedok Betting Centre - Lottery Lobby (Public),460215,Betting Centre,0,4,4,matched,1.32607594879214,103.933497473796,215 BEDOK NORTH STREET 1 SINGAPORE 460215,BEDOK,EAST REGION,OK,457952,32867,118031,19897,79481,82,0.8491,1691020,289446,265515,233145,157307,271,0.812,4016634,475015,344552,452709,355501,432,0.8662,residential,residential,5,0.01476
ACE Signature Geylang Road,389409,Authorised Retailer,0,2,2,matched,1.31318416956181,103.883694389395,450 GEYLANG ROAD GEYLANG CONSERVATION AREA SINGAPORE 389409,GEYLANG,CENTRAL REGION,OK,378660,131081,3412,54095,14008,22,0.7412,1420605,402161,9329,223349,170529,125,0.7779,2893819,1019589,29514,422499,659619,247,0.7377,residential,residential,5,0.016
7-Eleven Store Tai Thong Crescent,347857,,0,6,6,scraped,1.32908239719806,103.869753021979,27 TAI THONG CRESCENT SENNETT ESTATE SINGAPORE 347857,TOA PAYOH,CENTRAL REGION,OK,250108,102215,39249,115523,4219,4,0.6888,1217231,467552,45071,340279,86627,139,0.7167,2907445,927013,75999,859638,274862,343,0.7532,residential,residential,5,0.043165
7-Eleven Store Esplanade MRT Station,189562,Authorised Retailer (7-Eleven),0,11,11,matched,1.2936577245386,103.855081226245,90 BRAS BASAH ROAD ESPLANADE MRT STATION (CC3) SINGAPORE 189562,DOWNTOWN CORE,CENTRAL REGION,OK,9875,402233,20832,62970,149784,3,0.0469,27497,835947,92578,332822,447194,13,0.0772,421281,1435152,237575,464160,846259,54,0.2579,commercial,commercial,5,0.846154
7-Eleven Store Bedok Road,469539,,0,3,3,scraped,1.33144709315919,103.947134707266,351 BEDOK ROAD SINGAPORE 469539,BEDOK,EAST REGION,OK,384438,71984,16892,15969,29596,0,0.8301,1191653,391989,54033,218126,64385,59,0.7441,3209128,1023551,88875,492935,206688,238,0.7529,residential,residential,5,0.050847
7-Eleven Kim Tian,169247,,0,1,1,scraped,1.28508532760398,103.82928949121,8 KIM TIAN ROAD KAI FOOK MANSION SINGAPORE 169247,BUKIT MERAH,CENTRAL REGION,OK,528434,24632,5392,43796,9688,152,0.9511,1402044,270426,83502,334768,82652,270,0.8222,3178854,469163,184788,710541,340797,399,0.8535,residential,residential,5,0.003704
212 SingPost Centre/ 10 Eunos Road 8 #B1-101 to 107 NTUC FairPrice SingPost Cent,408600,Authorised Retailer (FairPrice),0,0,0,gra_only,1.31893132637472,103.894482925602,10 EUNOS ROAD 8 GENERAL POST OFFICE SINGAPORE 408600,GEYLANG,CENTRAL REGION,OK,76273,216657,41460,21544,15529,15,0.2901,987801,617104,70685,128829,55817,112,0.6106,3304025,1109604,71252,404864,122069,309,0.7446,mixed,residential,5,0.0
254 11 Bukit Batok West Avenue 3 Shell Station Bukit Batok West Avenue 3 659166,659166,Authorised Retailer,0,0,0,gra_only,1.35022742637166,103.738433107817,11 BUKIT BATOK WEST AVENUE 3 SHELL BUKIT BATOK ROAD SINGAPORE 659166,BUKIT BATOK,WEST REGION,OK,209249,0,0,162780,49438,32,1.0,1723969,0,137617,340350,209013,309,0.963,3355628,103824,253409,562006,871784,622,0.9379,residential,residential,4,0.0
291 33 Jalan Buroh Smart Energy Jalan Buroh 619487,619487,Authorised Retailer,0,0,0,gra_only,1.31479672339923,103.71490670103,33 JALAN BUROH SMART ENERGY JALAN BUROH SINGAPORE 619487,BOON LAY,WEST REGION,OK,0,492049,0,0,0,0,0.0,0,1700003,0,0,369713,0,0.0,0,3855758,0,17801,370279,0,0.0,commercial,commercial,2,0.0
292 50 Old Toh Tuck Road Cnergy Old Toh Tuck Road 597657,597657,Authorised Retailer,0,0,0,gra_only,1.33414944334068,103.758794815698,50 OLD TOH TUCK ROAD CNERGY CNG STATION SINGAPORE 597657,CLEMENTI,WEST REGION,OK,2092,155662,0,0,0,0,0.0133,337947,650145,0,93423,74979,0,0.342,1610791,1339562,3814,223784,152897,81,0.5459,commercial,commercial,4,0.0
