outlet_name,address,postal_code,outlet_type,group1_wins,group2_wins,combined_wins,source,latitude,longitude,onemap_address,planning_area,x_svy21,y_svy21,geocode_status,proxy_500m,proxy_750m,proxy_1000m,proxy_1500m,area_type,region,pa_hdb_units,win_rate_1000m
Delisia Agency Pte Ltd,Delisia Agency Pte Ltd149 Rochor Road #B1-26 Fu Lu Shou Complex Singapore 188425,188425,Authorised Retailer,26,100,126,matched,1.30151258571919,103.854497235401,149 ROCHOR ROAD FU LU SHOU COMPLEX SINGAPORE 188425,ROCHOR,30356.9931099545,31540.1773409117,OK,1995,1995,3990,3990,residential,CENTRAL REGION,1995,0.03157895
Tong Aik Huat,Tong Aik HuatBlock 685 Hougang Street 61 #01-160 Singapore 530685,530685,Authorised Retailer,23,143,166,matched,1.37518092664617,103.886022660348,685 HOUGANG STREET 61 HOUGANG SPRING SINGAPORE 530685,HOUGANG,33865.3138473639,39686.1002473459,OK,0,0,0,0,residential,NORTH-EAST REGION,57557,0.0
NTUC FairPrice NEX,NTUC FairPrice NEX23 Serangoon Central #03-42 NEX Singapore 556083,556083,Authorised Retailer (FairPrice),18,82,100,matched,1.35067551435975,103.871861623874,23 SERANGOON AVENUE 2 CS MONTESSORI KINDERGARTEN @ SERANGOON SINGAPORE 556083,SERANGOON,32289.4083088608,36976.3859132938,OK,0,0,0,21632,residential,NORTH-EAST REGION,21632,0.0
Tan Wee Fong Trading,Tan Wee Fong TradingBlock 24 Bendemeer Road #01-529 Singapore 330024,330024,Authorised Retailer,16,72,88,matched,1.31862347782977,103.862324355167,24 BENDEMEER ROAD BENDEMEER VILLE SINGAPORE 330024,KALLANG,31228.0590081075,33432.2206793837,OK,0,0,40171,40171,residential,CENTRAL REGION,40171,0.00219064
Singapore Pools King George's Ave Branch,Singapore Pools King George's Ave BranchBlock 803 King George's Avenue #01-200/202 Singapore 200803,200803,Branch,16,40,56,matched,1.30811749102335,103.861188606169,803 KING GEORGE'S AVENUE SINGAPORE 200803,KALLANG,31101.6741945921,32270.5210870206,OK,0,40171,40171,42166,residential,CENTRAL REGION,40171,0.00139404
NTUC FairPrice AMK Hub,NTUC FairPrice AMK Hub53 Ang Mo Kio Avenue 3 #B2-40 AMK Hub Singapore 569933,569933,Authorised Retailer (FairPrice),16,59,75,matched,1.36923561405404,103.848693181185,53 ANG MO KIO AVENUE 3 ABUNDANT LIFE FAMILY CHURCH SINGAPORE 569933,ANG MO KIO,29711.0075057196,39028.6385976207,OK,0,0,0,0,residential,NORTH-EAST REGION,51310,0.0
Fatt Chye Heng Trading,Fatt Chye Heng TradingBlock 7 Hougang Avenue 3 #01-48 Singapore 530007,530007,Authorised Retailer,16,58,74,matched,1.36232721881747,103.893510807642,7 HOUGANG AVENUE 3 SINGAPORE 530007,HOUGANG,34698.6881755767,38264.8215791211,OK,0,57557,57557,57557,residential,NORTH-EAST REGION,57557,0.00128568
PFG Framing & Trading,PFG Framing & TradingBlock 960 Jurong West Street 92 #01-182 Singapore 640960,640960,Authorised Retailer,14,54,68,matched,1.34138531163603,103.691459639611,960 JURONG WEST STREET 92 SINGAPORE 640960,JURONG WEST,12212.6174492966,35949.5464120321,OK,0,0,0,0,residential,WEST REGION,75206,0.0
Ng Teo Guan Self Service,Ng Teo Guan Self ServiceBlock 301 Ubi Avenue 1 #01-241 Singapore 400301,400301,Authorised Retailer,14,80,94,matched,1.33068802490987,103.901953040703,301 UBI AVENUE 1 SINGAPORE 400301,GEYLANG,35638.308453802,34766.3438084088,OK,0,0,0,0,residential,CENTRAL REGION,31514,0.0
Mee Lee Cheong Pte. Ltd.,Mee Lee Cheong Pte. Ltd.Block 139 Tampines Street 11 #01-88 Singapore 521139,521139,Authorised Retailer,14,54,68,matched,1.34607675043696,103.944284625086,139 TAMPINES STREET 11 ANIMAL ARK TCM SINGAPORE 521139,TAMPINES,40349.3054891257,36468.124962138,OK,0,0,0,0,residential,EAST REGION,75342,0.0
Laura's Gifts,Laura's GiftsBlock 442 Pasir Ris Drive 6 #01-42 Singapore 510442,510442,Authorised Retailer,14,32,46,matched,1.36893288711175,103.957951722203,442 PASIR RIS DRIVE 6 SINGAPORE 510442,PASIR RIS,41870.1757516786,38995.5194303729,OK,0,0,0,29654,residential,EAST REGION,29654,0.0
Singapore Pools Suntec City Branch,Singapore Pools Suntec City Branch3 Temasek Boulevard #B1-143 Suntec City Singapore 038983,038983,Branch,13,38,51,matched,1.29485990186642,103.860333693777,3 TEMASEK BOULEVARD GOLDEN VILLAGE (GV SUNTEC CITY) SINGAPORE 038983,DOWNTOWN CORE,31006.546098751,30804.5639691036,OK,0,0,0,3990,residential,CENTRAL REGION,1995,0.0
Singapore Pools People's Park Centre (Chinatown) Branch,Singapore Pools People's Park Centre (Chinatown) Branch101 Upper Cross Street #01-12 People's Park Centre Singapore 058357,058357,Branch,13,83,96,matched,1.28549527021288,103.843851997218,101 UPPER CROSS STREET CHINATOWN POST OFFICE SINGAPORE 058357,OUTRAM,29172.2815868082,29769.0577452593,OK,1995,1995,1995,5985,residential,CENTRAL REGION,1995,0.0481203
NTUC FairPrice Tampines Mall,NTUC FairPrice Tampines Mall4 Tampines Central 5 #B1-12 Tampines Mall Singapore 529510,529510,Authorised Retailer (FairPrice),13,65,78,matched,1.35250468330971,103.944682574769,4 TAMPINES CENTRAL 5 GOLDEN VILLAGE (GV TAMPINES) SINGAPORE 529510,TAMPINES,40393.5604594583,37178.8963100612,OK,0,0,0,0,residential,EAST REGION,75342,0.0
7-Eleven Store Eunos Crescent,7-Eleven Store Eunos CrescentBlock 1A Eunos Crescent #01-2469/2471 Singapore 401001,401001,Authorised Retailer (7-Eleven),13,35,48,matched,1.32129030482793,103.902727807563,1A EUNOS CRESCENT SINGAPORE 401001,GEYLANG,35724.5611898508,33727.193773346,OK,0,0,0,0,residential,CENTRAL REGION,31514,0.0
Singapore Pools Toa Payoh Lorong 1 Branch,Singapore Pools Toa Payoh Lorong 1 BranchBlock 111 Toa Payoh Lorong 1 #01-354 Singapore 310111,310111,Branch,12,49,61,matched,1.34123713837195,103.845306137194,111 LORONG 1 TOA PAYOH TOA PAYOH NORTH SINGAPORE 310111,TOA PAYOH,29334.0857224576,35932.7078181338,OK,0,0,0,0,residential,CENTRAL REGION,42185,0.0
Singapore Pools Hougang N1 Branch,Singapore Pools Hougang N1 BranchBlock 106 Hougang Avenue 1 #01-1209/1211 Singapore 530106,530106,Branch,12,47,59,matched,1.3537029714401,103.890680792553,106 HOUGANG AVENUE 1 SINGAPORE 530106,HOUGANG,34383.7632439835,37311.1881324742,OK,0,57557,57557,57557,residential,NORTH-EAST REGION,57557,0.00102507
Singapore Pools Clementi N7 Branch,Singapore Pools Clementi N7 BranchBlock 722 Clementi West Street 2 #01-164 Singapore 120722,120722,Branch,12,37,49,matched,1.30297959881951,103.76371403028,722 CLEMENTI WEST STREET 2 SINGAPORE 120722,CLEMENTI,20253.6452355636,31702.4892522544,OK,0,0,0,26730,residential,WEST REGION,26730,0.0
NTUC FairPrice Toa Payoh HDB Centre,NTUC FairPrice Toa Payoh HDB Centre500 Lorong 6 Toa Payoh #B1-32/#01-33 HDB Centre Singapore 310500,310500,Authorised Retailer (FairPrice),12,34,46,matched,1.33285542884681,103.847092284316,500 LORONG 6 TOA PAYOH HDB HUB SINGAPORE 310500,TOA PAYOH,29532.8697974812,35005.9023080505,OK,0,0,0,0,residential,CENTRAL REGION,42185,0.0
NTUC FairPrice Clementi Avenue 3,NTUC FairPrice Clementi Avenue 3Block 451 Clementi Avenue 3 #01-307 Singapore 120451,120451,Authorised Retailer (FairPrice),12,36,48,matched,1.31274380194655,103.76584669599,451 CLEMENTI AVENUE 3 NATIONAL UNIVERSITY POLYCLINICS (CLEMENTI POLYCLINIC) SINGAPORE 120451,CLEMENTI,20491.020717415,32782.1588857807,OK,26730,26730,26730,26730,residential,WEST REGION,26730,0.00179574
Singapore Pools Yishun N1 Branch,Singapore Pools Yishun N1 BranchBlock 101 Yishun Avenue 5 #01-37 Singapore 760101,760101,Branch,11,58,69,matched,1.4305357538408,103.827667722074,101 YISHUN AVENUE 5 SINGAPORE 760101,YISHUN,27371.1442933977,45806.8930951077,OK,0,0,0,0,residential,NORTH REGION,65614,0.0
Singapore Pools Whampoa Drive Branch,Singapore Pools Whampoa Drive BranchBlock 88 Whampoa Drive #01-857 Singapore 320088,320088,Branch,11,54,65,matched,1.32324726968904,103.855171553668,88 WHAMPOA DRIVE SINGAPORE 320088,NOVENA,30432.0176650314,33943.4877558779,OK,0,0,0,0,commercial,CENTRAL REGION,0,0.0
Singapore Pools Teck Whye Branch,Singapore Pools Teck Whye BranchBlock 141 Teck Whye Lane #01-271 Singapore 680141,680141,Branch,11,48,59,matched,1.38041161319004,103.75257991701,141 TECK WHYE LANE SINGAPORE 680141,CHOA CHU KANG,19014.8012396181,40264.5708438009,OK,0,0,0,49026,residential,WEST REGION,49026,0.0
Singapore Pools Tanjong Pagar Branch,Singapore Pools Tanjong Pagar BranchBlock 1 Tanjong Pagar Plaza #01-49/50 Singapore 082001,082001,Branch,11,61,72,matched,1.27568847511494,103.842433449984,1 TANJONG PAGAR PLAZA MULTI STOREY CAR PARK SINGAPORE 082001,OUTRAM,29014.4129549386,28684.6724204067,OK,0,1995,1995,1995,residential,CENTRAL REGION,1995,0.03609023
Singapore Pools Jurong West N5 Branch,Singapore Pools Jurong West N5 BranchBlock 508 Jurong West Street 52 #01-166 Singapore 640508,640508,Branch,11,64,75,matched,1.34872718063365,103.718715391434,508 JURONG WEST STREET 52 HONG KAH POINT SINGAPORE 640508,JURONG WEST,15245.933758907,36761.215448048,OK,0,0,0,0,residential,WEST REGION,75206,0.0
Singapore Pools IMM Branch,Singapore Pools IMM Branch2 Jurong East Street 21 #02-63 IMM Building Singapore 609601,609601,Branch,11,45,56,matched,1.33487526118006,103.746894773008,2 JURONG EAST STREET 21 IMM BUILDING SINGAPORE 609601,JURONG EAST,18381.9356864095,35229.409786731,OK,0,0,0,0,residential,WEST REGION,24122,0.0
Singapore Pools Hougang N2 Branch,Singapore Pools Hougang N2 BranchBlock 211 Hougang Street 21 #01-309 Singapore 530211,530211,Branch,11,56,67,matched,1.35962289225618,103.887717332865,211 HOUGANG STREET 21 KOVAN CITY SINGAPORE 530211,HOUGANG,34053.9490069114,37965.7754739299,OK,57557,57557,57557,57557,residential,NORTH-EAST REGION,57557,0.00116406
NTUC FairPrice Yishun MRT Station,NTUC FairPrice Yishun MRT Station301 Yishun Avenue 2 #01-02 Yishun MRT Singapore 769093,769093,Authorised Retailer (FairPrice),11,49,60,matched,1.42944308477331,103.835005047246,301 YISHUN AVENUE 2 YISHUN MRT STATION (NS13) SINGAPORE 769093,YISHUN,28187.6788169928,45686.0705381557,OK,0,0,0,65614,residential,NORTH REGION,65614,0.0
NTUC FairPrice Jurong Gateway Road,NTUC FairPrice Jurong Gateway RoadBlock 135 Jurong Gateway Road #01-337 Singapore 600135,600135,Authorised Retailer (FairPrice),11,46,57,matched,1.33375343883095,103.739371388475,135 JURONG GATEWAY ROAD KLCII JURONG CAMPUS SINGAPORE 600135,JURONG EAST,17544.6563342772,35105.394956341,OK,0,0,0,0,residential,WEST REGION,24122,0.0
Jake Merchandise Associates,Jake Merchandise AssociatesBlock 503 Tampines Central 1 #01-283 Singapore 520503,520503,Authorised Retailer,11,42,53,matched,1.3558033565401,103.945102946956,503 TAMPINES CENTRAL 1 TAMPINES HEART SINGAPORE 520503,TAMPINES,40440.3264011843,37543.6496071685,OK,0,0,0,0,residential,EAST REGION,75342,0.0
7-Eleven Store Yishun Ring Road,7-Eleven Store Yishun Ring RoadBlock 103 Yishun Ring Road #01-69 Singapore 760103,760103,Authorised Retailer (7-Eleven),11,51,62,matched,1.43136934951878,103.828892847163,103 YISHUN RING ROAD SINGAPORE 760103,YISHUN,27507.4825517498,45899.0676108301,OK,0,0,0,0,residential,NORTH REGION,65614,0.0
Wanrise,WanriseBlock 47 Sims Place #01-177 Singapore 380047,380047,Authorised Retailer,10,41,51,matched,1.31794121263529,103.879025382959,47 SIMS PLACE SIMS VISTA SINGAPORE 380047,GEYLANG,33086.7216639528,33356.8071504477,OK,0,0,31514,31514,residential,CENTRAL REGION,31514,0.00161833
Tay Sui Lan Agency,Tay Sui Lan Agency11 Collyer Quay #02-13 The Arcade Singapore 049317,049317,Authorised Retailer,10,45,55,matched,1.283619583733,103.852068945868,11 COLLYER QUAY THE ARCADE SINGAPORE 049317,DOWNTOWN CORE,30086.7610053467,29561.6592507306,OK,1995,1995,1995,3990,residential,CENTRAL REGION,1995,0.02756892
Tampines Trading - 828,Tampines Trading - 828Block 828 Tampines Street 81 #01-234 Singapore 520828,520828,Authorised Retailer,10,53,63,matched,1.34893084103853,103.934588111014,828 TAMPINES STREET 81 SINGAPORE 520828,TAMPINES,39270.1753824092,36783.6692674812,OK,0,0,0,0,residential,EAST REGION,75342,0.0
Singapore Pools Woodlands 888 Branch,Singapore Pools Woodlands 888 Branch888 Woodlands Drive 50 #01-711 888 Plaza Singapore 730888,730888,Branch,10,51,61,matched,1.43712301500434,103.795314383823,888 WOODLANDS DRIVE 50 888 PLAZA SINGAPORE 730888,WOODLANDS,23770.7139348229,46535.313734604,OK,0,0,0,0,residential,NORTH REGION,70072,0.0
Singapore Pools Tampines Mart Branch,Singapore Pools Tampines Mart Branch11 Tampines Street 32 #01-03 Tampines Mart Singapore 529287,529287,Branch,10,24,34,matched,1.35454944260132,103.959900189012,11 TAMPINES STREET 32 PLAYFACTO SCHOOL @ TAMPINES SINGAPORE 529287,TAMPINES,42087.1006097961,37405.0789034087,OK,0,0,0,0,residential,EAST REGION,75342,0.0
Singapore Pools Clementi N3 Branch,Singapore Pools Clementi N3 BranchBlock 325 Clementi Avenue 5 #01-145 Singapore 120325,120325,Branch,10,46,56,matched,1.315096685325,103.766817400667,325 CLEMENTI AVENUE 5 SINGAPORE 120325,CLEMENTI,20599.0578964362,33042.3259172272,OK,26730,26730,26730,26730,residential,WEST REGION,26730,0.00209502
Singapore Pools Bencoolen Branch,Singapore Pools Bencoolen Branch180 Bencoolen Street #01-59 The Bencoolen Singapore 189646,189646,Branch,10,58,68,matched,1.30166188823652,103.853356123694,180 BENCOOLEN STREET THE BENCOOLEN SINGAPORE 189646,ROCHOR,30229.9975490645,31556.6854084264,OK,1995,1995,3990,3990,residential,CENTRAL REGION,1995,0.01704261
Rangoon Provision Shop,Rangoon Provision ShopBlock 681 Race Course Road #01-309 Singapore 210681,210681,Authorised Retailer,10,38,48,matched,1.3137206738217,103.855272733514,681 RACE COURSE ROAD SINGAPORE 210681,KALLANG,30443.287252605,32890.0857380014,OK,0,0,0,42166,residential,CENTRAL REGION,40171,0.0
NTUC FairPrice Bukit Batok MRT Station,NTUC FairPrice Bukit Batok MRT Station10 Bukit Batok Central #01-08 Bukit Batok MRT Singapore 659958,659958,Authorised Retailer (FairPrice),10,30,40,matched,1.34903331201636,103.749566478309,10 BUKIT BATOK CENTRAL BUKIT BATOK MRT STATION (NS2) SINGAPORE 659958,BUKIT BATOK,18679.3223191258,36794.9260214306,OK,0,0,45585,45585,residential,WEST REGION,45585,0.00087748
Livewire Singapore Pools,Livewire Singapore Pools210 Middle Road #01-01 Singapore Pools Building Singapore 188994,188994,Lottery Lobby,10,48,58,matched,1.30117342723628,103.851274599853,210 MIDDLE ROAD SINGAPORE POOLS BUILDING SINGAPORE 188994,ROCHOR,29998.3431398869,31502.6721612159,OK,1995,3990,3990,3990,residential,CENTRAL REGION,1995,0.01453634
Livewire Marina Bay Sands,Livewire Marina Bay Sands2 Bayfront Avenue #01-01 Marina Bay Sands Singapore 018972,018972,Livewire,10,40,50,matched,1.28332249857386,103.857629111139,2 BAYFRONT AVENUE CRYSTAL PAVILION SOUTH SINGAPORE 018972,DOWNTOWN CORE,30705.5618437575,29528.814311415,OK,0,1995,1995,3990,residential,CENTRAL REGION,1995,0.02506266
Lee Eng Trading Store,Lee Eng Trading StoreBlock 201B Tampines Street 21 #01-1083 Singapore 522201,522201,Authorised Retailer,10,44,54,matched,1.35345315769813,103.953009918868,201B TAMPINES STREET 21 SINGAPORE 522201,TAMPINES,41320.296353179,37283.8180963211,OK,0,0,0,0,residential,EAST REGION,75342,0.0
Cheers Harbourfront Centre,Cheers Harbourfront Centre1 Maritime Square #01-82 Harbourfront Centre Singapore 099253,099253,Authorised Retailer,10,35,45,matched,1.26401293230767,103.82005101011,1 MARITIME SQUARE CONSULATE-GENERAL OF THE REPUBLIC OF COTE D'IVOIRE SINGAPORE 099253,BUKIT MERAH,26523.4179164171,27393.6533519011,OK,54157,54157,54157,54157,residential,CENTRAL REGION,54157,0.00083092
Singapore Pools Woodlands N5 Branch,Singapore Pools Woodlands N5 Branch548 Woodlands Drive 44 #02-04 Vista Point Singapore 730548,730548,Branch,9,39,48,matched,1.43044361849124,103.793804884379,548 WOODLANDS DRIVE 44 FC SINGAPORE 730548,WOODLANDS,23602.7169394372,45796.7423332836,OK,0,0,0,0,residential,NORTH REGION,70072,0.0
Singapore Pools Toa Payoh Lorong 8 Branch,Singapore Pools Toa Payoh Lorong 8 BranchBlock 212 Toa Payoh Lorong 8 #01-39 Singapore 310212,310212,Branch,9,34,43,matched,1.34064293639026,103.85433449712,212 LORONG 8 TOA PAYOH SINGAPORE 310212,TOA PAYOH,30338.8452441534,35867.0107659921,OK,0,0,42185,42185,residential,CENTRAL REGION,42185,0.00101932
Singapore Pools New Upper Changi Branch,Singapore Pools New Upper Changi BranchBlock 26 New Upper Changi Road #01-666/668 Singapore 462026,462026,Branch,9,28,37,matched,1.3233383625591,103.934207271148,26 NEW UPPER CHANGI ROAD SINGAPORE 462026,BEDOK,39227.9082619073,33953.7778714988,OK,0,0,64415,64415,residential,EAST REGION,64415,0.0005744
Singapore Pools Lorong 25A Geylang Branch,Singapore Pools Lorong 25A Geylang Branch62 Lorong 25A Geylang Road Singapore 388251,388251,Branch,9,47,56,matched,1.31549499038814,103.883256085887,62 LORONG 25A GEYLANG SINGAPORE 388251,GEYLANG,33557.5631846106,33086.3253955096,OK,0,31514,31514,31514,residential,CENTRAL REGION,31514,0.00177699
Singapore Pools Jurong West N4 Branch,Singapore Pools Jurong West N4 BranchBlock 498 Jurong West Street 41 #01-472 Singapore 640498,640498,Branch,9,53,62,matched,1.34833335760515,103.724307319237,498 JURONG WEST STREET 41 SINGAPORE 640498,JURONG WEST,15868.2522515813,36717.6398426108,OK,0,0,0,0,residential,WEST REGION,75206,0.0
Singapore Pools Clementi Town Centre Branch,Singapore Pools Clementi Town Centre BranchBlock 446 Clementi Avenue 3 #01-183 Singapore 120446,120446,Branch,9,68,77,matched,1.31251305732378,103.764927758669,446 CLEMENTI AVENUE 3 SINGAPORE 120446,CLEMENTI,20388.7509816196,32756.6470919531,OK,26730,26730,26730,26730,residential,WEST REGION,26730,0.00288066
Singapore Pools Bedok Town Centre Branch,Singapore Pools Bedok Town Centre BranchBlock 204 Bedok North Street 1 #01-415 Singapore 460204,460204,Branch,9,54,63,matched,1.32635909520616,103.929995919076,204 BEDOK NORTH STREET 1 BEDOK TOWN CENTRE SINGAPORE 460204,BEDOK,38759.2131650466,34287.7768086586,OK,0,0,0,64415,residential,EAST REGION,64415,0.0
NTUC FairPrice Lot 1 Shoppers' Mall,NTUC FairPrice Lot 1 Shoppers' Mall21 Choa Chu Kang Avenue 4 #B1-03 Lot 1 Shoppers' Mall Singapore 689812,689812,Authorised Retailer (FairPrice),9,30,39,matched,1.38493874036122,103.745022476677,21 CHOA CHU KANG AVENUE 4 CHOA CHU KANG LIBRARY SINGAPORE 689812,CHOA CHU KANG,18173.7710486762,40765.1880696882,OK,0,49026,49026,49026,residential,WEST REGION,49026,0.0007955
Nan Huat Wine Store,Nan Huat Wine StoreBlock 513 Bishan Street 13 #01-508 Singapore 570513,570513,Authorised Retailer,9,40,49,matched,1.34946633905282,103.849467349041,513 BISHAN STREET 13 SINGAPORE 570513,BISHAN,29797.1776404409,36842.653455928,OK,0,0,0,20072,residential,CENTRAL REGION,20072,0.0
Evercool Engineering,Evercool EngineeringBlock 95 Lorong 4 Toa Payoh #01-50 Singapore 310095,310095,Authorised Retailer,9,34,43,matched,1.33889072150034,103.848993316875,95 LORONG 4 TOA PAYOH TOA PAYOH PALM SPRING SINGAPORE 310095,TOA PAYOH,29744.4306543283,35673.2553532459,OK,0,0,0,42185,residential,CENTRAL REGION,42185,0.0
Tan Boon Tin Agency,Tan Boon Tin AgencyBlk 56 Marine Terrace #01-253 Singapore 440056,440056,,8,23,31,scraped,1.30560569433107,103.91537607851,56 MARINE TERRACE MARINE TERRACE HAVEN SINGAPORE 440056,MARINE PARADE,37132.2465671236,31992.9112824537,OK,0,0,0,0,residential,CENTRAL REGION,7857,0.0
Singapore Pools Pasir Ris N2 Branch,Singapore Pools Pasir Ris N2 Branch259 Pasir Ris Street 21 #02-29 Loyang Point Singapore 510259,510259,Branch,8,45,53,matched,1.36645364010349,103.964598499523,259 PASIR RIS STREET 21 LOYANG POINT SINGAPORE 510259,PASIR RIS,42609.8986984398,38721.4156571645,OK,0,0,0,0,residential,EAST REGION,29654,0.0
Singapore Pools Ang Mo Kio N7 Branch,Singapore Pools Ang Mo Kio N7 BranchBlock 726 Ang Mo Kio Avenue 6 #01-4158 Singapore 560726,560726,Branch,8,46,54,matched,1.37278358482637,103.84644830631,726 ANG MO KIO AVENUE 6 SINGAPORE 560726,ANG MO KIO,29461.1778987525,39420.9536785576,OK,0,0,0,51310,residential,NORTH-EAST REGION,51310,0.0
Singapore Pools Ang Mo Kio N2 Branch,Singapore Pools Ang Mo Kio N2 BranchBlock 202 Ang Mo Kio Avenue 3 #01-1662/1664 Singapore 560202,560202,Branch,8,43,51,matched,1.36844644010937,103.844516260527,202 ANG MO KIO AVENUE 3 ANG MO KIO VIEW SINGAPORE 560202,ANG MO KIO,29246.1670971215,38941.3731856421,OK,0,0,0,51310,residential,NORTH-EAST REGION,51310,0.0
Seah Geok Eng Agency - Rivervale Plaza,Seah Geok Eng Agency - Rivervale Plaza118 Rivervale Drive #01-15 Rivervale Plaza Singapore 540118,540118,Authorised Retailer,8,42,50,matched,1.3849334568541,103.901558018707,118 RIVERVALE DRIVE FC/MARKET RIVERVALE PLAZA SINGAPORE 540118,SENGKANG,35594.1773097906,40764.5300437231,OK,0,0,0,0,residential,NORTH-EAST REGION,70189,0.0
NTUC FairPrice White Sands,NTUC FairPrice White Sands1 Pasir Ris Central Street 3 #B1-10 White Sands Singapore 518457,518457,Authorised Retailer (FairPrice),8,39,47,matched,1.3724564071358,103.949763493981,1 PASIR RIS CENTRAL STREET 3 PASIR RIS LIBRARY SINGAPORE 518457,PASIR RIS,40958.9038011068,39385.0873588398,OK,0,0,29654,29654,residential,EAST REGION,29654,0.00158495
NTUC FairPrice Sun Plaza,NTUC FairPrice Sun Plaza30 Sembawang Drive #B1-01/02 Sun Plaza Singapore 757713,757713,Authorised Retailer (FairPrice),8,34,42,matched,1.44819666623789,103.819498634275,30 SEMBAWANG DRIVE SEMBAWANG LIBRARY SINGAPORE 757713,SEMBAWANG,26462.0589625053,47759.7519863788,OK,0,0,0,0,residential,NORTH REGION,30330,0.0
NTUC FairPrice Jurong Point,NTUC FairPrice Jurong Point63 Jurong West Central 3 #03-01 Jurong Point Singapore 648331,648331,Authorised Retailer (FairPrice),8,64,72,matched,1.33931504032005,103.705350996191,63 JURONG WEST CENTRAL 3 BOON LAY BUS INTERCHANGE SINGAPORE 648331,JURONG WEST,13758.5676118182,35720.5406027697,OK,75206,75206,75206,75206,residential,WEST REGION,75206,0.00095737
NTUC FairPrice Bedok North Street 4,NTUC FairPrice Bedok North Street 4Block 89 Bedok North Street 4 #01-77/79 Singapore 460089,460089,Authorised Retailer (FairPrice),8,23,31,matched,1.33233468349262,103.938051284737,89 BEDOK NORTH STREET 4 SINGAPORE 460089,BEDOK,39655.6670912411,34948.5643044356,OK,0,0,0,0,residential,EAST REGION,64415,0.0
Giant Sunshine Place,Giant Sunshine Place475 Choa Chu Kang Avenue 3 #01-01/10 Sunshine Place Singapore 680475,680475,Authorised Retailer,8,25,33,matched,1.37805614752086,103.738931794069,475 CHOA CHU KANG AVENUE 3 KINDERLAND KINDERGARTEN (CHOA CHU KANG) SINGAPORE 680475,CHOA CHU KANG,17495.9250015644,40004.170991024,OK,0,0,0,0,residential,WEST REGION,49026,0.0
Cheers Hougang Central,Cheers Hougang CentralBlock 810 Hougang Central #01-214 Singapore 530810,530810,Authorised Retailer,8,45,53,matched,1.37160444105564,103.893647271883,810 HOUGANG CENTRAL ALJUNIED-HOUGANG TOWN COUNCIL (MAIN OFFICE) SINGAPORE 530810,HOUGANG,34713.849287549,39290.6505232118,OK,0,0,0,57557,residential,NORTH-EAST REGION,57557,0.0
Vitatron & Medical Co,Vitatron & Medical Co60 Smith Street Singapore 058963,058963,Authorised Retailer,7,28,35,matched,1.28294362945788,103.8433288831,60 SMITH STREET KRETA AYER CONSERVATION AREA SINGAPORE 058963,OUTRAM,29114.0644496065,29486.9102553781,OK,1995,1995,1995,3990,residential,CENTRAL REGION,1995,0.01754386
Teo Sook Cheng Agency,Teo Sook Cheng AgencyBlock 293 Yishun Street 22 #01-225 Singapore 760293,760293,Authorised Retailer,7,65,72,matched,1.43611425409216,103.837605235958,293 YISHUN STREET 22 SINGAPORE 760293,YISHUN,28477.0396516826,46423.7352620233,OK,0,0,0,0,residential,NORTH REGION,65614,0.0
Soh Choo Trading,Soh Choo TradingBlock 19 Marsiling Lane #01-303 Singapore 730019,730019,Authorised Retailer,7,37,44,matched,1.44328204285332,103.777294228046,19 MARSILING LANE SINGAPORE 730019,WOODLANDS,21765.3621874293,47216.3897085264,OK,0,70072,70072,70072,residential,NORTH REGION,70072,0.00062793
Singapore Pools Tampines N4 Branch,Singapore Pools Tampines N4 BranchBlock 481 Tampines Street 44 #01-277 Singapore 520481,520481,Branch,7,20,27,matched,1.36162956418494,103.953251115722,481 TAMPINES STREET 44 SINGAPORE 520481,TAMPINES,41347.0940520279,38187.9267350622,OK,0,0,0,0,residential,EAST REGION,75342,0.0
Singapore Pools Serangoon Central Branch,Singapore Pools Serangoon Central BranchBlock 254 Serangoon Central Drive #01-209 Singapore 550254,550254,Branch,7,41,48,matched,1.35406229913885,103.871216925982,254 SERANGOON CENTRAL DRIVE SINGAPORE 550254,SERANGOON,32217.6548147844,37350.8782368433,OK,0,0,21632,21632,residential,NORTH-EAST REGION,21632,0.00221893
Singapore Pools Potong Pasir Branch,Singapore Pools Potong Pasir BranchBlock 148 Potong Pasir Avenue 1 #01-73 Singapore 350148,350148,Branch,7,17,24,matched,1.3323543597317,103.86777426102,148 POTONG PASIR AVENUE 1 SINGAPORE 350148,TOA PAYOH,31834.559149812,34950.5191621631,OK,0,0,42185,42185,residential,CENTRAL REGION,42185,0.00056892
Singapore Pools Lucky Plaza Branch,Singapore Pools Lucky Plaza Branch304 Orchard Road #B1-91/92 Lucky Plaza Singapore 238863,238863,Branch,7,67,74,matched,1.30450604646634,103.833962339817,304 ORCHARD ROAD LUCKY PLAZA SINGAPORE 238863,ORCHARD,28071.6446550656,31871.1689420138,OK,0,1995,1995,1995,commercial,CENTRAL REGION,0,0.03709273
Singapore Pools Holland Drive Branch,Singapore Pools Holland Drive BranchBlock 46 Holland Drive #01-371/373 Singapore 270046,270046,Branch,7,56,63,matched,1.30878949399241,103.792695569227,46 HOLLAND DRIVE SINGAPORE 270046,QUEENSTOWN,23479.0386890257,32344.8471478373,OK,0,0,0,36378,residential,CENTRAL REGION,36378,0.0
Singapore Pools Bukit Panjang Branch,Singapore Pools Bukit Panjang BranchBlock 257 Bangkit Road #01-49 Singapore 670257,670257,Branch,7,46,53,matched,1.37850873559017,103.773212348159,257 BANGKIT ROAD BUKIT PANJANG NEIGHBOURHOOD CENTRE SINGAPORE 670257,BUKIT PANJANG,21310.927306273,40054.092188444,OK,0,0,0,0,residential,WEST REGION,36896,0.0
Singapore Pools Bishan N2 Branch,Singapore Pools Bishan N2 BranchBlock 279 Bishan Street 24 #01-52 Singapore 570279,570279,Branch,7,36,43,matched,1.35722283118337,103.843785252615,279 BISHAN STREET 24 SINGAPORE 570279,BISHAN,29164.8201050702,37700.3233195785,OK,0,0,20072,20072,residential,CENTRAL REGION,20072,0.00214229
Singapore Pools Ang Mo Kio N4 Branch,Singapore Pools Ang Mo Kio N4 BranchBlock 447 Ang Mo Kio Avenue 10 #01-1685 Singapore 560447,560447,Branch,7,45,52,matched,1.36750371103856,103.855897952833,447 ANG MO KIO AVENUE 10 LITTLE CHAMPS SCHOOLHOUSE (MONTESSORI) PTE. LTD. SINGAPORE 560447,ANG MO KIO,30512.813386295,38837.139905205,OK,0,0,0,0,residential,NORTH-EAST REGION,51310,0.0
Singapore Pools Anchorvale Road Branch,Singapore Pools Anchorvale Road BranchBlock 308 Anchorvale Road #01-05 Singapore 540308,540308,Branch,7,25,32,matched,1.38955848510235,103.886426650492,308 ANCHORVALE ROAD MULTI STOREY CAR PARK SINGAPORE 540308,SENGKANG,33910.2374374568,41275.8993351981,OK,0,70189,70189,70189,residential,NORTH-EAST REGION,70189,0.00045591
Seah Koon Huat - Bukit Merah View,Seah Koon Huat - Bukit Merah ViewBlock 116 Bukit Merah View #01-233 Singapore 151116,151116,Authorised Retailer,7,29,36,matched,1.28513427067055,103.821532226321,116 BUKIT MERAH VIEW SINGAPORE 151116,BUKIT MERAH,26688.2769996626,29729.1409034245,OK,0,0,0,0,residential,CENTRAL REGION,54157,0.0
Prime Punggol Field,Prime Punggol FieldBlock 108 Punggol Field #01-02 Singapore 820108,820108,Authorised Retailer,7,26,33,matched,1.39649861628108,103.908866307025,108 PUNGGOL FIELD SINGAPORE 820108,PUNGGOL,36407.4559063781,42043.3725142553,OK,0,0,0,0,residential,NORTH-EAST REGION,55811,0.0
NTUC FairPrice Tanjong Pagar Plaza,NTUC FairPrice Tanjong Pagar PlazaBlock 5 Tanjong Pagar Plaza #01-01 Singapore 081005,081005,Authorised Retailer (FairPrice),7,22,29,matched,1.27624052001347,103.843006115698,5 TANJONG PAGAR PLAZA SINGAPORE 081005,OUTRAM,29078.1458873488,28745.7149225492,OK,0,1995,1995,1995,residential,CENTRAL REGION,1995,0.01453634
NTUC FairPrice Bukit Merah Central,NTUC FairPrice Bukit Merah CentralBlock 166 Bukit Merah Central #02-3531 Singapore 150166,150166,Authorised Retailer (FairPrice),7,33,40,matched,1.28309262574973,103.817667202598,166 BUKIT MERAH CENTRAL SINGAPORE 150166,BUKIT MERAH,26258.1306317728,29503.3886602689,OK,0,0,0,0,residential,CENTRAL REGION,54157,0.0
Metro Woodlands,Metro Woodlands1 Woodlands Square #01-18/19 Causeway Point Singapore 738099,738099,Authorised Retailer,7,29,36,matched,1.4360700650803,103.785981524253,1 WOODLANDS SQUARE CAUSEWAY POINT SINGAPORE 738099,WOODLANDS,22732.1066652434,46418.9031902999,OK,0,0,0,70072,residential,NORTH REGION,70072,0.0
Livewire (Resorts World Sentosa),Livewire (Resorts World Sentosa)26 Sentosa Gateway #B1-208 Singapore 098138,098138,,7,35,42,scraped,1.2570386446855,103.822038714405,26 SENTOSA GATEWAY SHOWPLACE (RESORTS WORLD SENTOSA) SINGAPORE 098138,SOUTHERN ISLANDS,26744.6313240752,26622.4717394784,OK,0,0,54157,54157,commercial,CENTRAL REGION,0,0.00077552
Kis Store,Kis StoreBlock 4 Changi Village Road #01-2074 Singapore 500004,500004,Authorised Retailer,7,23,30,matched,1.38909635615366,103.98746284567,4 CHANGI VILLAGE ROAD SINGAPORE 500004,CHANGI,45154.2731120568,41225.2923560701,OK,0,0,0,0,commercial,EAST REGION,0,0.0
Clifford Gift Shop,Clifford Gift ShopBlock 532 Ang Mo Kio Avenue 10 #01-2459 Singapore 560532,560532,Authorised Retailer,7,48,55,matched,1.37380851539559,103.854594160601,532 ANG MO KIO AVENUE 10 CHENG SAN CENTRE SINGAPORE 560532,ANG MO KIO,30367.7107608449,39534.2918106392,OK,0,0,0,0,residential,NORTH-EAST REGION,51310,0.0
Cheers Changi Village Road,Cheers Changi Village RoadBlock 4 Changi Village Road #01-2074 Singapore 500004,500004,Authorised Retailer,7,39,46,matched,1.38909635615366,103.98746284567,4 CHANGI VILLAGE ROAD SINGAPORE 500004,CHANGI,45154.2731120568,41225.2923560701,OK,0,0,0,0,commercial,EAST REGION,0,0.0
7-Eleven Store Owen Road,7-Eleven Store Owen RoadBlock 45 Owen Road #01-295 Singapore 210045,210045,Authorised Retailer (7-Eleven),7,16,23,matched,1.31559567579803,103.850825476141,45 OWEN ROAD SINGAPORE 210045,KALLANG,29948.3486031415,33097.4099246319,OK,0,0,0,1995,residential,CENTRAL REGION,40171,0.0
Xie Sheng Departmental Service Company,Xie Sheng Departmental Service CompanyBlock 632 Bedok Reservoir Road #01-820 Singapore 470632,470632,Authorised Retailer,6,27,33,matched,1.33205094618817,103.914145075793,632 BEDOK RESERVOIR ROAD EUNOS GROVE SINGAPORE 470632,BEDOK,36995.1522448063,34917.0898994226,OK,0,0,0,0,residential,EAST REGION,64415,0.0
Singapore Pools Woodlands N3 Branch,Singapore Pools Woodlands N3 BranchBlock 305 Woodlands Street 31 #01-77 Singapore 730305,730305,Branch,6,47,53,matched,1.43036145835565,103.774102414119,305 WOODLANDS STREET 31 FUCHUN NEIGHBOURHOOD CENTRE SINGAPORE 730305,WOODLANDS,21410.1258405652,45787.7046462931,OK,0,0,0,0,residential,NORTH REGION,70072,0.0
Singapore Pools LOT One Branch,Singapore Pools LOT One Branch21 Choa Chu Kang Avenue 4 #03-09 Lot 1 Shoppers' Mall Singapore 689812,689812,Authorised Retailer (FairPrice),6,21,27,matched,1.38493874036122,103.745022476677,21 CHOA CHU KANG AVENUE 4 CHOA CHU KANG LIBRARY SINGAPORE 689812,CHOA CHU KANG,18173.7710486762,40765.1880696882,OK,0,49026,49026,49026,residential,WEST REGION,49026,0.00055073
Singapore Pools Jurong West N2 Branch,Singapore Pools Jurong West N2 BranchBlock 276 Jurong West Street 25 #01-05 Singapore 640276,640276,Branch,6,16,22,matched,1.35360972722828,103.703730685947,276 JURONG WEST STREET 25 MULTI STOREY CAR PARK SINGAPORE 640276,JURONG WEST,13578.3280039858,37301.1875603851,OK,0,0,0,0,residential,WEST REGION,75206,0.0
Singapore Pools Jurong East Branch,Singapore Pools Jurong East BranchBlock 351 Jurong East Street 31 #01-93 Singapore 600351,600351,Branch,6,45,51,matched,1.34483235593159,103.730778253202,351 JURONG EAST STREET 31 YUHUA PLACE SINGAPORE 600351,JURONG EAST,16588.3801597031,36330.4850594122,OK,0,0,0,0,residential,WEST REGION,24122,0.0
Singapore Pools Hougang N3 Branch,Singapore Pools Hougang N3 BranchBlock 322 Hougang Avenue 5 #01-70 Singapore 530322,530322,Branch,6,23,29,matched,1.36709855359263,103.89697867894,322 HOUGANG AVENUE 5 SINGAPORE 530322,HOUGANG,35084.6077223588,38792.4217136502,OK,0,0,0,57557,residential,NORTH-EAST REGION,57557,0.0
Singapore Pools Gek Poh Shopping Centre (Jurong West N7) Branch,Singapore Pools Gek Poh Shopping Centre (Jurong West N7) Branch762 Jurong West Street 75 #01-338 Gek Poh Shopping Centre Singapore 640762,640762,,6,43,49,scraped,1.34874357136408,103.697732091001,762 JURONG WEST STREET 75 GEK POH SHOPPING CENTRE SINGAPORE 640762,JURONG WEST,12910.7207379946,36763.1478772014,OK,0,0,0,0,residential,WEST REGION,75206,0.0
Singapore Pools Funan Branch,Singapore Pools Funan Branch107 North Bridge Road #B1-02 Funan Singapore 179105,179105,Branch,6,12,18,matched,1.29134759697794,103.849989790085,107 NORTH BRIDGE ROAD FUNAN SINGAPORE 179105,DOWNTOWN CORE,29855.3625422399,30416.1814862192,OK,0,1995,3990,7980,residential,CENTRAL REGION,1995,0.00451128
Singapore Pools Circuit Road 64 Branch,Singapore Pools Circuit Road 64 BranchBlock 64 Circuit Road #01-355 Singapore 370064,370064,Branch,6,14,20,matched,1.32698404492367,103.887148432844,64 CIRCUIT ROAD SINGAPORE 370064,GEYLANG,33990.7164950753,34356.7356295306,OK,0,0,31514,31514,residential,CENTRAL REGION,31514,0.00063464
Singapore Pools Bukit Batok Central Branch,Singapore Pools Bukit Batok Central BranchBlock 642 Bukit Batok Central #01-54/56 (part of) Singapore 650642,650642,Branch,6,50,56,matched,1.34900647948549,103.751706683374,642 BUKIT BATOK CENTRAL SINGAPORE 650642,BUKIT BATOK,18917.5034136316,36791.9509207737,OK,0,0,45585,45585,residential,WEST REGION,45585,0.00122847
Singapore Pools Ang Mo Kio N6 Branch,Singapore Pools Ang Mo Kio N6 BranchBlock 630 Ang Mo Kio Avenue 4 #01-968 Singapore 560630,560630,Branch,6,38,44,matched,1.38054138917049,103.841068277331,630 ANG MO KIO AVENUE 4 YIO CHU KANG VIEW SINGAPORE 560630,ANG MO KIO,28862.4437649706,40278.7696457673,OK,0,51310,51310,51310,residential,NORTH-EAST REGION,51310,0.00085753
NTUC FairPrice Yishun Ring Road,NTUC FairPrice Yishun Ring RoadBlock 849 Yishun Ring Road #01-3701/3703 Singapore 760849,760849,Authorised Retailer (FairPrice),6,30,36,matched,1.4169831658118,103.835218177871,849 YISHUN RING ROAD MLC (YISHUN) PTE. LTD. SINGAPORE 760849,YISHUN,28211.3982013613,44308.315505242,OK,65614,65614,65614,65614,residential,NORTH REGION,65614,0.00054866
NTUC FairPrice Serangoon North Avenue 1,NTUC FairPrice Serangoon North Avenue 1Block 152B Serangoon North Avenue 1 #01-384 Singapore 552152,552152,Authorised Retailer (FairPrice),6,32,38,matched,1.36979940374161,103.87303579046,152B SERANGOON NORTH AVENUE 1 SINGAPORE 552152,SERANGOON,32420.0451081926,39091.0107117519,OK,0,0,21632,21632,residential,NORTH-EAST REGION,21632,0.00175666
NTUC FairPrice Havelock Road,NTUC FairPrice Havelock RoadBlock 50 Havelock Road #01-755 Singapore 160050,160050,Authorised Retailer (FairPrice),6,10,16,matched,1.28977813992267,103.826793758887,50 HAVELOCK ROAD MY FIRST SKOOL SINGAPORE 160050,BUKIT MERAH,27273.843107665,30242.6338874418,OK,0,0,0,1995,residential,CENTRAL REGION,54157,0.0
NTUC FairPrice Changi Business Park,NTUC FairPrice Changi Business Park8 Changi Business Park Avenue 1 #01-51/#02-51 Singapore 486018,486018,Authorised Retailer (FairPrice),6,23,29,matched,1.33491977663975,103.963653900382,8 CHANGI BUSINESS PARK AVENUE 1 CHANGI LINK @ ESR BIZPARK @ CHANGI SINGAPORE 486018,TAMPINES,42504.9627770297,35234.5472926777,OK,75342,75342,75342,75342,residential,EAST REGION,75342,0.00038491
Ng Nam Thye Trading - Taman Jurong,Ng Nam Thye Trading - Taman Jurong399 Yung Sheng Road #01-07 Taman Jurong Shopping Centre Singapore 610399,610399,Authorised Retailer,6,27,33,matched,1.3350420286067,103.72026802061,399 YUNG SHENG ROAD IMAN CHILDCARE (JURONG) PTE. LTD. SINGAPORE 610399,JURONG WEST,15418.6544969035,35247.9702959526,OK,0,0,0,0,residential,WEST REGION,75206,0.0
Li Thoe Trading,Li Thoe TradingBlock 119 Aljunied Avenue 2 #01-78 Singapore 380119,380119,Authorised Retailer,6,32,38,matched,1.32012887290025,103.886058091225,119 ALJUNIED AVENUE 2 SINGAPORE 380119,GEYLANG,33869.3886141358,33598.7229509298,OK,31514,31514,31514,31514,residential,CENTRAL REGION,31514,0.00120581
Li Li Cheng Supermarket (Punggol) Pte Ltd,Li Li Cheng Supermarket (Punggol) Pte LtdBlock 273C Punggol Place #01-884 Singapore 823273,823273,Authorised Retailer,6,23,29,matched,1.40230301367166,103.901262391698,273C PUNGGOL PLACE PUNGGOL REGALIA SINGAPORE 823273,PUNGGOL,35561.2224068912,42685.1680306997,OK,0,0,0,0,residential,NORTH-EAST REGION,55811,0.0
Cold Storage Compass One,Cold Storage Compass One1 Sengkang Square #B1-25 Compass One Singapore 545078,545078,Authorised Retailer,6,39,45,matched,1.39193355469474,103.895026387256,1 SENGKANG SQUARE SENGKANG LIBRARY SINGAPORE 545078,SENGKANG,34867.2697365321,41538.545889603,OK,0,0,0,0,residential,NORTH-EAST REGION,70189,0.0
Chua Yan Kee,Chua Yan KeeBlk 49 Tanglin Halt Road #01-349 Singapore 142049,142049,,6,8,14,scraped,1.3004269308691,103.797359760167,49 TANGLIN HALT ROAD SINGAPORE 142049,QUEENSTOWN,23998.1064000167,31420.1498633567,OK,0,0,0,36378,residential,CENTRAL REGION,36378,0.0
Chng Siow Eng Agency,Chng Siow Eng Agency625 Elias Road #01-314 Elias Mall Singapore 510625,510625,Authorised Retailer,6,26,32,matched,1.37860239032585,103.941978177673,625 ELIAS ROAD CHERIE HEARTS KIDZ CAMPUS PTE. LTD. SINGAPORE 510625,PASIR RIS,40092.46070184,40064.6394003183,OK,0,0,0,29654,residential,EAST REGION,29654,0.0
Cheng Tai Boon Beng,Cheng Tai Boon Beng150 Orchard Road #01-63 Orchard Plaza Singapore 238841,238841,Authorised Retailer,6,21,27,matched,1.30125729409965,103.841150144584,150 ORCHARD ROAD ORCHARD PLAZA SINGAPORE 238841,ORCHARD,28871.5825470258,31511.9399756845,OK,0,0,3990,5985,commercial,CENTRAL REGION,0,0.00676692
Cheng Chew Wah Agency - Marine Terrace,Cheng Chew Wah Agency - Marine TerraceBlock 58 Marine Terrace #01-47 Singapore 440058,440058,Authorised Retailer,6,26,32,matched,1.30611781253448,103.914026029355,58 MARINE TERRACE MARINE TERRACE HAVEN SINGAPORE 440058,MARINE PARADE,36981.9965683632,32049.5338720065,OK,0,0,0,0,residential,CENTRAL REGION,7857,0.0
7-Eleven Store McCallum Street,7-Eleven Store McCallum Street3 McCallum Street Singapore 069044,069044,Authorised Retailer (7-Eleven),6,37,43,matched,1.27968475844532,103.847576349037,3 MCCALLUM STREET TELOK AYER CONSERVATION AREA SINGAPORE 069044,OUTRAM,29586.7744734352,29126.563371338,OK,0,1995,3990,3990,residential,CENTRAL REGION,1995,0.01077694
Wong Teck Chow Enterprise (Private) Limited,Wong Teck Chow Enterprise (Private) Limited390 Victoria Street #01-33 Village Hotel Bugis Singapore 188061,188061,Authorised Retailer,5,5,10,matched,1.30197196437956,103.857804288546,390 VICTORIA STREET THE GOLDEN LANDMARK SINGAPORE 188061,ROCHOR,30725.0377778802,31590.9764006641,OK,0,0,1995,44161,residential,CENTRAL REGION,1995,0.00501253
U Stars Sumang Walk,U Stars Sumang WalkBlock 218 Sumang Walk #01-01 Singapore 820218,820218,,5,2,7,scraped,1.40322712524584,103.89538702242,218 SUMANG WALK MATILDA PORTICO SINGAPORE 820218,PUNGGOL,34907.3707287796,42787.3335235603,OK,0,0,0,0,residential,NORTH-EAST REGION,55811,0.0
Tuck Lee Long,Tuck Lee LongBlock 159 Ang Mo Kio Avenue 4 #01-536 Singapore 560159,560159,Authorised Retailer,5,23,28,matched,1.37479893193043,103.839858129785,159 ANG MO KIO AVENUE 4 SINGAPORE 560159,ANG MO KIO,28727.7713353699,39643.7975014262,OK,51310,51310,51310,51310,residential,NORTH-EAST REGION,51310,0.0005457
Tay Ah Tho Trading,Tay Ah Tho Trading768 Woodlands Avenue 6 #01-21 Woodlands Mart Singapore 730768,730768,Authorised Retailer,5,25,30,matched,1.44571784134906,103.798166316676,768 WOODLANDS AVENUE 6 CENTRAL 24-HR CLINIC (WOODLANDS) SINGAPORE 730768,WOODLANDS,24088.1051925337,47485.6815684885,OK,0,0,0,0,residential,NORTH REGION,70072,0.0
Tan Kai Huat Provision Shop,Tan Kai Huat Provision ShopBlock 123 Hougang Avenue 1 #01-1408 Singapore 530123,530123,Authorised Retailer,5,17,22,matched,1.35338313924634,103.88625894527,123 HOUGANG AVENUE 1 SINGAPORE 530123,HOUGANG,33891.6624601372,37275.8115184642,OK,0,0,57557,57557,residential,NORTH-EAST REGION,57557,0.00038223
Singapore Pools Sim Lim Square Branch,Singapore Pools Sim Lim Square Branch1 Rochor Canal Road #B1-37 Sim Lim Square Singapore 188504,188504,Branch,5,28,33,matched,1.3030242605718,103.853037814067,1 ROCHOR CANAL ROAD SIM LIM SQUARE SINGAPORE 188504,ROCHOR,30194.5713863662,31707.3292541914,OK,1995,1995,3990,3990,residential,CENTRAL REGION,1995,0.00827068
Singapore Pools Silat Avenue Branch,Singapore Pools Silat Avenue BranchBlock 150 Silat Avenue #01-42 Singapore 160150,160150,Branch,5,13,18,matched,1.27707706824333,103.831425856916,150 SILAT AVENUE SINGAPORE 160150,BUKIT MERAH,27789.3550872682,28838.2141532004,OK,0,0,0,1995,residential,CENTRAL REGION,54157,0.0
Singapore Pools Siglap Branch,Singapore Pools Siglap Branch697B East Coast Road Singapore 459060,459060,Branch,5,19,24,matched,1.31205682541822,103.922171053658,697D EAST COAST ROAD FRANKEL ESTATE SINGAPORE 459060,BEDOK,37888.4402609766,32706.2707245927,OK,0,0,0,64415,residential,EAST REGION,64415,0.0
Singapore Pools Chinatown Point Branch,Singapore Pools Chinatown Point Branch133 New Bridge Road #B1-06 Chinatown Point  Singapore 059413,059413,Branch,5,77,82,matched,1.28533894878838,103.845015574621,133 NEW BRIDGE ROAD CHINATOWN LIBRARY SINGAPORE 059413,OUTRAM,29301.778130658,29751.7730920855,OK,1995,1995,3990,5985,residential,CENTRAL REGION,1995,0.02055138
Singapore Pools Chin Swee Branch,Singapore Pools Chin Swee BranchBlock 52 Chin Swee Road #01-65/69 Singapore 160052,160052,Branch,5,19,24,matched,1.28708278284998,103.841580109275,52 CHIN SWEE ROAD SINGAPORE 160052,OUTRAM,28919.4388323296,29944.5957666449,OK,0,1995,1995,5985,residential,CENTRAL REGION,1995,0.01203008
Singapore Pools Cheong Chin Nam Road Branch,Singapore Pools Cheong Chin Nam Road Branch5 Cheong Chin Nam Road Singapore 599730,599730,Branch,5,26,31,matched,1.34248911530733,103.775237429914,5 CHEONG CHIN NAM ROAD SINGAPORE 599730,BUKIT TIMAH,21536.1978042005,36071.2185610179,OK,0,0,0,0,residential,CENTRAL REGION,2554,0.0
Singapore Pools Beo Crescent Branch,Singapore Pools Beo Crescent BranchBlock 36 Beo Crescent #01-45 Singapore 160036,160036,Branch,5,25,30,matched,1.28835977080873,103.827056911096,36 BEO CRESCENT CS MONTESSORI KINDERGARTEN @ TIONG BAHRU SINGAPORE 160036,BUKIT MERAH,27303.1293190625,30085.7978781052,OK,0,0,0,1995,residential,CENTRAL REGION,54157,0.0
Sheng Siong Junction 9,Sheng Siong Junction 918 Yishun Avenue 9 #02-05 to #02-10 Junction 9 Singapore 768897,768897,Authorised Retailer,5,15,20,matched,1.4331228398318,103.84166098599,18 YISHUN AVENUE 9 JUNCTION NINE SINGAPORE 768897,YISHUN,28928.3840203611,46092.960954776,OK,0,0,0,0,residential,NORTH REGION,65614,0.0
Prime Chai Chee Road,Prime Chai Chee RoadBlock 25A Chai Chee Road #01-459 Singapore 461025,461025,Authorised Retailer,5,16,21,matched,1.32328959946584,103.924149636877,25A CHAI CHEE ROAD SINGAPORE 461025,BEDOK,38108.5927758049,33948.3426496629,OK,0,0,0,64415,residential,EAST REGION,64415,0.0
Overseas Emporium (Private) Limited,Overseas Emporium (Private) Limited1 Park Road #02-70 People's Park Complex Singapore 059108,059108,Authorised Retailer,5,30,35,matched,1.28413397178419,103.842519972666,1 PARK ROAD PEOPLE'S PARK COMPLEX SINGAPORE 059108,OUTRAM,29024.0389001919,29618.5318235587,OK,1995,1995,1995,3990,residential,CENTRAL REGION,1995,0.01754386
OCN (Singapore) Pte Ltd,OCN (Singapore) Pte LtdBlock 501 West Coast Drive #01-266 Singapore 120501,120501,Authorised Retailer,5,34,39,matched,1.31231254760543,103.759312529215,501 WEST COAST DRIVE SINGAPORE 120501,CLEMENTI,19763.8282618942,32734.4935309179,OK,0,26730,26730,26730,residential,WEST REGION,26730,0.00145903
NTUC FairPrice Xpress Macpherson Road,NTUC FairPrice Xpress Macpherson Road110 MacPherson Road ExxonMobil Singapore 348501,348501,Authorised Retailer (FairPrice),5,26,31,matched,1.32869206523005,103.872188869956,110 MACPHERSON ROAD ESSO MACPHERSON SINGAPORE 348501,GEYLANG,32325.8656714968,34545.5686206203,OK,0,0,0,0,residential,CENTRAL REGION,31514,0.0
NTUC FairPrice Marsiling MRT Station,NTUC FairPrice Marsiling MRT Station71 Woodlands Avenue 3 #01-01 Marsiling MRT Singapore 739044,739044,Authorised Retailer (FairPrice),5,24,29,matched,1.43252114855026,103.774074641403,71 WOODLANDS AVENUE 3 MARSILING MRT STATION (NS8) SINGAPORE 739044,WOODLANDS,21407.0413211482,46026.5125302058,OK,0,0,0,0,residential,NORTH REGION,70072,0.0
NTUC FairPrice Lorong 4 Toa Payoh,NTUC FairPrice Lorong 4 Toa PayohBlock 192 Lorong 4 Toa Payoh #01-670/672 Singapore 310192,310192,Authorised Retailer (FairPrice),5,20,25,matched,1.33166814812852,103.850487239503,192 LORONG 4 TOA PAYOH SINGAPORE 310192,TOA PAYOH,29910.6938390704,34874.6212546844,OK,0,0,0,42185,residential,CENTRAL REGION,42185,0.0
NTUC FairPrice Joo Koon,NTUC FairPrice Joo Koon1 Joo Koon Circle #03-21 Fairprice Hub Singapore 629117,629117,Authorised Retailer (FairPrice),5,23,28,matched,1.32561767765205,103.678409741897,1 JOO KOON CIRCLE FAIRPRICE HUB SINGAPORE 629117,PIONEER,10760.1903017079,34206.1238678284,OK,0,0,0,0,commercial,WEST REGION,0,0.0
NTUC FairPrice Jem,NTUC FairPrice Jem50 Jurong Gateway Road #B1-21/22 Jem Singapore 608549,608549,Authorised Retailer (FairPrice),5,52,57,matched,1.33329334473462,103.743278742341,50 JURONG GATEWAY ROAD JEM SINGAPORE 608549,JURONG EAST,17979.5026238747,35054.5037911125,OK,0,0,0,0,residential,WEST REGION,24122,0.0
NTUC FairPrice Boon Lay Place,NTUC FairPrice Boon Lay Place221 Boon Lay Place #02-200 Boon Lay Shopping Complex Singapore 640221,640221,Authorised Retailer (FairPrice),5,46,51,matched,1.34633552457315,103.712430373455,221 BOON LAY PLACE BOON LAY SHOPPING CENTRE SINGAPORE 640221,JURONG WEST,14546.4666856667,36496.7915879078,OK,0,0,0,75206,residential,WEST REGION,75206,0.0
Nel's Store,Nel's StoreBlock 741 Bedok Reservoir Road #01-3073 Singapore 470741,470741,Authorised Retailer,5,14,19,matched,1.33773088769346,103.922272109998,741 BEDOK RESERVOIR ROAD RESERVOIR VILLAGE SINGAPORE 470741,BEDOK,37899.5849931166,35545.180647932,OK,0,0,0,0,residential,EAST REGION,64415,0.0
Nalayanee Trading Enterprise,Nalayanee Trading Enterprise127 Upper Paya Lebar Road Singapore 534839,534839,Authorised Retailer,5,17,22,matched,1.33843759646141,103.886437101573,127 UPPER PAYA LEBAR ROAD SINGAPORE 534839,TOA PAYOH,33911.5252190921,35623.2095122691,OK,0,0,0,0,residential,CENTRAL REGION,42185,0.0
Lucky Hill,Lucky HillBlock 112 Bukit Purmei Road #01-209 Singapore 090112,090112,,5,14,19,scraped,1.27446978398017,103.825878114028,112 BUKIT PURMEI ROAD P.A.W.(PEOPLE ANIMAL WELLNESS) VETERINARY SINGAPORE 090112,BUKIT MERAH,27171.9347110586,28549.9152707197,OK,0,0,0,54157,residential,CENTRAL REGION,54157,0.0
Kim Chwee Trading,Kim Chwee TradingBlock 256 Jurong East Street 24 #01-385 Singapore 600256,600256,Authorised Retailer,5,23,28,matched,1.34416527251747,103.738263367232,256 JURONG EAST STREET 24 SINGAPORE 600256,JURONG EAST,17421.3896376407,36256.6885672398,OK,0,0,0,0,residential,WEST REGION,24122,0.0
Hin Teck Leong Trading Company - Rowell Road,Hin Teck Leong Trading Company - Rowell RoadBlock 640 Rowell Road #01-68 Singapore 200640,200640,,5,18,23,scraped,1.30743547948389,103.854713903431,640 ROWELL ROAD SINGAPORE 200640,ROCHOR,30381.1007417506,32195.1006872542,OK,0,1995,1995,44161,residential,CENTRAL REGION,1995,0.01152882
Giant Parkway Parade,Giant Parkway Parade80 Marine Parade Rd Parkway Parade #03-27/30 Singapore 449269,449269,Authorised Retailer (FairPrice),5,16,21,matched,1.301041960873,103.905505005847,80 MARINE PARADE ROAD MARINE PARADE POST OFFICE SINGAPORE 449269,MARINE PARADE,36033.7006082321,31488.2430501617,OK,0,0,7857,7857,residential,CENTRAL REGION,7857,0.00267278
Everstream Trading,Everstream TradingBlock 283 Bukit Batok East Avenue 3 #01-281 Singapore 650283,650283,Authorised Retailer,5,49,54,matched,1.34694365753899,103.757539380939,283 BUKIT BATOK EAST AVENUE 3 GOMBAK PLACE SINGAPORE 650283,BUKIT BATOK,19566.6110998513,36563.833416298,OK,0,0,45585,45585,residential,WEST REGION,45585,0.0011846
Dawn Florist,Dawn Florist21 Hougang Street 51 #01-04A Hougang Green Shopping Mall Singapore 538719,538719,Authorised Retailer,5,23,28,matched,1.37924528796406,103.887832026893,21 HOUGANG STREET 51 MONTE KIDZ WORLD (HOUGANG) SINGAPORE 538719,HOUGANG,34066.6637999034,40135.5213883389,OK,0,0,0,0,residential,NORTH-EAST REGION,57557,0.0
Cold Storage Northpoint,Cold Storage Northpoint930 Yishun Ave 2 #B1-09/12 Northpoint Shopping Centre Singapore 769098,769098,Branch,5,25,30,matched,1.42969848626288,103.835776491468,930 YISHUN AVENUE 2 NORTHPOINT CITY SINGAPORE 769098,YISHUN,28273.5290191257,45714.3116263431,OK,0,0,0,0,residential,NORTH REGION,65614,0.0
Chuan Hao Departmental Store,Chuan Hao Departmental StoreBlock 19A Dover Crescent #01-04 Singapore 131019,131019,Authorised Retailer,5,8,13,matched,1.30735380231593,103.78454843987,19A DOVER CRESCENT MULTI STOREY CAR PARK SINGAPORE 131019,QUEENSTOWN,22572.3360538119,32186.1118527893,OK,0,0,36378,36378,residential,CENTRAL REGION,36378,0.00035736
Cheers New Upper Changi Road,Cheers New Upper Changi RoadBlock 59 New Upper Changi Road #01-1272 Singapore 461059,462026,Branch,5,21,26,matched,1.3233383625591,103.934207271148,26 NEW UPPER CHANGI ROAD SINGAPORE 462026,BEDOK,39227.9082619073,33953.7778714988,OK,0,0,64415,64415,residential,EAST REGION,64415,0.00040363
Cheers Haig Road,Cheers Haig RoadBlock 12 Haig Road #01-333/335 Singapore 430012,430012,,5,16,21,scraped,1.31561468089698,103.896129520656,12 HAIG ROAD HAIG VIEW SINGAPORE 430012,GEYLANG,34990.2525800169,33099.5925186686,OK,0,0,0,31514,residential,CENTRAL REGION,31514,0.0
Afro Asia Co Pte Ltd,Afro Asia Co Pte LtdBlock 604 Yishun Street 61 #01-323 Singapore 760604,760604,Authorised Retailer,5,19,24,matched,1.42171348124463,103.83554529409,604 YISHUN STREET 61 NEE SOON CENTRAL MEADOWS SINGAPORE 760604,YISHUN,28247.8010513587,44831.3699637074,OK,0,65614,65614,65614,residential,NORTH REGION,65614,0.00036578
7-Eleven Store Sixth Avenue,7-Eleven Store Sixth Avenue6 Sixth Avenue Singapore 276472,276472,Authorised Retailer (7-Eleven),5,14,19,matched,1.33109923987903,103.795114609687,6 SIXTH AVENUE SINGAPORE 276472,BUKIT TIMAH,23748.2932285639,34811.7406081595,OK,0,0,2554,2554,residential,CENTRAL REGION,2554,0.00743931
7-Eleven Store Choa Chu Kang Drive,7-Eleven Store Choa Chu Kang DriveBlock 689B Choa Chu Kang Drive #01-306 Singapore 682689,682689,Authorised Retailer (7-Eleven),5,26,31,matched,1.40313482841143,103.749793059631,689B CHOA CHU KANG DRIVE SINGAPORE 682689,CHOA CHU KANG,18704.747788664,42777.2021937817,OK,0,0,0,0,residential,WEST REGION,49026,0.0
7-Eleven Store Changi Road,7-Eleven Store Changi Road38A Changi Road Singapore 419701,419701,Authorised Retailer (7-Eleven),5,19,24,matched,1.31621766760551,103.898830016087,38 CHANGI ROAD SINGAPORE 419701,GEYLANG,35290.7900795704,33166.2754595764,OK,0,0,0,31514,residential,CENTRAL REGION,31514,0.0
Yeo Soon Huat,Yeo Soon HuatBlk 70 Lor 4 Toa Payoh #01-347  Singapore 310070,310070,Authorised Retailer,4,9,13,matched,1.33444874946936,103.852333287558,70 LORONG 4 TOA PAYOH TOA PAYOH VISTA SINGAPORE 310070,TOA PAYOH,30116.1374758715,35182.0874286592,OK,0,0,0,42185,residential,CENTRAL REGION,42185,0.0
U Stars Keat Hong Link,U Stars Keat Hong LinkBlock 817 Keat Hong Link #01-14 Singapore 680817,680817,Authorised Retailer,4,7,11,matched,1.37754385007462,103.749700036701,817 KEAT HONG LINK KEAT HONG MIRAGE SINGAPORE 680817,CHOA CHU KANG,18694.2953761145,39947.4789061807,OK,0,0,0,49026,residential,WEST REGION,49026,0.0
Teo Khar Bee Agency,Teo Khar Bee AgencyBlk 84 Redhill Lane #01-356 Singapore 150084,150084,Authorised Retailer,4,26,30,matched,1.28708575062296,103.818851050403,84 REDHILL LANE SINGAPORE 150084,BUKIT MERAH,26389.8856514953,29944.9270194583,OK,0,0,0,0,residential,CENTRAL REGION,54157,0.0
Tan Ah Leck Trading - Bukit Batok Street 11,Tan Ah Leck Trading - Bukit Batok Street 11Block 151 Bukit Batok Street 11 #01-254 Singapore 650151,650151,Authorised Retailer,4,29,33,matched,1.34874703502592,103.744211483999,151 BUKIT BATOK STREET 11 SINGAPORE 650151,BUKIT BATOK,18083.3693590276,36763.2921041436,OK,0,0,0,45585,residential,WEST REGION,45585,0.0
Springdale Garments Co,Springdale Garments CoBlock 408 Ang Mo Kio Avenue 10 #01-795 Singapore 560408,560408,Authorised Retailer,4,43,47,matched,1.36209053459188,103.854587757902,408 ANG MO KIO AVENUE 10 TECK GHEE SQUARE SINGAPORE 560408,ANG MO KIO,30367.0096938061,38238.5770579427,OK,0,0,0,0,residential,NORTH-EAST REGION,51310,0.0
Singapore Pools Yishun N2 Branch,Singapore Pools Yishun N2 BranchBlock 256 Yishun Ring Road #01-1001 Singapore 760256,760256,Branch,4,30,34,matched,1.43409342098238,103.839979155802,256 YISHUN RING ROAD YISHUN SUNSHINE SINGAPORE 760256,YISHUN,28741.2213982223,46200.2823262513,OK,0,0,0,0,residential,NORTH REGION,65614,0.0
Singapore Pools Teban Gardens Branch,Singapore Pools Teban Gardens BranchBlock 37 Teban Gardens Road #01-308 Singapore 600037,600037,Branch,4,24,28,matched,1.32053143645806,103.742652199249,37 TEBAN GARDENS ROAD SINGAPORE 600037,JURONG EAST,17909.7231168924,33643.3582082093,OK,0,0,0,0,residential,WEST REGION,24122,0.0
Singapore Pools Jalan Tiga Branch,Singapore Pools Jalan Tiga BranchBlock 43 Jalan Tiga #01-08 Singapore 390043,390043,Branch,4,42,46,matched,1.30813368626522,103.884729523853,43 JALAN TIGA PINE GREEN SINGAPORE 390043,GEYLANG,33721.5593881765,32272.3532383442,OK,0,0,0,31514,residential,CENTRAL REGION,31514,0.0
Singapore Pools Ghim Moh Branch,Singapore Pools Ghim Moh BranchBlock 21 Ghim Moh Road #01-161 Singapore 270021,270021,Branch,4,28,32,matched,1.31010302594118,103.788545950724,21 GHIM MOH ROAD SINGAPORE 270021,QUEENSTOWN,23017.2274397025,32490.0986614991,OK,0,0,0,36378,residential,CENTRAL REGION,36378,0.0
Singapore Pools Geylang Bahru Branch,Singapore Pools Geylang Bahru BranchBlock 57 Geylang Bahru #01-3503 Singapore 330057,330057,Branch,4,19,23,matched,1.32353780675049,103.86914775647,57 GEYLANG BAHRU GEYLANG BAHRU VILLE SINGAPORE 330057,KALLANG,31987.4290544391,33975.6319308337,OK,0,0,0,40171,residential,CENTRAL REGION,40171,0.0
Singapore Pools Circuit Road 88 Branch,Singapore Pools Circuit Road 88 BranchBlock 88 Circuit Road #01-961 Singapore 370088,370088,Branch,4,26,30,matched,1.32354065999154,103.885851746701,88 CIRCUIT ROAD SINGAPORE 370088,GEYLANG,33846.4165160181,33975.9805272035,OK,31514,31514,31514,31514,residential,CENTRAL REGION,31514,0.00095196
Singapore Pools Bukit Gombak Branch,Singapore Pools Bukit Gombak BranchBlock 374 Bukit Batok Street 31 #01-170 Singapore 650374,650374,Branch,4,34,38,matched,1.35798291106742,103.750736425731,374 BUKIT BATOK STREET 31 SINGAPORE 650374,BUKIT BATOK,18809.5582492808,37784.5235836506,OK,0,0,45585,45585,residential,WEST REGION,45585,0.00083361
Singapore Pools Bedok North Branch,Singapore Pools Bedok North BranchBlock 509 Bedok North Street 3 #01-129 Singapore 460509,460509,Branch,4,27,31,matched,1.33317541870197,103.931265025162,509 BEDOK NORTH STREET 3 SINGAPORE 460509,BEDOK,38900.4221170712,35041.4975779746,OK,0,0,0,0,residential,EAST REGION,64415,0.0
Sheng Siong Tanglin Halt Road,Sheng Siong Tanglin Halt RoadBlock 88 Tanglin Halt Road #01-10 Singapore 141088,141088,Authorised Retailer,4,22,26,matched,1.30178506364186,103.798226442608,88 TANGLIN HALT ROAD CARE CORNER FAMILY SERVICE CENTRE (QUEENSTOWN) SINGAPORE 141088,QUEENSTOWN,24094.5624733763,31570.3238592092,OK,0,0,0,36378,residential,CENTRAL REGION,36378,0.0
Sheng Moh Fruits & Provision Store,Sheng Moh Fruits & Provision Store29 Jalan Mas Puteh Singapore 128632,128632,Authorised Retailer,4,13,17,matched,1.30836839483661,103.762107951222,29 JALAN MAS PUTEH PASIR PANJANG GARDENS SINGAPORE 128632,CLEMENTI,20074.9199954933,32298.3600347769,OK,0,26730,26730,26730,residential,WEST REGION,26730,0.00063599
Prime Keat Hong,Prime Keat HongBlock 253 Choa Chu Kang Avenue 1 #B1-07 to 10 Singapore 680253,680253,Authorised Retailer,4,20,24,matched,1.37677749544409,103.744548948082,253 CHOA CHU KANG AVENUE 1 CHOA CHU KANG MARKET SINGAPORE 680253,CHOA CHU KANG,18121.0396203063,39862.7599396724,OK,0,0,0,49026,residential,WEST REGION,49026,0.0
NTUC FairPrice Yung Kuang Road,NTUC FairPrice Yung Kuang RoadBlock 63-66 Yung Kuang Road #01-119/#02-119 Singapore 610063,610063,,4,15,19,scraped,1.33221936370928,103.722686866956,63 YUNG KUANG ROAD SINGAPORE 610063,JURONG WEST,15687.8331243386,34935.841641767,OK,0,0,0,0,residential,WEST REGION,75206,0.0
NTUC FairPrice Yew Tee Point,NTUC FairPrice Yew Tee Point21 Choa Chu Kang North 6 #B1-01 to 07 Yew Tee Point Singapore 689578,689578,Authorised Retailer (FairPrice),4,34,38,matched,1.39696992267974,103.746443198224,21 CHOA CHU KANG NORTH 6 YEWTEE POINT SINGAPORE 689578,CHOA CHU KANG,18331.928316039,42095.5309091564,OK,0,0,49026,49026,residential,WEST REGION,49026,0.0007751
NTUC FairPrice Woodlands Civic Centre,NTUC FairPrice Woodlands Civic Centre900 South Woodlands Drive #B1-01 Woodlands Civic Centre Singapore 730900,730900,Authorised Retailer (FairPrice),4,30,34,matched,1.43505698925938,103.787004308703,900 SOUTH WOODLANDS DRIVE CPF WOODLANDS SERVICE CENTRE SINGAPORE 730900,WOODLANDS,22845.924756743,46306.879990235,OK,0,0,0,0,residential,NORTH REGION,70072,0.0
NTUC FairPrice Thomson Plaza,NTUC FairPrice Thomson Plaza301 Upper Thomson Road #03-36/37 Thomson Plaza Singapore 574408,574408,Authorised Retailer (FairPrice),4,37,41,matched,1.35466902496424,103.830919782333,301 UPPER THOMSON ROAD THOMSON PLAZA SINGAPORE 574408,BISHAN,27733.0413219538,37417.9340793099,OK,0,20072,20072,20072,residential,CENTRAL REGION,20072,0.00204265
NTUC FairPrice Tampines Street 83,NTUC FairPrice Tampines Street 83866A Tampines Street 83 #01-K1 Tampines Central Community Complex Singapore 521866,521866,Authorised Retailer (FairPrice),4,21,25,matched,1.35536454193962,103.934477898052,866A TAMPINES STREET 83 TAMPINES CENTRAL COMMUNITY COMPLEX SINGAPORE 521866,TAMPINES,39257.8802550118,37495.0756679717,OK,0,0,0,0,residential,EAST REGION,75342,0.0
NTUC FairPrice Tampines Street 44,NTUC FairPrice Tampines Street 44Block 475 Tampines Street 44 #01-145 Singapore 520475,520475,Authorised Retailer (FairPrice),4,15,19,matched,1.36032331939995,103.953129640464,475 TAMPINES STREET 44 SINGAPORE 520475,TAMPINES,41333.5824240958,38043.4878562279,OK,0,0,0,0,residential,EAST REGION,75342,0.0
NTUC FairPrice Rivervale Mall,NTUC FairPrice Rivervale Mall11 Rivervale Crescent #03-01 Rivervale Mall Singapore 545082,545082,Authorised Retailer (FairPrice),4,13,17,matched,1.39219777838449,103.904471600025,11 RIVERVALE CRESCENT RIVERVALE MALL SINGAPORE 545082,SENGKANG,35918.3976602554,41567.7920261901,OK,0,0,0,0,residential,NORTH-EAST REGION,70189,0.0
NTUC FairPrice Punggol Oasis Terraces,NTUC FairPrice Punggol Oasis Terraces681 Punggol Drive #B1-01 Oasis Terraces Singapore 820681,820681,Authorised Retailer (FairPrice),4,20,24,matched,1.40259581502678,103.912962428692,681 PUNGGOL DRIVE NKF DIALYSIS CENTRE SINGAPORE 820681,PUNGGOL,36863.2770914566,42717.5855860859,OK,0,0,0,55811,residential,NORTH-EAST REGION,55811,0.0
NTUC FairPrice Parkway Parade,NTUC FairPrice Parkway Parade80 Marine Parade Road #03-28 Parkway Parade Singapore 449269,449269,Authorised Retailer (FairPrice),4,25,29,matched,1.301041960873,103.905505005847,80 MARINE PARADE ROAD MARINE PARADE POST OFFICE SINGAPORE 449269,MARINE PARADE,36033.7006082321,31488.2430501617,OK,0,0,7857,7857,residential,CENTRAL REGION,7857,0.00369098
NTUC FairPrice Marine Parade Central,NTUC FairPrice Marine Parade Central6 Marine Parade Central Singapore 449411,449411,Authorised Retailer (FairPrice),4,12,16,matched,1.30134714783304,103.907183612906,6 MARINE PARADE CENTRAL SINGAPORE 449411,MARINE PARADE,36220.5136048924,31521.9944853205,OK,0,0,0,7857,residential,CENTRAL REGION,7857,0.0
NTUC FairPrice Limbang Shopping Centre,NTUC FairPrice Limbang Shopping Centre533 Choa Chu Kang Street 51 #01-01 Limbang Shopping Centre Singapore 680533,680533,Authorised Retailer (FairPrice),4,20,24,matched,1.39206782341869,103.743102282335,533 CHOA CHU KANG STREET 51 LIMBANG SHOPPING CENTRE SINGAPORE 680533,CHOA CHU KANG,17960.1078382162,41553.4949440826,OK,0,49026,49026,49026,residential,WEST REGION,49026,0.00048954
NTUC FairPrice E!Hub @ Downtown East,NTUC FairPrice E!Hub @ Downtown East1 Pasir Ris Close #02-127 E! Hub @ Downtown East Singapore 519599,519599,Authorised Retailer (FairPrice),4,15,19,matched,1.3766980678365,103.95514122442,1 PASIR RIS CLOSE ACES MONTESSORI KIDZ KINDERGARTEN SINGAPORE 519599,PASIR RIS,41557.3568058563,39854.1394968368,OK,0,29654,29654,29654,residential,EAST REGION,29654,0.00064072
NTUC FairPrice Clementi Avenue 2,NTUC FairPrice Clementi Avenue 2Block 352 Clementi Avenue 2 #01-141/143 Singapore 120352,120352,Authorised Retailer (FairPrice),4,19,23,matched,1.31427860227337,103.771350557894,352 CLEMENTI AVENUE 2 CLEMENTI AVENUE 2 SHOPPING CENTRE SINGAPORE 120352,CLEMENTI,21103.5526931826,32951.8534610327,OK,0,0,26730,26730,residential,WEST REGION,26730,0.00086046
Ng Nam Thye Trading - Ang Mo Kio Avenue 3,Ng Nam Thye Trading - Ang Mo Kio Avenue 351 Ang Mo Kio Avenue 3 #01-01B 51@AMK Singapore 569922,569922,Authorised Retailer,4,28,32,matched,1.36929729654979,103.84715944541,51 ANG MO KIO AVENUE 3 51 @ AMK SINGAPORE 569922,ANG MO KIO,29540.3211999806,39035.4580954239,OK,0,0,0,0,residential,NORTH-EAST REGION,51310,0.0
Lim Heng Ee Trading Pte. Ltd.,Lim Heng Ee Trading Pte. Ltd.Block 16 Upper Boon Keng Road #01-1113 Singapore 380016,380016,Authorised Retailer,4,17,21,matched,1.31543175817283,103.871651573593,16 UPPER BOON KENG ROAD BOON KENG VILLE SINGAPORE 380016,KALLANG,32266.0926993955,33079.3106692117,OK,0,0,40171,40171,residential,CENTRAL REGION,40171,0.00052277
Golden Lagoon Trading,Golden Lagoon TradingBlock 136 Marsiling Road #01-2182 Singapore 730136,730136,Authorised Retailer,4,22,26,matched,1.43832145748732,103.777752029807,136 MARSILING ROAD SINGAPORE 730136,WOODLANDS,21816.2950316696,46667.8715823255,OK,0,0,0,70072,residential,NORTH REGION,70072,0.0
Goh Geok Kwee Agency - Bukit Merah,Goh Geok Kwee Agency - Bukit MerahBlock 124 Bukit Merah Lane 1 #01-148 Singapore 150124,150124,Authorised Retailer,4,21,25,matched,1.28582331821306,103.803532208512,124 BUKIT MERAH LANE 1 SINGAPORE 150124,BUKIT MERAH,24685.025577927,29805.348543182,OK,0,0,0,0,residential,CENTRAL REGION,54157,0.0
Giant Beauty World Centre,Giant Beauty World Centre144 Upper Bukit Timah Road #B1-01 Beauty World Centre Singapore 588177,588177,Authorised Retailer,4,28,32,matched,1.34241264188642,103.776539385406,144 UPPER BUKIT TIMAH ROAD BEAUTY WORLD CENTRE SINGAPORE 588177,BUKIT TIMAH,21681.0911870794,36062.7591135893,OK,0,0,0,0,residential,CENTRAL REGION,2554,0.0
Chua Hong Kim Trading,Chua Hong Kim TradingBlock 237 Serangoon Avenue 3 #01-108 Singapore 550237,550237,Authorised Retailer,4,34,38,matched,1.35381198342473,103.87013457465,237 SERANGOON AVENUE 3 SINGAPORE 550237,SERANGOON,32097.2018299149,37323.1977419816,OK,0,0,21632,21632,residential,NORTH-EAST REGION,21632,0.00175666
Chop Yeo Thong Heng,"Chop Yeo Thong HengBlock 76 Circuit Road, #01-05 Singapore 370076",370076,Authorised Retailer,4,13,17,matched,1.32551693484516,103.889903603926,76 CIRCUIT ROAD MACPHERSON BLOSSOM SINGAPORE 370076,GEYLANG,34297.3428838411,34194.5168830398,OK,0,31514,31514,31514,residential,CENTRAL REGION,31514,0.00053944
Chong Hoe Tong,Chong Hoe TongBlock 21 Lorong 7 Toa Payoh #01-290 Singapore 310021,310021,Authorised Retailer,4,22,26,matched,1.33544818177957,103.857495922448,21 LORONG 7 TOA PAYOH KIM KEAT PALM SINGAPORE 310021,TOA PAYOH,30690.6834952896,35292.6045846585,OK,42185,42185,42185,42185,residential,CENTRAL REGION,42185,0.00061633
Cheng Chew Wah Agency - Bedok South Road,Cheng Chew Wah Agency - Bedok South RoadBlock 17 Bedok South Road #01-583 Singapore 460017,460017,Authorised Retailer,4,23,27,matched,1.32014883000628,103.935563486677,17 BEDOK SOUTH ROAD SINGAPORE 460017,BEDOK,39378.8562403722,33601.1013485529,OK,0,64415,64415,64415,residential,EAST REGION,64415,0.00041916
Cheers Hougang Avenue 3,Cheers Hougang Avenue 3Block 23 Hougang Avenue 3 #01-281 Singapore 530023,530023,Authorised Retailer,4,15,19,matched,1.36486666416769,103.890727960772,23 HOUGANG AVENUE 3 HOUGANG VIEW SINGAPORE 530023,HOUGANG,34388.9831999186,38545.6130936015,OK,0,57557,57557,57557,residential,NORTH-EAST REGION,57557,0.00033011
7-Eleven Store Plaza Singapura,7-Eleven Store Plaza Singapura68 Orchard Road #01-51 Plaza Singapura Singapore 238839,238839,Authorised Retailer (7-Eleven),4,22,26,matched,1.30082071769235,103.845067272666,68 ORCHARD ROAD GOLDEN VILLAGE (GV PLAZA) SINGAPORE 238839,MUSEUM,29307.5237809345,31463.6672937293,OK,1995,3990,3990,5985,residential,CENTRAL REGION,1995,0.00651629
7-Eleven Store Foch Road,7-Eleven Store Foch Road27 Foch Road #01-07/08 Hoa Nam Building Singapore 209264,209264,Authorised Retailer (7-Eleven),4,13,17,matched,1.31270184017357,103.859968759019,27 FOCH ROAD HOA NAM BUILDING SINGAPORE 209264,KALLANG,30965.9111792706,32777.4334178958,OK,0,40171,40171,40171,residential,CENTRAL REGION,40171,0.00042319
7-Eleven Store Bedok North Street 2,7-Eleven Store Bedok North Street 2Block 123 Bedok North Street 2 #01-158 Singapore 460123,460123,Authorised Retailer (7-Eleven),4,23,27,matched,1.32919868667839,103.937343347878,123 BEDOK NORTH STREET 2 SINGAPORE 460123,BEDOK,39576.8955716565,34601.7979382593,OK,0,0,0,0,residential,EAST REGION,64415,0.0
Tan Ah Leck Trading - Jurong East Street 31,Tan Ah Leck Trading - Jurong East Street 31Block 352 Jurong East Street 31 #01-121  Singapore 600352,600352,Authorised Retailer,3,7,10,matched,1.34492289474517,103.730400848037,352 JURONG EAST STREET 31 YUHUA PLACE SINGAPORE 600352,JURONG EAST,16546.3794579934,36340.4981624465,OK,0,0,0,0,residential,WEST REGION,24122,0.0
Superbowl Jurong Pte Ltd,Superbowl Jurong Pte Ltd3 Yuan Ching Road Singapore 618642,618642,Authorised Retailer,3,27,30,matched,1.32554465969069,103.725574633362,3 YUAN CHING ROAD SINGAPORE 618642,JURONG WEST,16009.1798929656,34197.771538794,OK,0,0,0,0,residential,WEST REGION,75206,0.0
Singapore Pools Woodlands N8 Branch,Singapore Pools Woodlands N8 BranchBlock 883 Woodlands Street 82 #02-468 Singapore 730883,730883,Branch,3,40,43,matched,1.44275334327795,103.790548015512,883 WOODLANDS STREET 82 WOODLANDS NORTH PLAZA SINGAPORE 730883,WOODLANDS,23240.3015716588,47157.8967089206,OK,0,0,0,70072,residential,NORTH REGION,70072,0.0
Singapore Pools Upper Boon Keng Branch,Singapore Pools Upper Boon Keng BranchBlock 18 Upper Boon Keng Road #01-1149/1151 Singapore 380018,380018,Branch,3,33,36,matched,1.31480351462869,103.872301458156,18 UPPER BOON KENG ROAD BOON KENG VILLE SINGAPORE 380018,KALLANG,32338.4196809595,33009.8438305017,OK,0,0,40171,40171,residential,CENTRAL REGION,40171,0.00089617
Singapore Pools Telok Blangah Branch,Singapore Pools Telok Blangah BranchBlock 6 Telok Blangah Crescent #01-418 Singapore 090006,090006,Branch,3,24,27,matched,1.27814081311562,103.818484019328,6 TELOK BLANGAH CRESCENT MOUNT FABER GREEN SINGAPORE 090006,BUKIT MERAH,26349.0324393157,28955.8422574177,OK,0,0,0,0,residential,CENTRAL REGION,54157,0.0
Singapore Pools Peace Centre Branch,Singapore Pools Peace Centre Branch1 Sophia Rd Peace Centre #01-24/25 Singapore 228149,228149,,3,17,20,scraped,1.30121862271795,103.849592475825,1 SOPHIA ROAD ONE SOPHIA SINGAPORE 228149,ROCHOR,29811.137870159,31507.6683762148,OK,3990,3990,3990,3990,residential,CENTRAL REGION,1995,0.00501253
Singapore Pools Pasir Ris N7 Branch,Singapore Pools Pasir Ris N7 Branch735 Pasir Ris Street 72 #01-358 Pasir Ris West Plaza  Singapore 510735,510735,Branch,3,34,37,matched,1.37966812044177,103.936574613663,735 PASIR RIS STREET 72 PASIR RIS WEST PLAZA SINGAPORE 510735,PASIR RIS,39491.1055120081,40182.455862198,OK,0,0,0,0,residential,EAST REGION,29654,0.0
Singapore Pools Canberra Branch,Singapore Pools Canberra BranchBlock 505 Canberra Link #01-02 Singapore 750505,750505,Branch,3,30,33,matched,1.45026201889682,103.822534715231,505 CANBERRA LINK MONTREAL SPRING SINGAPORE 750505,SEMBAWANG,26799.9278127244,47988.1264963057,OK,0,0,0,0,residential,NORTH REGION,30330,0.0
Singapore Pools Ang Mo Kio N2A Branch,Singapore Pools Ang Mo Kio N2A BranchBlock 226A Ang Mo Kio Avenue 1 #01-625 Singapore 561226,561226,Branch,3,32,35,matched,1.36749458006861,103.839283930528,226A ANG MO KIO AVENUE 1 KEBUN BARU MALL SINGAPORE 561226,ANG MO KIO,28663.8720501205,38836.1192687955,OK,0,0,0,51310,residential,NORTH-EAST REGION,51310,0.0
Prime Yishun Avenue 6,Prime Yishun Avenue 6Block 461 Yishun Avenue 6 #01-01 Singapore 760461,760461,Authorised Retailer,3,3,6,matched,1.42841338853064,103.84997365333,461 YISHUN AVENUE 6 BLOSSOM SPRING @ YISHUN SINGAPORE 760461,YISHUN,29853.4621971501,45572.2185465153,OK,0,0,0,0,residential,NORTH REGION,65614,0.0
Papillon Florist Pte Ltd,Papillon Florist Pte LtdBlock 133 Jalan Bukit Merah #01-1520 Singapore 160133,160133,Authorised Retailer,3,12,15,matched,1.27955093259631,103.82740093837,133 JALAN BUKIT MERAH SINGAPORE 160133,BUKIT MERAH,27341.4143836265,29111.7619640846,OK,0,0,0,0,residential,CENTRAL REGION,54157,0.0
NTUC FP Century Square,"NTUC FP Century SquareNTUC FP Century Square, 2 Tampines Central 5 #B1-07/08/17 Singapore 529509",529509,,3,4,7,scraped,1.35236829566862,103.943812302253,2 TAMPINES CENTRAL 5 CENTURY SQUARE SINGAPORE 529509,TAMPINES,40296.7094797157,37163.8108075112,OK,0,0,0,0,residential,EAST REGION,75342,0.0
NTUC FairPrice Tampines Street 11,NTUC FairPrice Tampines Street 11Block 107 Tampines Street 11 #01-353/359 Singapore 521107,521107,Authorised Retailer (FairPrice),3,10,13,matched,1.34836421842072,103.948158723814,107 TAMPINES STREET 11 SINGAPORE 521107,TAMPINES,40780.438895965,36721.081947986,OK,0,0,0,0,residential,EAST REGION,75342,0.0
NTUC FairPrice Senja Road,NTUC FairPrice Senja Road628 Senja Road #01-01 Senja Grand Singapore 670628,670628,Authorised Retailer (FairPrice),3,10,13,matched,1.38512867383046,103.760410617887,628 SENJA ROAD SENJA CENTRE SINGAPORE 670628,BUKIT PANJANG,19886.2763911784,40786.13172861,OK,0,0,0,49026,residential,WEST REGION,36896,0.0
NTUC FairPrice Seletar Mall,NTUC FairPrice Seletar Mall33 Sengkang West Avenue #B2-24 Seletar Mall Singapore 797653,797653,Authorised Retailer (FairPrice),3,18,21,matched,1.39130622992517,103.876085067727,33 SENGKANG WEST AVENUE SHAW THEATRES SELETAR SINGAPORE 797653,SENGKANG,32759.350083435,41469.132806832,OK,70189,70189,70189,70189,residential,NORTH-EAST REGION,70189,0.00029919
NTUC FairPrice New Upper Changi Road,NTUC FairPrice New Upper Changi RoadBlock 57 New Upper Changi Road #01-1334/1338 Singapore 461057,461057,Authorised Retailer (FairPrice),3,27,30,matched,1.32424554153984,103.941568704132,57 NEW UPPER CHANGI ROAD SINGAPORE 461057,BEDOK,40047.159125166,34054.1237742491,OK,0,0,0,0,residential,EAST REGION,64415,0.0
NTUC FairPrice Kallang Wave Mall,NTUC FairPrice Kallang Wave Mall1 Stadium Place #01-29 Kallang Wave Mall Singapore 397628,397628,Authorised Retailer (FairPrice),3,14,17,matched,1.30307515150401,103.873149707591,1 STADIUM PLACE KALLANG WAVE MALL SINGAPORE 397628,KALLANG,32432.8422906362,31712.9829503335,OK,0,0,0,40171,residential,CENTRAL REGION,40171,0.0
NTUC FairPrice Kallang Bahru,NTUC FairPrice Kallang BahruBlock 71 Kallang Bahru #01-529 Singapore 330071,330071,Authorised Retailer (FairPrice),3,14,17,matched,1.3209929422065,103.870389998344,71 KALLANG BAHRU SINGAPORE 330071,KALLANG,32125.6823681211,33694.2358436473,OK,0,0,0,40171,residential,CENTRAL REGION,40171,0.0
NTUC FairPrice Hougang Mall,NTUC FairPrice Hougang Mall90 Hougang Avenue 10 #B1-07 Hougang Mall Singapore 538766,538766,Authorised Retailer (FairPrice),3,30,33,matched,1.37253315637342,103.893883460466,90 HOUGANG AVENUE 10 CHENG SAN LIBRARY SINGAPORE 538766,HOUGANG,34740.131613438,39393.3438594397,OK,0,0,0,57557,residential,NORTH-EAST REGION,57557,0.0
NTUC FairPrice Hillion Mall,NTUC FairPrice Hillion Mall17 Petir Road #B2-67 Hillion Mall Singapore 678278,678278,Authorised Retailer (FairPrice),3,27,30,matched,1.37843100800213,103.762842789877,17 PETIR ROAD BUKIT PANJANG INTEGRATED TRANSPORT HUB SINGAPORE 678278,BUKIT PANJANG,20156.924196275,40045.5291034393,OK,0,0,0,0,residential,WEST REGION,36896,0.0
NTUC FairPrice Eastpoint Mall,NTUC FairPrice Eastpoint Mall3 Simei Street 6 #05-01 Eastpoint Mall Singapore 528833,528833,Authorised Retailer (FairPrice),3,39,42,matched,1.34270592355576,103.953024618234,3 SIMEI STREET 6 EASTPOINT MALL SINGAPORE 528833,TAMPINES,41321.990633836,36095.4413322229,OK,0,0,0,0,residential,EAST REGION,75342,0.0
NTUC FairPrice Bukit Panjang Plaza,NTUC FairPrice Bukit Panjang Plaza1 Jelebu Road #01-15/#02-20 Bukit Panjang Plaza Singapore 677743,677743,Authorised Retailer (FairPrice),3,32,35,matched,1.37948804026655,103.764594965051,1 JELEBU ROAD BUKIT PANJANG LIBRARY SINGAPORE 677743,BUKIT PANJANG,20351.9228967195,40162.4047455806,OK,0,0,0,0,residential,WEST REGION,36896,0.0
Kwek Lee Eng Agency,Kwek Lee Eng Agency200 Jalan Sultan #01-29 Textile Centre Singapore 199018,199018,Authorised Retailer,3,24,27,matched,1.30397881313463,103.861554245252,200 JALAN SULTAN HOPE CHURCH SINGAPORE SINGAPORE 199018,KALLANG,31142.3715569228,31812.8877880257,OK,0,0,40171,42166,residential,CENTRAL REGION,40171,0.00067213
Hougang United Football Club,Hougang United Football Club100 Hougang Ave 2 Hougang Stadium Singapore 538856,538856,,3,5,8,scraped,1.36949523794775,103.885957512282,100 HOUGANG AVENUE 2 HOUGANG STADIUM SINGAPORE 538856,HOUGANG,33858.0774988886,39057.4052893464,OK,0,0,0,57557,residential,NORTH-EAST REGION,57557,0.0
Giant Pioneer Mall,Giant Pioneer Mall638 Jurong West Street 61 #03-01 Pioneer Mall Singapore 640638,640638,Authorised Retailer,3,29,32,matched,1.34169239214292,103.697174842118,638 JURONG WEST STREET 61 PIONEER MALL SINGAPORE 640638,JURONG WEST,12848.6614737436,35983.4657739643,OK,0,0,0,75206,residential,WEST REGION,75206,0.0
Giant Paya Lebar Square,Giant Paya Lebar Square60 Paya Lebar Road #B1-01/05 Paya Lebar Square Singapore 409051,409051,,3,26,29,scraped,1.31881487007651,103.892580778514,60 PAYA LEBAR ROAD PAYA LEBAR SQUARE SINGAPORE 409051,GEYLANG,34595.3032159209,33453.443530187,OK,0,31514,31514,31514,residential,CENTRAL REGION,31514,0.00092023
Giant Compassvale Bow,Giant Compassvale BowBlock 266 Compassvale Bow #01-02 Singapore 540266,540266,,3,18,21,scraped,1.38199703112006,103.897031077664,266 COMPASSVALE BOW SENGKANG TOWN COUNCIL (SENGKANG OFFICE) SINGAPORE 540266,SENGKANG,35090.3951424528,40439.8207745161,OK,0,0,0,0,residential,NORTH-EAST REGION,70189,0.0
Everbright  Services,Everbright  Services108 Depot Road #01-17 Depot Heights Shopping Centre Singapore 100108,100108,Authorised Retailer,3,21,24,matched,1.28084469467756,103.810292618353,108 DEPOT ROAD DEPOT HEIGHTS SHOPPING CENTRE SINGAPORE 100108,BUKIT MERAH,25437.3978480315,29254.8302480821,OK,0,0,0,0,residential,CENTRAL REGION,54157,0.0
7-Eleven Store Sin Ming,7-Eleven Store Sin Ming244H Upper Thomson Road Singapore 574369,574369,Authorised Retailer (7-Eleven),3,16,19,matched,1.35327556197146,103.834836368264,244 UPPER THOMSON ROAD THOMSON GARDEN ESTATE SINGAPORE 574369,BISHAN,28168.9127276242,37263.8519722018,OK,20072,20072,20072,20072,residential,CENTRAL REGION,20072,0.00094659
7-Eleven Store Circular Road,7-Eleven Store Circular Road58 Circular Road #01-01 Singapore 049413,049413,Authorised Retailer (7-Eleven),3,12,15,matched,1.28606946719614,103.84924456163,58 CIRCULAR ROAD BOAT QUAY CONSERVATION AREA SINGAPORE 049413,SINGAPORE RIVER,29772.4286603387,29832.5525897108,OK,1995,1995,3990,5985,commercial,CENTRAL REGION,0,0.0037594
7-Eleven Big Mac Centre,7-Eleven Big Mac Centre51 Ang Mo Kio Ave 3  Big Mac Centre #01-01A Singapore 569922,569922,Authorised Retailer,3,1,4,matched,1.36929729654979,103.84715944541,51 ANG MO KIO AVENUE 3 51 @ AMK SINGAPORE 569922,ANG MO KIO,29540.3211999806,39035.4580954239,OK,0,0,0,0,residential,NORTH-EAST REGION,51310,0.0
Yeo Kean Fatt Dept Store,Yeo Kean Fatt Dept StoreBlk 17 Bedok South Rd #01-583  Singapore 460017,460017,Authorised Retailer,2,6,8,matched,1.32014883000628,103.935563486677,17 BEDOK SOUTH ROAD SINGAPORE 460017,BEDOK,39378.8562403722,33601.1013485529,OK,0,64415,64415,64415,residential,EAST REGION,64415,0.00012419
Tampines Trading - 824,Tampines Trading - 824Block 824 Tampines Street 81 #01-14 Singapore 520824,520824,Authorised Retailer,2,20,22,matched,1.34903743516549,103.932714940894,824 TAMPINES STREET 81 SINGAPORE 520824,TAMPINES,39061.7116364604,36795.4473269135,OK,0,0,0,0,residential,EAST REGION,75342,0.0
Singapore Pools Yishun N4 Branch,Singapore Pools Yishun N4 BranchBlock 415 Yishun Avenue 11 #01-311 Singapore 760415,760415,Branch,2,35,37,matched,1.42444263730394,103.845870092641,415 YISHUN AVENUE 11 SINGAPORE 760415,YISHUN,29396.7992897127,45133.1499639917,OK,0,0,0,0,residential,NORTH REGION,65614,0.0
Singapore Pools Toa Payoh Lorong 4 Branch,Singapore Pools Toa Payoh Lorong 4 BranchBlock 85 Toa Payoh Lorong 4 #01-340 Singapore 310085,310085,Branch,2,19,21,matched,1.33628536216028,103.848428644103,85 LORONG 4 TOA PAYOH SINGAPORE 310085,TOA PAYOH,29681.5903852927,35385.1676504873,OK,0,0,0,42185,residential,CENTRAL REGION,42185,0.0
Singapore Pools Northpoint City Branch,Singapore Pools Northpoint City Branch930 Yishun Avenue 2 #02-03 Northpoint City (North Wing) Singapore 769098,769098,Branch,2,15,17,matched,1.42946660837667,103.835790714459,930 YISHUN AVENUE 2 NORTHPOINT CITY (NORTH WING) SINGAPORE 769098,YISHUN,28275.1118530668,45688.6717384085,OK,0,0,0,65614,residential,NORTH REGION,65614,0.0
Singapore Pools Lorong Lew Lian Branch,Singapore Pools Lorong Lew Lian BranchBlock 2 Lorong Lew Lian #01-46 Singapore 531002,531002,Branch,2,22,24,matched,1.35060795612848,103.875680063863,2 LORONG LEW LIAN LEW LIAN GARDENS SINGAPORE 531002,SERANGOON,32714.358027162,36968.9227365479,OK,0,0,0,21632,residential,NORTH-EAST REGION,21632,0.0
Singapore Pools Lengkok Bahru Branch,Singapore Pools Lengkok Bahru BranchBlock 63B Lengkok Bahru #01-364 Singapore 152063,152063,Branch,2,19,21,matched,1.28907506834277,103.815318433481,63B LENGKOK BAHRU LENGKOK BAHRU HEIGHTS SINGAPORE 152063,BUKIT MERAH,25996.7366270702,30164.8980171885,OK,0,0,0,0,residential,CENTRAL REGION,54157,0.0
Singapore Pools Jalan Batu Branch,Singapore Pools Jalan Batu BranchBlock 7 Jalan Batu #01-99 Singapore 431007,431007,Branch,2,20,22,matched,1.30237002555566,103.88359641393,7 JALAN BATU DI TANJONG RHU SINGAPORE 431007,KALLANG,33595.467508208,31635.0345080309,OK,0,0,0,0,residential,CENTRAL REGION,40171,0.0
Singapore Pools Geylang Rd Branch,Singapore Pools Geylang Rd Branch149 Geylang Rd #01-02 Singapore 389233,389233,,2,6,8,scraped,1.31130947616377,103.874198645525,149 GEYLANG ROAD GEYLANG CONSERVATION AREA SINGAPORE 389233,KALLANG,32549.564746513,32623.4942967426,OK,0,0,40171,40171,residential,CENTRAL REGION,40171,0.00019915
Singapore Pools Fajar Road Branch,Singapore Pools Fajar Road BranchBlock 445 Fajar Road #02-540 Singapore 670445,670445,Branch,2,23,25,matched,1.38358032362676,103.770768501474,445 FAJAR ROAD FAJAR SHOPPING CENTRE SINGAPORE 670445,BUKIT PANJANG,21038.9723480316,40614.8899751026,OK,0,0,0,0,residential,WEST REGION,36896,0.0
Singapore Pools Empress Road Branch,Singapore Pools Empress Road BranchBlock 8 Empress Road #01-35 Singapore 260008,260008,Branch,2,17,19,matched,1.31641190098174,103.805373811937,8 EMPRESS ROAD FARRER GARDENS SINGAPORE 260008,BUKIT TIMAH,24890.0181612354,33187.6745305806,OK,0,0,0,0,residential,CENTRAL REGION,2554,0.0
Singapore Pools Chai Chee Branch,Singapore Pools Chai Chee BranchBlock 36 Chai Chee Avenue #01-167 Singapore 461036,461036,Branch,2,17,19,matched,1.32534102499628,103.92543538387,36 CHAI CHEE AVENUE ANSAR GARDEN SINGAPORE 461036,BEDOK,38251.6753160208,34175.1843283568,OK,0,0,0,64415,residential,EAST REGION,64415,0.0
Singapore Pools Bukit Batok N3 Branch,Singapore Pools Bukit Batok N3 BranchBlock 324 Bukit Batok Street 33 #01-47 Singapore 650324,650324,Branch,2,15,17,matched,1.36216472766267,103.747628122263,324 BUKIT BATOK STREET 33 SINGAPORE 650324,BUKIT BATOK,18463.6560643073,38246.9401018452,OK,0,0,0,45585,residential,WEST REGION,45585,0.0
Singapore Pools Bishan N1 Branch,Singapore Pools Bishan N1 BranchBlock 152 Bishan Street 11 #01-211 Singapore 570152,570152,Branch,2,12,14,matched,1.34565720294218,103.854641447626,152 BISHAN STREET 11 BISHAN GREEN SINGAPORE 570152,BISHAN,30373.0006963592,36421.4630514719,OK,0,0,0,42185,residential,CENTRAL REGION,20072,0.0
Singapore Pools Balestier Road Branch,Singapore Pools Balestier Road BranchBlock 2 Balestier Road #01-641 Singapore 320002,320002,Branch,2,14,16,matched,1.32589620218837,103.842935480003,2 BALESTIER ROAD BALESTIER HILL SHOPPING CENTRE SINGAPORE 320002,NOVENA,29070.2638017088,34236.3844964262,OK,0,0,0,0,commercial,CENTRAL REGION,0,0.0
Sheng Siong Sengkang West Ave,Sheng Siong Sengkang West AveBlock 455 Sengkang West Avenue #01-16 Singapore 790455,790455,Authorised Retailer,2,15,17,matched,1.39183688254074,103.871190376558,455 SENGKANG WEST AVENUE FERNVALE WOODS SINGAPORE 790455,SENGKANG,32214.6340397419,41527.8003921676,OK,0,0,70189,70189,residential,NORTH-EAST REGION,70189,0.0002422
Sheng Siong Marsiling Mall,Sheng Siong Marsiling MallBlock 4 Woodlands Street 12 #02-61 Singapore 738623,738623,Authorised Retailer,2,5,7,matched,1.43354318137534,103.77988189197,4 WOODLANDS STREET 12 MARSILING MALL HAWKER CENTRE SINGAPORE 738623,WOODLANDS,22053.3037563628,46139.5079379082,OK,0,0,0,0,residential,NORTH REGION,70072,0.0
Seah Koon Huat (Boon Tiong Rd),Seah Koon Huat (Boon Tiong Rd)Blk 11A Boon Tiong Rd #01-10 Singapore 161011,161011,,2,11,13,scraped,1.28636578139912,103.828789865335,11A BOON TIONG ROAD TIONG BAHRU VIEW SINGAPORE 161011,BUKIT MERAH,27495.9920684313,29865.3124154545,OK,0,0,0,1995,residential,CENTRAL REGION,54157,0.0
Seah Geok Eng Agency - Upper Serangoon View,Seah Geok Eng Agency - Upper Serangoon ViewBlock 476D Upper Serangoon View #02-02 Singapore 537476,537476,Authorised Retailer,2,18,20,matched,1.37791506138102,103.903623796196,476D UPPER SERANGOON VIEW HOUGANG CAPEVIEW SINGAPORE 537476,HOUGANG,35824.0950025981,39988.4776468258,OK,0,0,0,0,residential,NORTH-EAST REGION,57557,0.0
S E Store,S E StoreBlk 352 Jurong East St 31 #01-121  Singapore 600352,600352,Authorised Retailer,2,13,15,matched,1.34492289474517,103.730400848037,352 JURONG EAST STREET 31 YUHUA PLACE SINGAPORE 600352,JURONG EAST,16546.3794579934,36340.4981624465,OK,0,0,0,0,residential,WEST REGION,24122,0.0
Prime Woodlands,Prime WoodlandsBlk 678 Woodlands Ave 6 #01-716 Singapore 730678,730678,,2,15,17,scraped,1.43998366608733,103.801293104268,678 WOODLANDS AVENUE 6 ADMIRALTY PLACE SINGAPORE 730678,WOODLANDS,24436.0586690316,46851.6200061701,OK,0,0,0,0,residential,NORTH REGION,70072,0.0
Prime Joo Seng,Prime Joo SengBlock 1 Upper Aljunied Lane #01-01 Singapore 360001,360001,Authorised Retailer,2,5,7,matched,1.33429242412799,103.878746207181,1 UPPER ALJUNIED LANE SINGAPORE 360001,TOA PAYOH,33055.6189497802,35164.8402472492,OK,0,0,0,0,residential,CENTRAL REGION,42185,0.0
Prime Compassvale Street,Prime Compassvale StreetBlock 263 Compassvale Street #01-01 Singapore 540263,540263,Authorised Retailer,2,23,25,matched,1.39484816528775,103.896042268385,263 COMPASSVALE STREET COMPASSVALE NORTH GATE SINGAPORE 540263,SENGKANG,34980.3154496225,41860.8319343012,OK,0,0,0,0,residential,NORTH-EAST REGION,70189,0.0
Prime Admiralty Place,Prime Admiralty PlaceBlock 678A Woodlands Avenue 6 #01-19 Singapore 731678,731678,Authorised Retailer,2,15,17,matched,1.44054545356313,103.801759723219,678A WOODLANDS AVENUE 6 MULTI STOREY CAR PARK SINGAPORE 731678,WOODLANDS,24487.9870272568,46913.7389286179,OK,0,0,0,0,residential,NORTH REGION,70072,0.0
Precise Optics,"Precise Optics111 North Bridge Road, #02-03 Peninsula Plaza Singapore 179098",179098,,2,13,15,scraped,1.29222075807721,103.850612609298,111 NORTH BRIDGE ROAD CONSULATE OF NEPAL SINGAPORE 179098,DOWNTOWN CORE,29924.6763157565,30512.7316022031,OK,0,3990,3990,7980,residential,CENTRAL REGION,1995,0.0037594
NTUC FP Shaw Plaza,NTUC FP Shaw Plaza360 Balestier Rd Shaw Plaza #B1-01  Singapore 329783,329783,,2,3,5,scraped,1.32525301846661,103.850995830211,360 BALESTIER ROAD SINGAPORE 329783,NOVENA,29967.2997812312,34165.2694751974,OK,0,0,0,0,commercial,CENTRAL REGION,0,0.0
NTUC FP Jurong Point,NTUC FP Jurong Point1 Jurong West Central 2 Jurong Point #B1-09 Singapore 648886,648886,,2,24,26,scraped,1.3394520043632,103.706685012926,1 JURONG WEST CENTRAL 2 GOLDEN VILLAGE (GV JURONG POINT) SINGAPORE 648886,JURONG WEST,13907.0305282837,35735.67771223,OK,75206,75206,75206,75206,residential,WEST REGION,75206,0.00034572
NTUC FairPrice Tiong Bahru Plaza,NTUC FairPrice Tiong Bahru Plaza302 Tiong Bahru Road #B1-01/02 Tiong Bahru Plaza Singapore 168732,168732,Authorised Retailer (FairPrice),2,23,25,matched,1.28646345355064,103.826935079694,302 TIONG BAHRU ROAD GOLDEN VILLAGE (GV TIONG BAHRU) SINGAPORE 168732,BUKIT MERAH,27289.5699887881,29876.1129400861,OK,0,0,0,0,residential,CENTRAL REGION,54157,0.0
NTUC FairPrice The Woodleigh Mall,NTUC FairPrice The Woodleigh Mall11 Bidadari Park Drive #B1-32/33 The Woodleigh Mall Singapore 367803,367803,Authorised Retailer (FairPrice),2,18,20,matched,1.33869419209869,103.871750105256,11 BIDADARI PARK DRIVE BIDADARI COMMUNITY CENTRE SINGAPORE 367803,TOA PAYOH,32277.0183821376,35651.5520587377,OK,0,0,0,42185,residential,CENTRAL REGION,42185,0.0
NTUC FairPrice Telok Blangah Street 32,NTUC FairPrice Telok Blangah Street 32Block 78A Telok Blangah Street 32 #01-01 Singapore 101078,101078,Authorised Retailer (FairPrice),2,9,11,matched,1.27338751489362,103.808980553946,78A TELOK BLANGAH STREET 32 MULTI STOREY CAR PARK SINGAPORE 101078,BUKIT MERAH,25291.3679326326,28430.2551556826,OK,0,0,0,0,residential,CENTRAL REGION,54157,0.0
NTUC FairPrice Tai Seng,NTUC FairPrice Tai Seng18 Tai Seng Street #B1-13 Mapletree 18 Singapore 539775,539775,Authorised Retailer (FairPrice),2,16,18,matched,1.33631557522577,103.888825620348,18 TAI SENG STREET 18 TAI SENG SINGAPORE 539775,HOUGANG,34177.347278473,35388.5730408002,OK,0,0,0,0,residential,NORTH-EAST REGION,57557,0.0
NTUC FairPrice Sengkang East Ave,NTUC FairPrice Sengkang East AveBlock 279 Sengkang East Avenue #01-06 Singapore 540279,540279,Authorised Retailer (FairPrice),2,10,12,matched,1.38621835522425,103.89299549602,279 SENGKANG EAST AVENUE COMPASSVALE ANCILLA SINGAPORE 540279,SENGKANG,34641.2740479829,40906.581959093,OK,0,0,0,0,residential,NORTH-EAST REGION,70189,0.0
NTUC FairPrice Punggol Plaza,NTUC FairPrice Punggol Plaza168 Punggol Field Road #03-01 Punggol Plaza Singapore 820168,820168,Authorised Retailer (FairPrice),2,36,38,matched,1.39423719717117,103.913047323223,168 PUNGGOL FIELD PUNGGOL PLAZA SINGAPORE 820168,PUNGGOL,36872.7560856491,41793.3313643504,OK,0,0,0,0,residential,NORTH-EAST REGION,55811,0.0
NTUC FairPrice Le Quest,NTUC FairPrice Le Quest4 Bukit Batok Street 41 #01-91/92 Le Quest Singapore 657991,657991,Authorised Retailer (FairPrice),2,8,10,matched,1.35594171176111,103.741127005764,4 BUKIT BATOK STREET 41 LE QUEST SINGAPORE 657991,BUKIT BATOK,17740.1310895691,37558.856544869,OK,0,0,0,0,residential,WEST REGION,45585,0.0
NTUC FairPrice Dawson Place,NTUC FairPrice Dawson Place57 Dawson Road #01-07 Dawson Place Singapore 142057,142057,Authorised Retailer (FairPrice),2,18,20,matched,1.29270339855062,103.810958956467,57 DAWSON ROAD DAWSON PLACE SINGAPORE 142057,QUEENSTOWN,25511.5673628356,30566.1039248593,OK,0,0,0,0,residential,CENTRAL REGION,36378,0.0
Lee Ah Lan Trading,Lee Ah Lan TradingBlk 61 Teban Gardens Road #01-05 Teban Place Singapore 600061,600061,,2,8,10,scraped,1.32213636287766,103.738292803395,61 TEBAN GARDENS ROAD MULTI STOREY CAR PARK-TEBAN PLACE SINGAPORE 600061,JURONG EAST,17424.5715594292,33820.8410988878,OK,0,0,0,0,residential,WEST REGION,24122,0.0
Holland Drive Betting Centre – Lottery Lobby (Public),Holland Drive Betting Centre – Lottery Lobby (Public)Block 47 Holland Drive #01-385 Singapore 270047,270047,Betting Centre,2,7,9,matched,1.30853249504926,103.792385082436,47 HOLLAND DRIVE SINGAPORE 270047,QUEENSTOWN,23444.4839415792,32316.4300815929,OK,0,0,0,36378,residential,CENTRAL REGION,36378,0.0
Hock Soon Ann,Hock Soon AnnBlock 73 Bedok South Avenue 3 #01-454 Singapore 460073,460073,Authorised Retailer,2,16,18,matched,1.31983803117222,103.943971359147,73 BEDOK SOUTH AVENUE 3 SIGLAP LUCKY VALLEY SINGAPORE 460073,BEDOK,40314.5727053983,33566.7747914363,OK,0,0,0,0,residential,EAST REGION,64415,0.0
Gerk Chwee Trading,Gerk Chwee Trading4 Kensington Park Road Singapore 557256,557256,Authorised Retailer,2,24,26,matched,1.3646888567179,103.866035308524,4 KENSINGTON PARK ROAD SERANGOON GARDEN ESTATE SINGAPORE 557256,SERANGOON,31640.9837710336,38525.9005849175,OK,0,21632,21632,21632,residential,NORTH-EAST REGION,21632,0.00120192
Dawn Florist - Aljunied Avenue 2,Dawn Florist - Aljunied Avenue 2Block 119 Aljunied Avenue 2 #01-78 Singapore 380119,380119,Authorised Retailer,2,6,8,matched,1.32012887290025,103.886058091225,119 ALJUNIED AVENUE 2 SINGAPORE 380119,GEYLANG,33869.3886141358,33598.7229509298,OK,31514,31514,31514,31514,residential,CENTRAL REGION,31514,0.00025386
Balestier Khalsa Football Club,Balestier Khalsa Football ClubBlock 70 Lorong 4 Toa Payoh #01-343 Singapore 310070,310070,Authorised Retailer,2,8,10,matched,1.33444874946936,103.852333287558,70 LORONG 4 TOA PAYOH TOA PAYOH VISTA SINGAPORE 310070,TOA PAYOH,30116.1374758715,35182.0874286592,OK,0,0,0,42185,residential,CENTRAL REGION,42185,0.0
B.H. Mini Mart,B.H. Mini MartBlock 137 Potong Pasir Avenue 3 #01-142 Singapore 350137,350137,Authorised Retailer,2,6,8,matched,1.33385759374197,103.865845367722,137 POTONG PASIR AVENUE 3 SINGAPORE 350137,TOA PAYOH,31619.891163365,35116.736188231,OK,0,42185,42185,42185,residential,CENTRAL REGION,42185,0.00018964
A.P. Mini Mart - Lorong 8 Toa Payoh,A.P. Mini Mart - Lorong 8 Toa PayohBlock 234 Lorong 8 Toa Payoh #01-286 Singapore 310234,310234,Authorised Retailer,2,8,10,matched,1.33860148626926,103.857914069837,234 LORONG 8 TOA PAYOH TOA PAYOH EIGHT SINGAPORE 310234,TOA PAYOH,30737.2154049659,35641.2813448943,OK,42185,42185,42185,42185,residential,CENTRAL REGION,42185,0.00023705
A.P. Mini Mart - Bedok Reservoir Road,A.P. Mini Mart - Bedok Reservoir RoadBlock 121 Bedok Reservoir Road #01-200 Singapore 470121,470121,Authorised Retailer,2,19,21,matched,1.33130517787872,103.909992224709,121 BEDOK RESERVOIR ROAD EUNOS VISTA SINGAPORE 470121,BEDOK,36532.9851953331,34834.6118230876,OK,0,0,0,0,residential,EAST REGION,64415,0.0
7-Eleven Store Bukit Batok West Avenue 6,7-Eleven Store Bukit Batok West Avenue 6Block 132 Bukit Batok West Avenue 6 #01-304 Singapore 650132,650132,Authorised Retailer (7-Eleven),2,14,16,matched,1.3506524380389,103.745625196086,132 BUKIT BATOK WEST AVENUE 6 SINGAPORE 650132,BUKIT BATOK,18240.7075444832,36973.9763699137,OK,0,0,0,45585,residential,WEST REGION,45585,0.0
7-Eleven Jalan Leban,7-Eleven Jalan Leban6 Jln Leban Sembawang Hill Estates Singapore 577549,577549,,2,12,14,scraped,1.37137207660359,103.829054256663,6A JALAN LEBAN SEMBAWANG HILLS ESTATE SINGAPORE 577549,ANG MO KIO,27525.4328886895,39264.8727040738,OK,0,0,0,51310,residential,NORTH-EAST REGION,51310,0.0
Warriors Football Club (S),Warriors Football Club (S)1 Choa Chu Kang St 53 Choa Chu Kang Stadium #02-06 Singapore 689236,689236,,1,0,1,scraped,1.39059559281482,103.748024129362,1 CHOA CHU KANG STREET 53 CHOA CHU KANG SPORTS CENTRE SINGAPORE 689236,CHOA CHU KANG,18507.8394811274,41390.682581896,OK,49026,49026,49026,49026,residential,WEST REGION,49026,2.04e-05
Uni-Foto Pte Ltd,Uni-Foto Pte Ltd400 Orchard Rd Orchard Towers  #B1-11 Singapore 238875,238875,,1,10,11,scraped,1.30694456840806,103.829339596247,400 ORCHARD ROAD BETHANY CHURCH SINGAPORE SINGAPORE 238875,ORCHARD,27557.1761036655,32140.8084903043,OK,0,0,0,1995,commercial,CENTRAL REGION,0,0.0
Tuas View,Tuas View71 Pioneer Road Tuas Amenity Centre #02-02/03 Singapore 639591,639591,,1,10,11,scraped,1.31720416073204,103.652208670485,71 ACUMED MEDICAL GROUP TUAS AMENITY CENTRE SINGAPORE 639591,TUAS,7844.19530003238,33275.9935105387,OK,0,0,0,0,commercial,WEST REGION,0,0.0
Singapore Racecourse - MRT Plaza (Public),Singapore Racecourse - MRT Plaza (Public)1 Turf Club Avenue Singapore Racecourse Singapore 738078,738078,,1,0,1,scraped,1.41993788166264,103.767403498455,1 TURF CLUB AVENUE BUKIT TIMAH SADDLE CLUB SINGAPORE 738078,SUNGEI KADUT,20664.6033362485,44635.1376007833,OK,0,0,0,0,commercial,NORTH REGION,0,0.0
Singapore Pools Yishun N7 Branch,Singapore Pools Yishun N7 BranchBlock 761 Yishun Street 72 #01-340 Singapore 760761,760761,Branch,1,25,26,matched,1.42539842469037,103.833259035976,761 YISHUN STREET 72 SINGAPORE 760761,YISHUN,27993.3737981999,45238.8323241491,OK,0,0,0,65614,residential,NORTH REGION,65614,0.0
Singapore Pools Upp Thomson Branch,Singapore Pools Upp Thomson Branch200 Upp Thomson Rd Thomson Imperial Court #01-06 Singapore 574424,574424,,1,3,4,scraped,1.35184499157062,103.836053648292,200 UPPER THOMSON ROAD THOMSON IMPERIAL COURT SINGAPORE 574424,BISHAN,28304.3823553799,37105.6669188309,OK,20072,20072,20072,20072,residential,CENTRAL REGION,20072,0.00019928
Singapore Pools Great World City Branch,Singapore Pools Great World City Branch1 Kim Seng Promenade #B1-127 Great World City Singapore 237994,237994,,1,16,17,scraped,1.29380235105066,103.831757911057,1 KIM SENG PROMENADE BRIGHTON MONTESSORI CENTRES PTE. LTD. SINGAPORE 237994,SINGAPORE RIVER,27826.3112057392,30687.6095091309,OK,0,1995,1995,1995,commercial,CENTRAL REGION,0,0.0085213
Singapore Pools Everton Park Branch,Singapore Pools Everton Park BranchBlock 7 Everton Park #01-15 Singapore 080007,080007,,1,15,16,scraped,1.27692435153003,103.838679504443,7 EVERTON PARK SINGAPORE 080007,BUKIT MERAH,28596.6282434743,28821.3280688375,OK,0,1995,1995,1995,residential,CENTRAL REGION,54157,0.00802005
Singapore Pools Changi Road Branch,Singapore Pools Changi Road Branch324K Changi Road Singapore 419799,419799,Branch,1,15,16,matched,1.31786851894401,103.907753065671,324 CHANGI ROAD SINGAPORE 419799,BEDOK,36283.8343781689,33348.8461259063,OK,0,0,0,0,residential,EAST REGION,64415,0.0
Sheng Siong Serangoon North Avenue 5,Sheng Siong Serangoon North Avenue 519 Serangoon North Avenue 5 #01-01 Singapore 554913,554913,Authorised Retailer,1,7,8,matched,1.37563500157221,103.871996419103,19 SERANGOON NORTH AVENUE 5 GLOBALKIDS EDU PTE LTD SINGAPORE 554913,SERANGOON,32304.3652027464,39736.2796912044,OK,0,0,0,0,residential,NORTH-EAST REGION,21632,0.0
Shell Station Geylang Road,Shell Station Geylang Road203 Geylang Road Singapore 389266,389266,Authorised Retailer,1,0,1,matched,1.31198237882226,103.875582544247,203 GEYLANG ROAD SHELL GEYLANG LORONG 7 SINGAPORE 389266,GEYLANG,32703.5783571731,32697.9029891547,OK,0,0,0,40171,residential,CENTRAL REGION,31514,0.0
Serangoon Avenue 3 Betting Centre - Lottery Lobby (Public),Serangoon Avenue 3 Betting Centre - Lottery Lobby (Public)Block 267 Serangoon Avenue 3 #02-01 Singapore 550267,550267,Betting Centre,1,1,2,matched,1.35319405066769,103.870920824793,267 SERANGOON AVENUE 3 MARKET SINGAPORE 550267,SERANGOON,32184.703604579,37254.8712192904,OK,0,0,21632,21632,residential,NORTH-EAST REGION,21632,9.246e-05
River Hong Bao,"River Hong Bao20 Raffles Ave, Marina Bay Floating Platform Singapore 039805",039805,,1,2,3,scraped,1.28866180924693,103.858941046991,20 RAFFLES AVENUE NS SQUARE SINGAPORE 039805,DOWNTOWN CORE,30851.5635796636,30119.2091919314,OK,0,1995,1995,3990,residential,CENTRAL REGION,1995,0.00150376
Prime Serangoon North,Prime Serangoon NorthBlk 542B Serangoon North Ave 3 #02-01 Singapore 552542,552542,,1,11,12,scraped,1.37368392866904,103.871416983254,542B SERANGOON NORTH AVENUE 3 MRC KINDERGARTEN (SERANGOON NORTH) SINGAPORE 552542,SERANGOON,32239.8845906025,39520.5388863422,OK,0,0,0,21632,residential,NORTH-EAST REGION,21632,0.0
Prime Hougang,Prime HougangBlk 159A Hougang St 11 #01-01 Singapore 531159,531159,,1,4,5,scraped,1.35209060355776,103.879314590828,159A HOUGANG STREET 11 FOOD CENTRE SINGAPORE 531159,HOUGANG,33118.8370843241,37132.8737197462,OK,0,0,0,79189,residential,NORTH-EAST REGION,57557,0.0
Prime Buangkok Square,Prime Buangkok Square991 Buangkok Link #01-28 Buangkok Square Singapore 530991,530991,Authorised Retailer,1,10,11,matched,1.38433426615655,103.881623070164,991 BUANGKOK LINK BUANGKOK SQUARE SINGAPORE 530991,HOUGANG,33375.6730938945,40698.2200346421,OK,0,0,70189,70189,residential,NORTH-EAST REGION,57557,0.00015672
Premier Security Co-operative Ltd,Premier Security Co-operative LtdBlock 555 Ang Mo Kio Avenue 10 #01-1966 Singapore 560555,560555,Authorised Retailer,1,12,13,matched,1.37119666371478,103.85702400572,555 ANG MO KIO AVENUE 10 CHENG SAN PLACE SINGAPORE 560555,ANG MO KIO,30638.1255327351,39245.4890570343,OK,0,0,0,0,residential,NORTH-EAST REGION,51310,0.0
Pinthely Floral Centre,Pinthely Floral Centre5001 Beach Road #02-35 Golden Mile Complex Singapore 199588,199588,,1,12,13,scraped,1.30274220636743,103.86510408137,5001 BEACH ROAD THE GOLDEN MILE SINGAPORE 199588,DOWNTOWN CORE,31537.4376343647,31676.1548654344,OK,0,0,40171,40171,residential,CENTRAL REGION,1995,0.00032362
Ong Eng Siang Trading,Ong Eng Siang TradingBlock 71 Seng Poh Road #01-43 Singapore 160071,160071,Authorised Retailer,1,11,12,matched,1.28424655193409,103.83250362707,71 SENG POH ROAD TIONG BAHRU ESTATE SINGAPORE 160071,BUKIT MERAH,27909.3025665423,29630.9785330202,OK,0,0,0,1995,residential,CENTRAL REGION,54157,0.0
NTUC FP Square 2,NTUC FP Square 210 Sinaran Dr Square 2 #04-47/48/49  Singapore 307506,307506,,1,3,4,scraped,1.32044103104797,103.844192628979,10 SINARAN DRIVE NOVENA MEDICAL CENTRE SINGAPORE 307506,NOVENA,29210.1744085718,33633.1802354679,OK,0,0,0,0,commercial,CENTRAL REGION,0,0.0
NTUC FP Hougang Point,NTUC FP Hougang Point1 Hougang St 91 Hougang Point Central Place #02- 01 Singapore 538692,538692,,1,5,6,scraped,1.37571530699875,103.879472337592,1 HOUGANG STREET 91 HOUGANG 1 SINGAPORE 538692,HOUGANG,33136.3424516348,39745.1742408983,OK,0,0,0,0,residential,NORTH-EAST REGION,57557,0.0
NTUC FP Coronation,NTUC FP Coronation587 Bukit Timah Rd Coronation Shopping Plaza #01-01 Singapore 269707,269707,,1,7,8,scraped,1.32383512178759,103.809999570047,587 BUKIT TIMAH ROAD CORONATION SHOPPING PLAZA SINGAPORE 269707,BUKIT TIMAH,25404.8279538844,34008.4909447618,OK,0,0,0,0,residential,CENTRAL REGION,2554,0.0
NTUC Foodfare - Seletar Mall,NTUC Foodfare - Seletar Mall33 Sengkang West Ave #03-37 Singapore 797653,797653,Authorised Retailer (FairPrice),1,1,2,matched,1.39130622992517,103.876085067727,33 SENGKANG WEST AVENUE SHAW THEATRES SELETAR SINGAPORE 797653,SENGKANG,32759.350083435,41469.132806832,OK,70189,70189,70189,70189,residential,NORTH-EAST REGION,70189,2.849e-05
NTUC FairPrice Zhongshan Mall,NTUC FairPrice Zhongshan Mall20 Ah Hood Road #02-01 Zhongshan Mall Singapore 329984,329984,Authorised Retailer (FairPrice),1,5,6,matched,1.32702991607724,103.846490871841,20 AH HOOD ROAD RAMADA SINGAPORE AT ZHONGSHAN PARK SINGAPORE 329984,NOVENA,29465.9422912654,34361.7465850394,OK,0,0,0,0,commercial,CENTRAL REGION,0,0.0
NTUC FairPrice Wisteria Mall,NTUC FairPrice Wisteria Mall598 Yishun Ring Road #01-01 Wisteria Mall Singapore 768698,768698,Authorised Retailer (FairPrice),1,13,14,matched,1.41795288501536,103.841268831617,598 YISHUN RING ROAD WISTERIA MALL SINGAPORE 768698,YISHUN,28884.7489383351,44415.5435907897,OK,0,65614,65614,65614,residential,NORTH REGION,65614,0.00021337
NTUC FairPrice VivoCity,NTUC FairPrice VivoCity1 HarbourFront Walk #B2-23/#01-23 VivoCity Singapore 098585,098585,Authorised Retailer (FairPrice),1,12,13,matched,1.26431382492761,103.82207343835,1 HARBOURFRONT WALK GOLDEN VILLAGE (GV VIVOCITY) SINGAPORE 098585,BUKIT MERAH,26748.4993302505,27426.9234353155,OK,54157,54157,54157,54157,residential,CENTRAL REGION,54157,0.00024004
NTUC FairPrice Paya Lebar Quarter,NTUC FairPrice Paya Lebar Quarter10 Paya Lebar Road #B2-09 Paya Lebar Quarter Singapore 409057,409057,Authorised Retailer (FairPrice),1,6,7,matched,1.31756115921,103.892836694432,10 PAYA LEBAR ROAD PLQ MALL SINGAPORE 409057,GEYLANG,34623.78747709,33314.8152264543,OK,0,31514,31514,31514,residential,CENTRAL REGION,31514,0.00022212
NTUC FairPrice Hougang Street 21,NTUC FairPrice Hougang Street 21Block 202 Hougang Street 21 #01-00 Singapore 530202,530202,Authorised Retailer (FairPrice),1,22,23,matched,1.35754686861981,103.883962381949,202 HOUGANG STREET 21 KINDERLAND PRESCHOOL SINGAPORE 530202,HOUGANG,33636.0713122012,37736.2101912573,OK,0,57557,57557,57557,residential,NORTH-EAST REGION,57557,0.0003996
NTUC FairPrice Compassvale Link,NTUC FairPrice Compassvale LinkBlock 277C Compassvale Link #01-13 (Unit 2B) Singapore 543277,543277,Authorised Retailer (FairPrice),1,11,12,matched,1.38233698966981,103.893607838756,277C COMPASSVALE LINK ASPELLA SINGAPORE 543277,SENGKANG,34709.4308580896,40477.4017452449,OK,0,0,0,0,residential,NORTH-EAST REGION,70189,0.0
NTUC FairPrice Canberra Plaza,NTUC FairPrice Canberra Plaza133 Canberra View #B1-03/04 Canberra Plaza Singapore 750133,750133,Authorised Retailer (FairPrice),1,7,8,matched,1.44349544527985,103.830345369213,133 CANBERRA VIEW CANBERRA PLAZA SINGAPORE 750133,SEMBAWANG,27669.1282042367,47239.9100809004,OK,0,0,0,0,residential,NORTH REGION,30330,0.0
NTUC FairPrice Bukit Timah Plaza,NTUC FairPrice Bukit Timah Plaza1 Jalan Anak Bukit #B1-01 Bukit Timah Plaza Singapore 588996,588996,Authorised Retailer (FairPrice),1,15,16,matched,1.33875930729064,103.778600077834,1 JALAN ANAK BUKIT BUKIT TIMAH PLAZA SINGAPORE 588996,BUKIT TIMAH,21910.4149615103,35658.7866516709,OK,0,0,0,0,residential,CENTRAL REGION,2554,0.0
NTUC FairPrice Bishan Street 13,NTUC FairPrice Bishan Street 13Block 510 Bishan Street 13 #01-520 Singapore 570510,570510,Authorised Retailer (FairPrice),1,13,14,matched,1.34888843900173,103.849691980373,510 BISHAN STREET 13 SINGAPORE 570510,BISHAN,29822.1770275719,36778.7523848675,OK,0,0,0,20072,residential,CENTRAL REGION,20072,0.0
NTUC FairPrice Bedok North Street 1,NTUC FairPrice Bedok North Street 1Block 212 Bedok North Street 1 #01-147 Singapore 460212,460212,Authorised Retailer (FairPrice),1,43,44,matched,1.32594069200441,103.931640022396,212 BEDOK NORTH STREET 1 SINGAPORE 460212,BEDOK,38942.187303599,34241.5190663803,OK,0,0,0,64415,residential,EAST REGION,64415,0.0
NTUC FairPrice Anchorvale Village,NTUC FairPrice Anchorvale VillageBlock 339 Anchorvale Road #B1-02 Anchorvale Village  Singapore 540339,540339,Authorised Retailer (FairPrice),1,1,2,matched,1.39679315311901,103.888437344772,339 ANCHORVALE ROAD ANCHORVALE VILLAGE SINGAPORE 540339,SENGKANG,34133.9829132929,42075.8777559884,OK,0,0,0,70189,residential,NORTH-EAST REGION,70189,0.0
Ichido Kopitiam City,Ichido Kopitiam CityBlock 277C Compassvale Link #01-13 (Unit 2B) Singapore 543277,543277,Authorised Retailer (FairPrice),1,8,9,matched,1.38233698966981,103.893607838756,277C COMPASSVALE LINK ASPELLA SINGAPORE 543277,SENGKANG,34709.4308580896,40477.4017452449,OK,0,0,0,0,residential,NORTH-EAST REGION,70189,0.0
Hin Teck Leong Trading Company - Whampoa Drive,Hin Teck Leong Trading Company - Whampoa DriveBlock 74 Whampoa Drive #01-342 Singapore 320074,320074,Authorised Retailer,1,15,16,matched,1.32471579654689,103.857752875203,74 WHAMPOA DRIVE WHAMPOA COURT SINGAPORE 320074,NOVENA,30719.2913709041,34105.8726130631,OK,0,0,0,0,commercial,CENTRAL REGION,0,0.0
Hao Mart Geylang Lorong 24,Hao Mart Geylang Lorong 24448 & 450 Geylang Road Singapore 389407,389407,,1,6,7,scraped,1.31317460794729,103.8836465666,448 GEYLANG ROAD GEYLANG CONSERVATION AREA SINGAPORE 389407,GEYLANG,33601.025103502,32829.7502051555,OK,0,0,31514,31514,residential,CENTRAL REGION,31514,0.00022212
Goh Geok Kwee Agency - Redhill Lane,Goh Geok Kwee Agency - Redhill LaneBlock 84 Redhill Lane #01-356 Singapore 150084,150084,Authorised Retailer,1,13,14,matched,1.28708575062296,103.818851050403,84 REDHILL LANE SINGAPORE 150084,BUKIT MERAH,26389.8856514953,29944.9270194583,OK,0,0,0,0,residential,CENTRAL REGION,54157,0.0
Giant VivoCity,Giant VivoCity1 HarbourFront Walk #B2-23/ #01-23 Singapore 098585,098585,Authorised Retailer (FairPrice),1,3,4,matched,1.26431382492761,103.82207343835,1 HARBOURFRONT WALK GOLDEN VILLAGE (GV VIVOCITY) SINGAPORE 098585,BUKIT MERAH,26748.4993302505,27426.9234353155,OK,54157,54157,54157,54157,residential,CENTRAL REGION,54157,7.386e-05
Giant Sembawang Shopping Centre,Giant Sembawang Shopping Centre604 Sembawang Road #B1-25 Sembawang Shopping Centre Singapore 758459,758459,,1,13,14,scraped,1.44175296834191,103.82479165671,604 SEMBAWANG ROAD MY FIRST SKOOL SINGAPORE 758459,SEMBAWANG,27051.0859117657,47047.237293398,OK,0,0,0,0,residential,NORTH REGION,30330,0.0
Giant Greenridge Shopping Centre,Giant Greenridge Shopping Centre524A Jelapang Road #03-13/18 Greenridge Shopping Centre Singapore 671524,671524,Authorised Retailer (FairPrice),1,11,12,matched,1.38529556252963,103.766170532051,524A JELAPANG ROAD AMAZING STAR MONTESSORI HOUSE (GREENRIDGE) SINGAPORE 671524,BUKIT PANJANG,20527.2820040528,40804.5665046293,OK,0,0,0,0,residential,WEST REGION,36896,0.0
Giant Edgefield Plains,Giant Edgefield PlainsBlock 671 Edgefield Plains #02-01 Singapore 820671,820671,,1,10,11,scraped,1.40566048045603,103.911991277154,671 EDGEFIELD PLAINS WATERWAY BANKS SINGAPORE 820671,PUNGGOL,36755.1896675825,43056.4574567489,OK,0,0,55811,55811,residential,NORTH-EAST REGION,55811,0.00019709
Giant Buangkok Crescent,Giant Buangkok CrescentBlock 982 Buangkok Crescent #01-01 Singapore 530982,530982,Authorised Retailer,1,17,18,matched,1.3808503546459,103.879309094304,982 BUANGKOK CRESCENT SINGAPORE 530982,HOUGANG,33118.1645297259,40312.9815477617,OK,0,0,0,70189,residential,NORTH-EAST REGION,57557,0.0
Clifford Gift Shop - Ang Mo Kio Avenue 10,Clifford Gift Shop - Ang Mo Kio Avenue 10Block 555 Ang Mo Kio Avenue 10 #01-1966 Singapore 560555,560555,Authorised Retailer,1,0,1,matched,1.37119666371478,103.85702400572,555 ANG MO KIO AVENUE 10 CHENG SAN PLACE SINGAPORE 560555,ANG MO KIO,30638.1255327351,39245.4890570343,OK,0,0,0,0,residential,NORTH-EAST REGION,51310,0.0
Chua Seng Dept Store,Chua Seng Dept Store343 Bedok Rd Singapore 469526,469526,,1,3,4,scraped,1.33127233921191,103.947268283784,343 BEDOK ROAD SINGAPORE 469526,BEDOK,40681.4305051463,34831.1409933958,OK,0,0,0,0,residential,EAST REGION,64415,0.0
Chop Yeo Thong Heng (International Plaza),Chop Yeo Thong Heng (International Plaza)10 Anson Road #01-68 International Plaza Singapore 079903,079903,,1,3,4,scraped,1.27573568143134,103.845703218601,10 ANSON ROAD CONSULATE-GENERAL OF THE REPUBLIC OF MALTA SINGAPORE 079903,DOWNTOWN CORE,29378.3123014215,28689.89376867,OK,0,0,1995,3990,residential,CENTRAL REGION,1995,0.00200501
Choice Decor Bedok North,Choice Decor Bedok NorthBlk 416 Bedok North Ave 2 #01-31  Singapore 460416,460416,,1,12,13,scraped,1.32840382815915,103.930684870347,416 BEDOK NORTH AVENUE 2 GARDEN HILL SINGAPORE 460416,BEDOK,38835.8776697489,34513.8762255888,OK,0,0,0,64415,residential,EAST REGION,64415,0.0
China Square Betting Centre - Lottery Lobby (Public),China Square Betting Centre - Lottery Lobby (Public)51 Telok Ayer Street #02-00 China Square Food Centre Singapore 048441,048441,,1,2,3,scraped,1.28286636225753,103.849289233227,51 TELOK AYER STREET CHINA SQUARE FOOD CENTRE SINGAPORE 048441,DOWNTOWN CORE,29777.4024467627,29478.3698108234,OK,0,3990,3990,3990,residential,CENTRAL REGION,1995,0.00075188
Cheers Bedok North Street 3,Cheers Bedok North Street 3Block 539 Bedok North Street 3 #01-625 Singapore 460539,460539,,1,18,19,scraped,1.33131386579703,103.925307290709,539 BEDOK NORTH STREET 3 SINGAPORE 460539,BEDOK,38237.3952445192,34835.6307644919,OK,0,0,0,0,residential,EAST REGION,64415,0.0
Bukit Merah Betting Centre - Lottery Lobby (Public),"Bukit Merah Betting Centre - Lottery Lobby (Public)Connection ONE Tower 2/ Block 169, Jalan Bukit Merah, #01-20 Singapore 150169",150169,Betting Centre,1,2,3,matched,1.28331722010432,103.818863104657,169 JALAN BUKIT MERAH CONNECTION ONE SINGAPORE 150169,BUKIT MERAH,26391.2248281669,29528.2223604582,OK,0,0,0,0,residential,CENTRAL REGION,54157,0.0
7-Eleven Store Upper Thomson Road,7-Eleven Store Upper Thomson Road912 Upper Thomson Road Singapore 787113,787113,Authorised Retailer (7-Eleven),1,12,13,matched,1.39896558669188,103.81813440567,912 UPPER THOMSON ROAD SINGAPORE 787113,YISHUN,26310.2060318626,42316.0280552488,OK,0,0,0,0,residential,NORTH REGION,65614,0.0
7-Eleven Store Clementi Street 11,7-Eleven Store Clementi Street 11Block 109 Clementi Street 11 #01-15 Singapore 120109,120109,Authorised Retailer (7-Eleven),1,7,8,matched,1.32198067655559,103.770776117357,109 CLEMENTI STREET 11 SUNSET WAY RESIDENCE SINGAPORE 120109,CLEMENTI,21039.6443275381,33803.5113766864,OK,0,0,0,26730,residential,WEST REGION,26730,0.0
7-Eleven Erskine Rd,7-Eleven Erskine Rd7 Erskine Rd Singapore 069320,069320,,1,8,9,scraped,1.2812137246811,103.845162755022,7B ERSKINE ROAD TELOK AYER CONSERVATION AREA SINGAPORE 069320,OUTRAM,29318.1601925567,29295.6271920782,OK,1995,1995,1995,3990,residential,CENTRAL REGION,1995,0.00451128
7-Eleven Balestier Rd,7-Eleven Balestier Rd271 Balestier Rd #01-01 Victory Point Singapore 329722,329722,,1,1,2,scraped,1.32242229055037,103.852590390225,271 BALESTIER ROAD VICTORY POINT SINGAPORE 329722,NOVENA,30144.7606670856,33852.263412701,OK,0,0,0,0,commercial,CENTRAL REGION,0,0.0
Xie Sheng Departmental Service Company - City Plaza,Xie Sheng Departmental Service Company - City PlazaCity Plaza/ 810 Geylang Road #01-75 Singapore 409286,409286,Authorised Retailer,0,1,1,matched,1.3147868971977,103.893472115119,810 GEYLANG ROAD CITY PLAZA SINGAPORE 409286,GEYLANG,34694.5110424841,33008.0531160496,OK,0,0,31514,31514,residential,CENTRAL REGION,31514,3.173e-05
Thiam Hoon Traders,Thiam Hoon TradersBlk 123 Bukit Merah Lane 1 #01-110 Singapore 150123,150123,,0,7,7,scraped,1.28685131551792,103.804019034892,123 BUKIT MERAH LANE 1 SINGAPORE 150123,BUKIT MERAH,24739.2066005729,29919.0185637046,OK,0,0,0,0,residential,CENTRAL REGION,54157,0.0
The Little Plaza,The Little PlazaBlk 399 Yung Sheng Road #01-07 Taman Jurong Shopping Centre Singapore 610399,610399,Authorised Retailer,0,1,1,matched,1.3350420286067,103.72026802061,399 YUNG SHENG ROAD IMAN CHILDCARE (JURONG) PTE. LTD. SINGAPORE 610399,JURONG WEST,15418.6544969035,35247.9702959526,OK,0,0,0,0,residential,WEST REGION,75206,0.0
Tampines Rovers Football Club,Tampines Rovers Football ClubBlk 824 Tampines St 81 #01-14 Singapore 520824,520824,Authorised Retailer,0,2,2,matched,1.34903743516549,103.932714940894,824 TAMPINES STREET 81 SINGAPORE 520824,TAMPINES,39061.7116364604,36795.4473269135,OK,0,0,0,0,residential,EAST REGION,75342,0.0
STC Racecourse - Kranji 1,STC Racecourse - Kranji 11 Turf Club Avenue Singapore Racecourse Singapore 738078,738078,,0,1,1,scraped,1.41993788166264,103.767403498455,1 TURF CLUB AVENUE BUKIT TIMAH SADDLE CLUB SINGAPORE 738078,SUNGEI KADUT,20664.6033362485,44635.1376007833,OK,0,0,0,0,commercial,NORTH REGION,0,0.0
Singapore Pools Woodlands Centre,Singapore Pools Woodlands Centre1A Woodlands Centre Road #01-26 Singapore 731001,188994,Livewire,0,2,2,matched,1.30117342723628,103.851274599853,210 MIDDLE ROAD SINGAPORE POOLS BUILDING SINGAPORE 188994,ROCHOR,29998.3431398869,31502.6721612159,OK,1995,3990,3990,3990,residential,CENTRAL REGION,1995,0.00050125
Singapore Pools Upp Serangoon Branch,Singapore Pools Upp Serangoon Branch1028 Upper Serangoon Rd Singapore 534766,534766,,0,3,3,scraped,1.36294140003047,103.888499486331,1028 UPPER SERANGOON ROAD TAI PENG GARDENS SINGAPORE 534766,HOUGANG,34140.9852297176,38332.7212929744,OK,57557,57557,57557,57557,residential,NORTH-EAST REGION,57557,5.212e-05
Singapore Pools Commonwealth Crescent Branch,Singapore Pools Commonwealth Crescent BranchBlock 116 Commonwealth Crescent #01-135 Singapore 140116,140116,Branch,0,18,18,matched,1.30697208675745,103.800028892853,116 COMMONWEALTH CRESCENT SINGAPORE 140116,QUEENSTOWN,24295.1665017251,32143.8755450938,OK,0,0,0,0,residential,CENTRAL REGION,36378,0.0
Sheng Siong Woodlands Drive 16,Sheng Siong Woodlands Drive 16Block 573 Woodlands Drive 16 #02-01 Singapore 730573,730573,Authorised Retailer,0,6,6,matched,1.43109807246887,103.798507621177,573 WOODLANDS DRIVE 16 WOODLANDS GLEN SINGAPORE 730573,WOODLANDS,24126.0623640306,45869.1000973862,OK,0,0,0,0,residential,NORTH REGION,70072,0.0
Sheng Siong Tampines Avenue 9,Sheng Siong Tampines Avenue 9Block 602A Tampines Avenue 9 #01-01 Singapore 521602,521602,Authorised Retailer,0,7,7,matched,1.36113645824177,103.937425593435,602A TAMPINES AVENUE 9 TAMPINES GREENRIDGES SINGAPORE 521602,TAMPINES,39585.8980569821,38133.3196905479,OK,0,0,0,0,residential,EAST REGION,75342,0.0
Sheng Siong Senja Close,Sheng Siong Senja CloseBlock 643 Senja Close #01-01 Singapore 670643,670643,Authorised Retailer,0,2,2,matched,1.38790584193931,103.763017336135,643 SENJA CLOSE SENJA VALLEY SINGAPORE 670643,BUKIT PANJANG,20176.3800627245,41093.2083536331,OK,0,0,0,0,residential,WEST REGION,36896,0.0
Sheng Siong Jalan Berseh,Sheng Siong Jalan Berseh1 Jalan Berseh #B1-02 to #B1-22 New World Centre Singapore 209037,209037,Authorised Retailer,0,9,9,matched,1.30778509510261,103.857010982845,1 JALAN BERSEH SINGAPORE 209037,ROCHOR,30636.7439808864,32233.7616801765,OK,0,0,1995,42166,residential,CENTRAL REGION,1995,0.00451128
Sheng Siong Clementi Avenue 6,Sheng Siong Clementi Avenue 6Block 209A Clementi Avenue 6 #01-01 Singapore 121209,121209,Authorised Retailer,0,1,1,matched,1.32220922708728,103.76364056113,209A CLEMENTI AVENUE 6 CLEMENTI NORTHARC SINGAPORE 121209,CLEMENTI,20245.5280282265,33828.804484332,OK,0,0,26730,26730,residential,WEST REGION,26730,3.741e-05
Sheng Siong Canberra Street,Sheng Siong Canberra StreetBlock 105 Canberra Street #02-05 Singapore 750105,750105,Authorised Retailer,0,4,4,matched,1.44885564679911,103.832409172149,105 CANBERRA STREET EASTBROOK @ CANBERRA SINGAPORE 750105,SEMBAWANG,27898.7975179693,47832.6140756272,OK,0,0,0,0,residential,NORTH REGION,30330,0.0
Shell Station Tuas South Avenue 5,Shell Station Tuas South Avenue 5121 Tuas South Avenue 5 Singapore 637365,637365,Authorised Retailer,0,4,4,matched,1.28941779146838,103.625751502111,121 TUAS SOUTH AVENUE 5 SINGAPORE 637365,TUAS,4899.49959083647,30203.729206983,OK,0,0,0,0,commercial,WEST REGION,0,0.0
Seng Yeok Chan Agency,Seng Yeok Chan AgencyBlock 338 Ang Mo Kio Avenue 1 #01-1657 Singapore 560338,560338,Authorised Retailer,0,29,29,matched,1.36361671434232,103.848748276065,338 ANG MO KIO AVENUE 1 SUNSHINE PARK PRESCHOOL LIMITED LIABILITY PARTNERSHIP SINGAPORE 560338,ANG MO KIO,29717.1428865558,38407.329300059,OK,0,0,0,0,residential,NORTH-EAST REGION,51310,0.0
Rangoon Betting Centre - Lottery Lobby (Public),Rangoon Betting Centre - Lottery Lobby (Public)Block 677 Rangoon Road #02-00  Singapore 210677,210677,Betting Centre,0,6,6,matched,1.31252896906352,103.855137853723,677 RANGOON ROAD SINGAPORE 210677,KALLANG,30428.277571355,32758.3130115084,OK,0,0,0,42166,residential,CENTRAL REGION,40171,0.0
Prime Century Square,Prime Century Square2 Tampines Central 5 #B1-07 Century Square Singapore 529509,529509,,0,15,15,scraped,1.35236829566862,103.943812302253,2 TAMPINES CENTRAL 5 CENTURY SQUARE SINGAPORE 529509,TAMPINES,40296.7094797157,37163.8108075112,OK,0,0,0,0,residential,EAST REGION,75342,0.0
Prime Bidadari,Prime BidadariBlock 106 Bidadari Park Drive #01-06 Singapore 340106,340106,,0,1,1,scraped,1.33369947750043,103.870796085779,106 BIDADARI PARK DRIVE ALKAFF VISTA SINGAPORE 340106,TOA PAYOH,32170.8546097009,35099.2603322044,OK,0,0,0,42185,residential,CENTRAL REGION,42185,0.0
Poon Long Heng,Poon Long HengBlk 716 Yishun St 71 #01-276 Singapore 760716,760716,,0,2,2,scraped,1.42621096565013,103.827704108295,716 YISHUN STREET 71 AAVC-ANIMAL & AVIAN VETERINARY CLINIC SINGAPORE 760716,YISHUN,27375.1923638079,45328.6797767468,OK,0,0,0,65614,residential,NORTH REGION,65614,0.0
NTUC FP Punggol Walk,NTUC FP Punggol WalkBlk 308C Punggol Walk  #01-352 Singapore 823308,823308,,0,7,7,scraped,1.40800694944027,103.899074357998,308C PUNGGOL WALK WATERWAY TERRACES I SINGAPORE 823308,PUNGGOL,35317.7061565025,43315.8738724664,OK,0,0,0,55811,residential,NORTH-EAST REGION,55811,0.0
NTUC FairPrice The Woodgrove,NTUC FairPrice The Woodgrove30 Woodlands Avenue 1 #01-11C The Woodgrove Singapore 739065,739065,Authorised Retailer (FairPrice),0,17,17,matched,1.42898765704375,103.780916973423,30 WOODLANDS AVENUE 1 THE WOODGROVE SINGAPORE 739065,WOODLANDS,22168.4812132791,45635.7781039141,OK,0,0,0,0,residential,NORTH REGION,70072,0.0
NTUC FairPrice Tampines North Drive 2,NTUC FairPrice Tampines North Drive 2Block 633 Tampines North Drive 2 #01-01 Singapore 520633,520633,Authorised Retailer (FairPrice),0,1,1,matched,1.36551980812276,103.941330282181,633 TAMPINES NORTH DRIVE 2 TAMPINES GREENCOURT SINGAPORE 520633,TAMPINES,40020.4232032727,38618.0281549972,OK,0,0,0,0,residential,EAST REGION,75342,0.0
NTUC FairPrice Sengkang East Drive,NTUC FairPrice Sengkang East DriveBlock 170B Sengkang East Drive #01-11 Singapore 542170,542170,Authorised Retailer (FairPrice),0,1,1,matched,1.38671838587829,103.909029340508,170B SENGKANG EAST DRIVE RIVERVALE SHORES SINGAPORE 542170,SENGKANG,36425.6340704309,40961.9238497186,OK,0,0,0,0,residential,NORTH-EAST REGION,70189,0.0
NTUC FairPrice Killiney Road,NTUC FairPrice Killiney Road131 Killiney Road #01-01/02/03 Orchard Grand Court Singapore 239571,239571,Authorised Retailer (FairPrice),0,19,19,matched,1.29731616717126,103.838541255824,131 KILLINEY ROAD CGH BUILDING SINGAPORE 239571,RIVER VALLEY,28581.2376699178,31076.1497184802,OK,0,1995,3990,3990,residential,CENTRAL REGION,1995,0.0047619
NTUC FairPrice Greenridge Shopping Centre,NTUC FairPrice Greenridge Shopping CentreGreenridge Shopping Centre/ 524A Jelapang Road #03-13 Singapore 671524,671524,Authorised Retailer (FairPrice),0,1,1,matched,1.38529556252963,103.766170532051,524A JELAPANG ROAD AMAZING STAR MONTESSORI HOUSE (GREENRIDGE) SINGAPORE 671524,BUKIT PANJANG,20527.2820040528,40804.5665046293,OK,0,0,0,0,residential,WEST REGION,36896,0.0
Majestic Betting Centre - Lottery Lobby (Public),Majestic Betting Centre - Lottery Lobby (Public)80 Eu Tong Sen Street #01 The Majestic Singapore 059810,059810,Betting Centre,0,6,6,matched,1.28471077015851,103.843197416212,80 EU TONG SEN STREET THE MAJESTIC SINGAPORE 059810,OUTRAM,29099.4325127937,29682.3114897367,OK,1995,1995,1995,3990,residential,CENTRAL REGION,1995,0.00300752
Lee Wah TV & Electric Co,Lee Wah TV & Electric Co623 Geylang Rd Singapore 389561,389561,,0,14,14,scraped,1.31431455112293,103.887423323191,623A GEYLANG ROAD GEYLANG CONSERVATION AREA SINGAPORE 389561,GEYLANG,34021.3394919736,32955.8080941774,OK,0,31514,31514,31514,residential,CENTRAL REGION,31514,0.00044425
Keppel Credit Union Co-operative Ltd,Keppel Credit Union Co-operative LtdBlk 1 Jalan Bukit Merah #01-4536 Singapore 150001,150001,,0,7,7,scraped,1.28645354030174,103.808242400418,1 JALAN BUKIT MERAH BRICKWORKS ESTATE SINGAPORE 150001,BUKIT MERAH,25209.2313396903,29875.0296186805,OK,0,0,0,0,residential,CENTRAL REGION,54157,0.0
Jurong East Betting Centre - Lottery Lobby (Public),Jurong East Betting Centre - Lottery Lobby (Public)Blk 352 Jurong East St 31 #01-129 Singapore 600352,600352,Authorised Retailer,0,2,2,matched,1.34492289474517,103.730400848037,352 JURONG EAST STREET 31 YUHUA PLACE SINGAPORE 600352,JURONG EAST,16546.3794579934,36340.4981624465,OK,0,0,0,0,residential,WEST REGION,24122,0.0
Hao Mart Westgate,Hao Mart Westgate3 Gateway Drive #B2-01 Westgate Singapore 608532,608532,,0,1,1,scraped,1.33402529481694,103.742586014944,3 GATEWAY DRIVE MY FIRST SKOOL SINGAPORE 608532,JURONG EAST,17902.4121881062,35135.4420140442,OK,0,0,0,0,residential,WEST REGION,24122,0.0
Hao Mart Punggol Walk,Hao Mart Punggol WalkBlk 308C Punggol Walk #01-352 Singapore 823308,823308,,0,4,4,scraped,1.40800694944027,103.899074357998,308C PUNGGOL WALK WATERWAY TERRACES I SINGAPORE 823308,PUNGGOL,35317.7061565025,43315.8738724664,OK,0,0,0,55811,residential,NORTH-EAST REGION,55811,0.0
Giant Tanjong Katong,Giant Tanjong Katong845 Geylang Road #01-08 Tanjong Katong Complex Singapore 400845,400845,,0,2,2,scraped,1.31639445681762,103.894359081999,845 GEYLANG ROAD TANJONG KATONG COMPLEX SINGAPORE 400845,GEYLANG,34793.2176312367,33185.8112940397,OK,0,0,31514,31514,residential,CENTRAL REGION,31514,6.346e-05
Giant Plantation Plaza,Giant Plantation Plaza127 Plantation Crescent #B1-06 Plantation Plaza Singapore 690127,690127,Authorised Retailer,0,2,2,matched,1.35759319436135,103.734174851203,127 PLANTATION CRESCENT PLANTATION PLAZA SINGAPORE 690127,TENGAH,16966.4424405927,37741.4999148957,OK,0,0,0,0,commercial,WEST REGION,0,0.0
Geylang International FC,"Geylang International FC1 Bedok North Street 2, Bedok Stadium Gate 3, Singapore 469642",469642,,0,2,2,scraped,1.32609868101702,103.93881875464,1 BEDOK NORTH STREET 2 BEDOK STADIUM SINGAPORE 469642,BEDOK,39741.1081005028,34259.0215885006,OK,0,0,0,64415,residential,EAST REGION,64415,0.0
Fortune Supermarket Sembawang Drive,Fortune Supermarket Sembawang DriveBlock 463 Sembawang Drive #01-02 Singapore 750463,750463,Authorised Retailer,0,1,1,matched,1.45551208632599,103.814540285666,463 SEMBAWANG DRIVE SEMBAWANG RIVERLODGE SINGAPORE 750463,SEMBAWANG,25910.2799453475,48568.6584937908,OK,0,0,30330,30330,residential,NORTH REGION,30330,3.297e-05
Food Republic i12 Katong,Food Republic i12 Katong112 East Coast Rd i12 Katong #04-01 Singapore 428802,428802,,0,2,2,scraped,1.30520653617341,103.905046110228,112 EAST COAST ROAD 112 KATONG SINGAPORE 428802,MARINE PARADE,35982.6165148774,31948.7392463963,OK,0,0,0,7857,residential,CENTRAL REGION,7857,0.0
Cold Storage Aperia Mall,Cold Storage Aperia Mall12 Kallang Avenue #01-49 Aperia Mall Singapore 339511,339511,Authorised Retailer,0,2,2,matched,1.3097112065077,103.864326436447,12 KALLANG AVENUE APERIA SINGAPORE 339511,KALLANG,31450.8833081266,32446.7500659395,OK,40171,40171,40171,40171,residential,CENTRAL REGION,40171,4.979e-05
Choice Decor Co-Operative Society Ltd,Choice Decor Co-Operative Society LtdBlk 22 Sin Ming Rd #01-232 Singapore 570022,570022,,0,18,18,scraped,1.3572844410824,103.839396679952,22 SIN MING ROAD SINGAPORE 570022,BISHAN,28676.4225484971,37707.1341607384,OK,20072,20072,20072,20072,residential,CENTRAL REGION,20072,0.00089677
China Square Betting Centre - Level 2,"China Square Betting Centre - Level 251 Telok Ayer St, #02-00 Singapore  048441",048441,,0,1,1,scraped,1.28286636225753,103.849289233227,51 TELOK AYER STREET CHINA SQUARE FOOD CENTRE SINGAPORE 048441,DOWNTOWN CORE,29777.4024467627,29478.3698108234,OK,0,3990,3990,3990,residential,CENTRAL REGION,1995,0.00025063
Cheers Northshore Plaza II,Cheers Northshore Plaza II418 Northshore Drive #02-05/06 Northshore Plaza II Singapore 820418,820418,Authorised Retailer,0,6,6,matched,1.41796176594116,103.901323351032,418 NORTHSHORE DRIVE NORTHSHORE PLAZA II SINGAPORE 820418,PUNGGOL,35567.9557922808,44416.6351753548,OK,0,0,0,55811,residential,NORTH-EAST REGION,55811,0.0
Cheers Maude Rd,Cheers Maude Rd87 Maude Rd #01-01 Singapore 208358,208358,,0,2,2,scraped,1.30830240671003,103.857735757768,87 MAUDE ROAD DESKER ROAD CONSERVATION AREA SINGAPORE 208358,KALLANG,30717.4041318512,32290.9641134925,OK,0,0,42166,42166,residential,CENTRAL REGION,40171,4.743e-05
Bukit Merah Betting Centre,Bukit Merah Betting CentreBlock 169 Jalan Bukit Merah #02-20/#03-20 Connection ONE Tower Singapore 150169,150169,Betting Centre,0,1,1,matched,1.28331722010432,103.818863104657,169 JALAN BUKIT MERAH CONNECTION ONE SINGAPORE 150169,BUKIT MERAH,26391.2248281669,29528.2223604582,OK,0,0,0,0,residential,CENTRAL REGION,54157,0.0
Bedok Betting Centre - Lottery Lobby (Public),Bedok Betting Centre - Lottery Lobby (Public)Block 215 Bedok North Street 1 #02-87 Singapore 460215,460215,Betting Centre,0,4,4,matched,1.32607594879214,103.933497473796,215 BEDOK NORTH STREET 1 SINGAPORE 460215,BEDOK,39148.9025589321,34256.4833759218,OK,0,0,0,64415,residential,EAST REGION,64415,0.0
ACE Signature Geylang Road,ACE Signature Geylang Road450 Geylang Road Singapore 389409,389409,Authorised Retailer,0,2,2,matched,1.31318416956181,103.883694389395,450 GEYLANG ROAD GEYLANG CONSERVATION AREA SINGAPORE 389409,GEYLANG,33606.3473046869,32830.807586899,OK,0,0,31514,31514,residential,CENTRAL REGION,31514,6.346e-05
7-Eleven Store Tai Thong Crescent,7-Eleven Store Tai Thong Crescent27 Tai Thong Crescent Singapore 347857,347857,,0,6,6,scraped,1.32908239719806,103.869753021979,27 TAI THONG CRESCENT SENNETT ESTATE SINGAPORE 347857,TOA PAYOH,32054.7800400155,34588.7254079673,OK,0,0,0,42185,residential,CENTRAL REGION,42185,0.0
7-Eleven Store Esplanade MRT Station,7-Eleven Store Esplanade MRT Station90 Bras Basah Road #B1-20/21/22 Esplanade MRT Singapore 189562,189562,Authorised Retailer (7-Eleven),0,11,11,matched,1.2936577245386,103.855081226245,90 BRAS BASAH ROAD ESPLANADE MRT STATION (CC3) SINGAPORE 189562,DOWNTOWN CORE,30421.9934839159,30671.6277715843,OK,0,0,3990,5985,residential,CENTRAL REGION,1995,0.00275689
7-Eleven Store Bedok Road,7-Eleven Store Bedok Road351 Bedok Road Singapore 469539,469539,,0,3,3,scraped,1.33144709315919,103.947134707266,351 BEDOK ROAD SINGAPORE 469539,BEDOK,40666.5639006561,34850.4637412522,OK,0,0,0,0,residential,EAST REGION,64415,0.0
7-Eleven Kim Tian,7-Eleven Kim Tian8 Kim Tian Rd Singapore 169247,169247,,0,1,1,scraped,1.28508532760398,103.82928949121,8 KIM TIAN ROAD KAI FOOK MANSION SINGAPORE 169247,BUKIT MERAH,27551.5960192587,29723.7263546214,OK,0,0,0,0,residential,CENTRAL REGION,54157,0.0
212 SingPost Centre/ 10 Eunos Road 8 #B1-101 to 107 NTUC FairPrice SingPost Cent,212 SingPost Centre/ 10 Eunos Road 8 #B1-101 to 107 NTUC FairPrice SingPost Centre 408600,408600,Authorised Retailer (FairPrice),0,0,0,gra_only,1.31893132637472,103.894482925602,10 EUNOS ROAD 8 GENERAL POST OFFICE SINGAPORE 408600,GEYLANG,34806.9933473254,33466.3257959317,OK,0,0,31514,31514,residential,CENTRAL REGION,31514,0.0
254 11 Bukit Batok West Avenue 3 Shell Station Bukit Batok West Avenue 3 659166,254 11 Bukit Batok West Avenue 3 Shell Station Bukit Batok West Avenue 3 659166,659166,Authorised Retailer,0,0,0,gra_only,1.35022742637166,103.738433107817,11 BUKIT BATOK WEST AVENUE 3 SHELL BUKIT BATOK ROAD SINGAPORE 659166,BUKIT BATOK,17440.3060378162,36927.0107502993,OK,0,0,0,0,residential,WEST REGION,45585,0.0
291 33 Jalan Buroh Smart Energy Jalan Buroh 619487,291 33 Jalan Buroh Smart Energy Jalan Buroh 619487,619487,Authorised Retailer,0,0,0,gra_only,1.31479672339923,103.71490670103,33 JALAN BUROH SMART ENERGY JALAN BUROH SINGAPORE 619487,BOON LAY,14821.8878425993,33009.3715894204,OK,0,0,0,0,commercial,WEST REGION,0,0.0
292 50 Old Toh Tuck Road Cnergy Old Toh Tuck Road 597657,292 50 Old Toh Tuck Road Cnergy Old Toh Tuck Road 597657,597657,Authorised Retailer,0,0,0,gra_only,1.33414944334068,103.758794815698,50 OLD TOH TUCK ROAD CNERGY CNG STATION SINGAPORE 597657,CLEMENTI,19706.2841635775,35149.1091588754,OK,0,0,0,0,residential,WEST REGION,26730,0.0
